episode,steps,team_reward,worker_reward,delivered,makespan,t_last_deliv,idle_drones,reloads,arrivals,blocked,hop2plus,max_reach,comm_loss,env_steps,wall_sec
1,1000,340.0,7.087,29,,983,0,3,17,346,0.644,741.4,0,1000,2.2
2,1000,270.0,-3.214,25,,701,0,2,16,690,0.6325,655.4,0,2000,4.2
3,1000,430.0,9.59,32,,959,0,5,14,502,0.6185,807.5,0,3000,6.1
4,1000,340.0,9.551,26,,978,0,4,15,445,0.6558,743.2,0,4000,8.0
5,1000,290.0,3.442,24,,854,0,3,14,586,0.6248,850.3,0,5000,9.8
6,1000,90.0,-11.904,13,,999,0,0,5,379,0.5172,711.6,0,6000,24.2
7,1000,110.0,-14.565,15,,668,0,0,6,229,0.3762,701.4,0,7000,37.9
8,1000,140.0,-14.435,15,,949,0,1,6,367,0.4368,775.0,0,8000,51.6
9,1000,100.0,-12.346,14,,902,0,0,4,178,0.4795,674.0,0,9000,65.4
10,1000,100.0,-11.081,14,,724,0,0,3,213,0.4965,704.3,0,10000,78.8
11,1000,100.0,-14.23,14,,713,0,0,6,369,0.4228,987.1,0,11000,92.4
12,1000,190.0,-6.89,17,,915,0,2,11,321,0.5095,703.9,0,12000,105.8
13,1000,190.0,7.654,17,,992,0,2,50,96,0.3598,655.6,0,13000,118.9
14,1000,240.0,-1.85,19,,867,0,3,13,288,0.473,609.8,0,14000,131.9
15,1000,200.0,-10.968,18,,954,0,2,12,711,0.6422,870.2,0,15000,145.1
16,1000,270.0,-0.157,22,,945,0,3,12,323,0.573,789.2,0,16000,158.0
17,1000,230.0,3.226,21,,886,0,2,12,263,0.5855,688.0,0,17000,171.0
18,1000,250.0,-6.667,20,,880,0,3,9,746,0.5817,884.7,0,18000,184.2
19,1000,270.0,-3.439,22,,959,0,3,11,676,0.624,716.9,0,19000,197.7
20,1000,280.0,-4.408,26,,943,0,2,11,679,0.6445,772.5,0,20000,211.0
21,1000,410.0,-0.089,30,,1000,0,5,16,730,0.6235,830.5,0,21000,224.1
22,1000,300.0,-11.477,25,,919,0,3,12,949,0.6647,1073.5,0,22000,237.4
23,1000,270.0,-6.555,22,,957,0,3,13,1020,0.62,714.5,0,23000,250.7
24,1000,300.0,-11.241,25,,807,0,3,13,1102,0.6705,725.8,0,24000,264.1
25,1000,360.0,-8.046,28,,991,0,4,16,1138,0.6118,706.0,0,25000,277.5
26,1000,290.0,-4.167,24,,967,0,3,18,918,0.679,763.1,0,26000,290.6
27,1000,290.0,-0.343,24,,942,0,3,14,813,0.6538,835.9,0,27000,303.7
28,1000,290.0,-0.758,27,,987,0,2,18,975,0.6558,783.0,0,28000,317.5
29,1000,270.0,-17.235,25,,993,0,2,16,1513,0.6667,902.9,0,29000,331.4
30,1000,290.0,-18.141,24,,836,0,3,11,1271,0.6235,723.3,0,30000,345.1
31,1000,320.0,-10.405,27,,917,0,3,14,1237,0.662,856.2,0,31000,358.4
32,1000,350.0,-3.032,30,,950,0,3,36,1010,0.626,911.8,0,32000,372.3
33,1000,230.0,-16.012,21,,885,0,2,21,1402,0.6398,637.2,0,33000,386.1
34,1000,360.0,-19.451,28,,963,0,4,15,1502,0.6338,784.7,0,34000,400.1
35,1000,340.0,-3.597,26,,746,0,4,28,962,0.6285,784.7,0,35000,413.5
36,1000,390.0,-6.193,28,,931,0,5,20,1165,0.6365,901.4,0,36000,427.0
37,1000,310.0,-14.626,26,,935,0,3,17,1260,0.661,794.9,0,37000,440.6
38,1000,360.0,-5.616,28,,896,0,4,17,1083,0.632,741.7,0,38000,453.9
39,1000,460.0,8.189,32,,872,0,6,16,637,0.6288,795.8,0,39000,467.1
40,1000,340.0,-1.578,26,,998,0,4,19,891,0.6202,779.5,0,40000,480.4
41,1000,420.0,11.702,31,,930,0,5,23,693,0.6098,888.3,0,41000,493.5
42,1000,310.0,-13.211,26,,983,0,3,14,1067,0.6418,735.2,0,42000,507.0
43,1000,370.0,-3.659,29,,920,0,4,16,873,0.6252,916.2,0,43000,520.1
44,1000,420.0,-0.307,31,,991,0,5,16,870,0.5945,881.8,0,44000,533.6
45,1000,400.0,-8.526,29,,813,0,5,18,1040,0.6485,867.6,0,45000,547.4
46,1000,380.0,-7.11,30,,994,0,4,20,1173,0.6505,902.0,0,46000,561.2
47,1000,400.0,3.794,32,,886,0,4,19,627,0.6452,836.1,0,47000,574.9
48,1000,330.0,19.475,25,,927,0,4,96,731,0.5705,800.2,0,48000,588.3
49,1000,450.0,3.334,34,,945,0,5,27,885,0.6368,856.4,0,49000,601.9
50,1000,440.0,5.646,33,,989,0,5,22,675,0.5833,803.8,0,50000,615.3
51,1000,300.0,32.814,25,,986,0,3,142,622,0.518,826.0,0,51000,648.4
52,1000,310.0,4.358,26,,969,0,3,16,644,0.6255,663.7,0,52000,661.5
53,1000,330.0,1.333,28,,827,0,3,30,752,0.6318,810.5,0,53000,675.1
54,1000,280.0,-8.567,23,,802,0,3,16,978,0.5002,748.1,0,54000,688.1
55,1000,360.0,-4.306,28,,867,0,4,21,810,0.6215,831.1,0,55000,702.1
56,1000,340.0,4.914,29,,907,0,3,39,967,0.6185,808.8,0,56000,715.9
57,1000,370.0,9.345,29,,985,0,4,16,639,0.5825,797.0,0,57000,729.3
58,1000,280.0,4.192,23,,995,0,3,20,581,0.589,710.0,0,58000,742.6
59,1000,290.0,1.661,24,,909,0,3,22,727,0.5405,747.2,0,59000,755.8
60,1000,280.0,-12.064,23,,808,0,3,13,1043,0.6667,741.6,0,60000,769.0
61,1000,300.0,2.559,25,,817,0,3,11,631,0.603,728.4,0,61000,782.2
62,1000,340.0,2.138,29,,943,0,3,15,633,0.6522,793.4,0,62000,795.7
63,1000,310.0,7.201,26,,864,0,3,10,497,0.5453,708.7,0,63000,808.8
64,1000,380.0,-0.821,30,,992,0,4,19,703,0.6065,773.5,0,64000,822.3
65,1000,330.0,2.277,28,,932,0,3,12,464,0.595,850.8,0,65000,835.9
66,1000,290.0,7.949,24,,898,0,3,18,278,0.5262,764.3,0,66000,849.1
67,1000,290.0,4.769,24,,910,0,3,19,703,0.4905,688.9,0,67000,862.4
68,1000,260.0,15.56,24,,982,0,2,41,543,0.4818,732.0,0,68000,875.6
69,1000,370.0,8.251,29,,946,0,4,20,464,0.587,700.6,0,69000,889.1
70,1000,350.0,5.879,27,,988,0,4,14,489,0.5693,824.9,0,70000,902.5
71,1000,290.0,12.481,24,,938,0,3,26,450,0.5505,673.5,0,71000,916.1
72,1000,330.0,6.868,28,,936,0,3,13,543,0.6275,728.9,0,72000,929.5
73,1000,270.0,-2.199,25,,766,0,2,17,706,0.6052,793.8,0,73000,942.7
74,1000,310.0,10.88,23,,792,0,4,19,353,0.4275,608.6,0,74000,956.0
75,1000,280.0,10.973,23,,987,0,3,14,324,0.5337,691.3,0,75000,969.2
76,1000,350.0,5.608,27,,998,0,4,12,671,0.5982,766.4,0,76000,982.6
77,1000,380.0,12.698,30,,994,0,4,14,371,0.4968,796.0,0,77000,996.1
78,1000,270.0,6.11,25,,944,0,2,22,548,0.5208,669.0,0,78000,1009.3
79,1000,350.0,12.12,27,,869,0,4,17,380,0.4893,738.8,0,79000,1023.3
80,1000,320.0,20.211,27,,984,0,3,59,391,0.4753,848.9,0,80000,1036.7
81,1000,370.0,14.608,29,,893,0,4,26,473,0.5105,809.1,0,81000,1050.0
82,1000,240.0,19.645,22,,996,0,2,66,411,0.358,709.1,0,82000,1063.8
83,1000,240.0,13.758,22,,955,0,2,21,266,0.421,736.9,0,83000,1077.4
84,1000,340.0,-12.324,26,,994,0,4,11,1037,0.5865,743.1,0,84000,1090.9
85,1000,400.0,9.587,29,,903,0,5,12,360,0.528,733.4,0,85000,1104.3
86,1000,320.0,5.528,27,,941,0,3,13,512,0.5155,721.5,0,86000,1117.9
87,1000,210.0,1.971,19,,763,0,2,15,439,0.5205,698.9,0,87000,1131.3
88,1000,280.0,16.751,23,,995,0,3,25,312,0.4968,634.1,0,88000,1144.6
89,1000,170.0,12.962,18,,940,0,1,19,364,0.5275,562.7,0,89000,1158.3
90,1000,240.0,9.23,22,,822,0,2,25,448,0.4062,717.1,0,90000,1171.8
91,1000,190.0,1.866,20,,992,0,1,11,389,0.371,715.2,0,91000,1185.5
92,1000,330.0,8.625,25,,985,0,4,13,387,0.5248,787.7,0,92000,1199.4
93,1000,230.0,5.579,21,,902,0,2,12,493,0.411,634.1,0,93000,1213.0
94,1000,290.0,11.45,24,,882,0,3,18,236,0.439,709.8,0,94000,1226.6
95,1000,220.0,9.231,20,,937,0,2,24,372,0.3972,644.8,0,95000,1240.2
96,1000,190.0,9.895,20,,986,0,1,8,60,0.2615,562.0,0,96000,1253.8
97,1000,250.0,7.774,23,,958,0,2,19,353,0.388,703.2,0,97000,1267.3
98,1000,310.0,4.061,23,,905,0,4,15,504,0.5437,683.5,0,98000,1280.9
99,1000,240.0,7.82,22,,983,0,2,24,343,0.555,735.1,0,99000,1294.6
100,1000,220.0,8.691,20,,857,0,2,15,159,0.3658,583.7,0,100000,1308.1
101,1000,280.0,7.229,23,,874,0,3,13,349,0.5665,712.6,0,101000,1340.8
102,1000,240.0,3.135,22,,825,0,2,7,460,0.5587,712.8,0,102000,1354.2
103,1000,180.0,5.878,19,,884,0,1,28,431,0.385,631.9,0,103000,1367.5
104,1000,290.0,9.835,24,,897,0,3,27,262,0.4562,697.7,0,104000,1380.7
105,1000,260.0,14.38,24,,944,0,2,13,205,0.4652,665.8,0,105000,1393.9
106,1000,310.0,4.404,23,,888,0,4,12,356,0.53,790.1,0,106000,1407.3
107,1000,210.0,16.7,19,,937,0,2,35,76,0.2782,581.5,0,107000,1420.6
108,1000,320.0,3.997,24,,830,0,4,15,479,0.5807,738.2,0,108000,1434.1
109,1000,220.0,11.14,20,,645,0,2,13,224,0.4325,694.6,0,109000,1447.4
110,1000,270.0,11.121,22,,909,0,3,19,245,0.3588,616.2,0,110000,1460.8
111,1000,250.0,4.547,20,,857,0,3,14,338,0.5122,698.6,0,111000,1474.1
112,1000,250.0,9.018,23,,944,0,2,13,316,0.4412,599.0,0,112000,1487.4
113,1000,260.0,10.636,21,,976,0,3,26,381,0.4713,746.5,0,113000,1500.6
114,1000,200.0,16.017,18,,999,0,2,16,280,0.3593,618.5,0,114000,1514.3
115,1000,260.0,15.057,24,,982,0,2,22,128,0.3613,710.9,0,115000,1527.7
116,1000,240.0,5.486,22,,906,0,2,11,281,0.467,637.7,0,116000,1541.0
117,1000,160.0,1.284,17,,892,0,1,18,426,0.2863,569.1,0,117000,1554.3
118,1000,230.0,14.894,18,,806,0,3,24,60,0.302,669.0,0,118000,1567.6
119,1000,90.0,9.013,13,,977,0,0,16,72,0.1903,592.8,0,119000,1581.0
120,1000,60.0,3.901,10,,985,0,0,17,92,0.1,598.1,0,120000,1594.4
121,1000,170.0,9.163,18,,956,0,1,13,105,0.165,623.7,0,121000,1607.9
122,1000,150.0,8.756,16,,958,0,1,16,74,0.223,604.1,0,122000,1621.4
123,1000,140.0,12.702,15,,997,0,1,34,163,0.2028,554.2,0,123000,1634.8
124,1000,220.0,1.107,20,,876,0,2,11,319,0.4537,643.4,0,124000,1648.3
125,1000,130.0,5.17,14,,990,0,1,19,335,0.2188,655.7,0,125000,1661.5
126,1000,240.0,12.88,22,,997,0,2,11,123,0.407,706.0,0,126000,1674.9
127,1000,200.0,4.079,18,,875,0,2,12,88,0.3277,647.4,0,127000,1688.1
128,1000,120.0,2.417,13,,957,0,1,12,242,0.2462,599.5,0,128000,1701.4
129,1000,300.0,11.79,25,,993,0,3,20,217,0.5205,706.7,0,129000,1714.7
130,1000,80.0,7.27,12,,846,0,0,22,138,0.226,492.8,0,130000,1728.0
131,1000,110.0,13.855,12,,987,0,1,44,213,0.218,499.8,0,131000,1741.3
132,1000,180.0,11.772,19,,992,0,1,52,321,0.2868,738.9,0,132000,1754.8
133,1000,150.0,5.162,16,,989,0,1,41,258,0.254,609.0,0,133000,1768.4
134,1000,180.0,5.766,16,,952,0,2,33,258,0.36,681.6,0,134000,1781.8
135,1000,260.0,5.443,21,,892,0,3,54,655,0.418,860.8,0,135000,1795.3
136,1000,120.0,21.962,13,,992,0,1,79,130,0.1698,519.5,0,136000,1809.0
137,1000,90.0,12.676,13,,985,0,0,53,208,0.2308,545.4,0,137000,1822.3
138,1000,110.0,16.568,12,,746,0,1,46,133,0.1898,637.7,0,138000,1835.4
139,1000,80.0,3.133,12,,840,0,0,60,494,0.1968,556.6,0,139000,1848.7
140,1000,110.0,14.942,15,,720,0,0,68,175,0.2505,555.1,0,140000,1862.0
141,1000,230.0,7.663,21,,989,0,2,9,76,0.2347,621.1,0,141000,1875.5
142,1000,70.0,35.439,11,,993,0,0,78,1,0.121,519.0,0,142000,1889.3
143,1000,70.0,24.885,11,,717,0,0,77,72,0.2115,584.9,0,143000,1903.0
144,1000,90.0,31.029,13,,621,0,0,103,26,0.14,535.6,0,144000,1916.7
145,1000,130.0,15.763,14,,977,0,1,37,7,0.1472,523.9,0,145000,1930.2
146,1000,60.0,25.999,10,,727,0,0,59,21,0.092,484.9,0,146000,1943.4
147,1000,120.0,21.552,13,,800,0,1,66,265,0.1368,547.3,0,147000,1957.1
148,1000,80.0,71.597,12,,835,0,0,263,94,0.1492,510.9,0,148000,1970.6
149,1000,100.0,24.257,11,,803,0,1,83,17,0.0925,556.2,0,149000,1983.9
150,1000,110.0,19.519,15,,900,0,0,52,34,0.223,561.7,0,150000,1997.4
151,1000,90.0,15.665,13,,944,0,0,63,65,0.1688,531.3,0,151000,2029.6
152,1000,100.0,17.926,14,,993,0,0,68,120,0.1883,598.2,0,152000,2043.2
153,1000,70.0,17.529,11,,828,0,0,46,18,0.1472,476.8,0,153000,2056.6
154,1000,160.0,17.632,17,,587,0,1,50,79,0.2372,547.1,0,154000,2069.8
155,1000,60.0,3.87,10,,828,0,0,49,325,0.2115,489.9,0,155000,2083.4
156,1000,40.0,31.166,8,,881,0,0,101,0,0.0648,520.1,0,156000,2096.8
157,1000,150.0,25.47,16,,827,0,1,96,143,0.2057,566.3,0,157000,2110.2
158,1000,30.0,19.348,7,,181,0,0,76,115,0.055,416.7,0,158000,2123.6
159,1000,60.0,14.726,10,,728,0,0,47,121,0.115,490.3,0,159000,2137.1
160,1000,20.0,33.777,6,,605,0,0,119,18,0.0425,450.5,0,160000,2150.3
161,1000,10.0,23.254,5,,34,0,0,69,25,0.0583,447.6,0,161000,2163.9
162,1000,50.0,9.974,9,,974,0,0,45,177,0.1153,474.7,0,162000,2177.6
163,1000,50.0,15.279,9,,975,0,0,59,69,0.0825,461.0,0,163000,2190.9
164,1000,60.0,12.69,10,,557,0,0,81,286,0.133,549.8,0,164000,2204.4
165,1000,30.0,28.478,7,,459,0,0,108,46,0.1742,551.3,0,165000,2218.3
166,1000,50.0,1.312,9,,717,0,0,35,329,0.1298,494.0,0,166000,2232.0
167,1000,60.0,7.957,10,,797,0,0,72,329,0.1527,526.0,0,167000,2245.6
168,1000,40.0,13.576,8,,917,0,0,66,207,0.131,502.7,0,168000,2258.9
169,1000,50.0,-7.418,9,,995,0,0,14,455,0.2815,589.9,0,169000,2272.4
170,1000,50.0,6.166,9,,986,0,0,19,48,0.0973,555.7,0,170000,2285.7
171,1000,40.0,12.121,8,,308,0,0,58,150,0.1103,518.8,0,171000,2298.9
172,1000,40.0,21.755,8,,790,0,0,85,60,0.0575,475.2,0,172000,2312.1
173,1000,30.0,16.598,7,,612,0,0,67,106,0.0315,416.6,0,173000,2325.5
174,1000,80.0,-6.455,12,,634,0,0,33,483,0.1948,529.2,0,174000,2339.0
175,1000,40.0,0.043,8,,435,0,0,26,13,0.0315,367.1,0,175000,2352.7
176,1000,40.0,0.898,8,,228,0,0,23,65,0.0663,482.5,0,176000,2366.0
177,1000,40.0,14.999,8,,650,0,0,81,63,0.0862,423.3,0,177000,2379.5
178,1000,80.0,20.089,12,,858,0,0,69,70,0.1832,598.9,0,178000,2393.0
179,1000,60.0,5.365,10,,915,0,0,30,70,0.1258,531.9,0,179000,2406.3
180,1000,30.0,21.604,7,,147,0,0,124,47,0.0498,439.1,0,180000,2419.7
181,1000,50.0,-4.938,9,,596,0,0,15,214,0.1075,489.8,0,181000,2433.3
182,1000,30.0,11.473,7,,415,0,0,66,33,0.0083,313.4,0,182000,2446.7
183,1000,50.0,8.396,9,,496,0,0,79,0,0.0478,471.2,0,183000,2460.1
184,1000,30.0,2.935,7,,622,0,0,50,145,0.0688,522.9,0,184000,2473.7
185,1000,90.0,4.55,13,,983,0,0,48,234,0.1265,535.2,0,185000,2486.8
186,1000,40.0,14.82,8,,691,0,0,84,63,0.0403,498.3,0,186000,2500.1
187,1000,30.0,-0.147,7,,342,0,0,29,236,0.0795,427.1,0,187000,2513.7
188,1000,110.0,7.737,12,,979,0,1,51,235,0.1192,531.3,0,188000,2527.0
189,1000,40.0,20.6,8,,959,0,0,120,230,0.093,474.8,0,189000,2540.2
190,1000,30.0,3.022,7,,444,0,0,61,287,0.1165,476.1,0,190000,2553.5
191,1000,30.0,5.213,7,,798,0,0,39,1,0.0688,614.6,0,191000,2566.8
192,1000,20.0,9.456,6,,864,0,0,38,15,0.0297,500.8,0,192000,2580.0
193,1000,20.0,18.069,6,,439,0,0,102,348,0.0907,469.7,0,193000,2593.2
194,1000,20.0,15.389,6,,574,0,0,85,0,0.0173,381.7,0,194000,2606.7
195,1000,10.0,-1.524,5,,152,0,0,31,6,0.0232,409.3,0,195000,2620.2
196,1000,90.0,2.035,13,,790,0,0,45,83,0.119,523.6,0,196000,2633.4
197,1000,40.0,13.083,8,,620,0,0,85,4,0.0548,506.7,0,197000,2646.6
198,1000,110.0,-4.828,12,,862,0,1,27,214,0.2095,565.6,0,198000,2659.9
199,1000,30.0,2.309,7,,538,0,0,31,16,0.0862,441.1,0,199000,2673.3
200,1000,70.0,1.176,11,,339,0,0,34,67,0.088,559.4,0,200000,2686.8
201,1000,60.0,6.335,10,,511,0,0,72,229,0.089,525.9,0,201000,2721.6
202,1000,50.0,-1.323,9,,973,0,0,14,23,0.0915,532.7,0,202000,2734.9
203,1000,10.0,4.396,5,,553,0,0,24,10,0.1205,469.8,0,203000,2748.5
204,1000,20.0,5.347,6,,950,0,0,32,26,0.0695,440.1,0,204000,2762.0
205,1000,20.0,15.967,6,,738,0,0,70,0,0.0747,477.6,0,205000,2775.0
206,1000,10.0,6.484,5,,76,0,0,46,28,0.0777,446.7,0,206000,2788.4
207,1000,10.0,1.308,5,,922,0,0,17,0,0.0338,431.8,0,207000,2802.1
208,1000,20.0,5.867,6,,264,0,0,47,2,0.0408,402.3,0,208000,2815.5
209,1000,50.0,22.287,9,,967,0,0,129,76,0.056,424.6,0,209000,2828.7
210,1000,10.0,10.792,5,,109,0,0,43,14,0.0272,428.0,0,210000,2842.1
211,1000,50.0,3.104,9,,637,0,0,49,3,0.0372,419.5,0,211000,2855.7
212,1000,100.0,6.186,11,,925,0,1,37,63,0.1105,566.3,0,212000,2869.4
213,1000,20.0,0.61,6,,176,0,0,24,27,0.069,511.5,0,213000,2882.9
214,1000,100.0,1.678,11,,1000,0,1,39,36,0.1032,557.9,0,214000,2896.3
215,1000,20.0,0.819,6,,229,0,0,15,10,0.0442,401.3,0,215000,2910.0
216,1000,10.0,11.191,5,,115,0,0,56,0,0.02,401.6,0,216000,2923.6
217,1000,110.0,-0.474,12,,863,0,1,47,146,0.2225,707.5,0,217000,2936.9
218,1000,50.0,15.728,9,,850,0,0,116,329,0.1217,389.5,0,218000,2950.3
219,1000,40.0,-8.2,8,,390,0,0,51,450,0.173,667.5,0,219000,2964.0
220,1000,100.0,0.973,11,,910,0,1,35,188,0.107,544.4,0,220000,2977.3
221,1000,50.0,36.233,9,,388,0,0,183,0,0.0488,429.9,0,221000,2990.8
222,1000,40.0,3.585,8,,240,0,0,33,4,0.0555,485.7,0,222000,3004.4
223,1000,90.0,-4.871,10,,763,0,1,13,57,0.1552,444.5,0,223000,3018.0
224,1000,40.0,14.656,8,,813,0,0,84,0,0.0328,434.3,0,224000,3031.2
225,1000,40.0,48.23,8,,418,0,0,222,5,0.0127,350.5,0,225000,3044.8
226,1000,40.0,8.293,8,,711,0,0,66,32,0.0683,431.1,0,226000,3058.0
227,1000,160.0,-7.422,17,,999,0,1,17,240,0.3485,690.0,0,227000,3071.3
228,1000,70.0,12.26,11,,609,0,0,68,55,0.0727,603.9,0,228000,3084.8
229,1000,50.0,20.62,9,,384,0,0,93,32,0.0545,487.6,0,229000,3098.1
230,1000,40.0,3.498,8,,905,0,0,42,105,0.1883,473.7,0,230000,3111.2
231,1000,110.0,3.019,15,,1000,0,0,29,109,0.2425,654.0,0,231000,3124.8
232,1000,120.0,4.491,13,,725,0,1,58,347,0.1845,707.5,0,232000,3138.3
233,1000,70.0,-2.904,11,,844,0,0,37,196,0.4417,794.1,0,233000,3151.8
234,1000,90.0,-2.808,10,,740,0,1,6,194,0.3157,514.5,0,234000,3165.5
235,1000,150.0,-17.405,16,,862,0,1,8,620,0.361,839.3,0,235000,3179.3
236,1000,40.0,18.889,8,,504,0,0,116,185,0.0683,433.2,0,236000,3192.8
237,1000,150.0,-21.49,16,,964,0,1,20,1045,0.4078,949.0,0,237000,3206.6
238,1000,80.0,3.538,12,,985,0,0,71,492,0.2495,684.9,0,238000,3219.9
239,1000,170.0,-19.709,18,,850,0,1,19,791,0.4437,969.5,0,239000,3233.6
240,1000,220.0,2.421,20,,996,0,2,31,230,0.2807,743.5,0,240000,3247.3
241,1000,60.0,4.914,10,,453,0,0,51,62,0.1772,554.2,0,241000,3260.4
242,1000,60.0,7.083,10,,901,0,0,64,5,0.0473,471.5,0,242000,3273.6
243,1000,180.0,-22.427,19,,984,0,1,4,820,0.5367,934.5,0,243000,3287.2
244,1000,60.0,18.569,10,,332,0,0,108,117,0.1113,466.6,0,244000,3300.4
245,1000,60.0,19.796,10,,403,0,0,106,107,0.0897,448.9,0,245000,3313.8
246,1000,130.0,-8.497,14,,997,0,1,18,263,0.1852,719.1,0,246000,3327.3
247,1000,50.0,3.261,9,,615,0,0,91,616,0.1923,478.5,0,247000,3340.9
248,1000,120.0,-0.428,13,,974,0,1,47,345,0.211,562.1,0,248000,3354.3
249,1000,80.0,2.054,12,,694,0,0,51,137,0.2452,541.5,0,249000,3368.0
250,1000,140.0,-8.731,15,,874,0,1,38,524,0.3195,648.9,0,250000,3381.4
251,1000,70.0,-1.89,11,,970,0,0,52,591,0.2125,535.5,0,251000,3417.7
252,1000,120.0,-1.483,13,,617,0,1,41,236,0.163,478.8,0,252000,3431.2
253,1000,40.0,-7.856,8,,339,0,0,25,306,0.1515,482.4,0,253000,3444.5
254,1000,50.0,-8.653,9,,358,0,0,18,407,0.2425,507.2,0,254000,3458.0
255,1000,80.0,-10.276,12,,453,0,0,9,163,0.1857,507.2,0,255000,3471.4
256,1000,70.0,-0.319,11,,377,0,0,43,107,0.124,611.8,0,256000,3484.5
257,1000,70.0,-27.705,11,,983,0,0,9,1175,0.2112,569.6,0,257000,3498.2
258,1000,70.0,14.862,11,,513,0,0,75,0,0.0415,435.5,0,258000,3511.6
259,1000,60.0,-12.287,10,,531,0,0,8,152,0.186,450.7,0,259000,3525.3
260,1000,60.0,-8.288,10,,243,0,0,33,249,0.1573,500.6,0,260000,3538.5
261,1000,70.0,-2.903,11,,393,0,0,39,164,0.113,527.8,0,261000,3551.8
262,1000,50.0,6.148,9,,172,0,0,65,104,0.045,407.2,0,262000,3565.4
263,1000,50.0,0.489,9,,822,0,0,53,174,0.162,451.9,0,263000,3578.8
264,1000,140.0,-8.419,15,,845,0,1,22,293,0.3448,702.1,0,264000,3592.2
265,1000,70.0,-8.785,11,,766,0,0,16,14,0.0862,536.2,0,265000,3605.4
266,1000,40.0,-1.288,8,,162,0,0,31,82,0.052,426.7,0,266000,3618.9
267,1000,40.0,-3.588,8,,269,0,0,25,84,0.0767,430.1,0,267000,3632.3
268,1000,50.0,2.592,9,,615,0,0,57,109,0.0505,399.7,0,268000,3645.6
269,1000,50.0,-2.93,9,,360,0,0,39,0,0.0568,395.6,0,269000,3659.0
270,1000,50.0,-15.867,9,,513,0,0,5,31,0.055,444.5,0,270000,3672.1
271,1000,30.0,-15.083,7,,180,0,0,10,270,0.1258,439.4,0,271000,3685.4
272,1000,40.0,-8.467,8,,234,0,0,13,4,0.0215,357.7,0,272000,3698.6
273,1000,50.0,-12.541,9,,633,0,0,18,104,0.092,519.5,0,273000,3711.9
274,1000,30.0,-15.519,7,,128,0,0,5,10,0.0105,348.2,0,274000,3725.3
275,1000,40.0,-4.885,8,,460,1,0,16,3,0.0515,440.0,0,275000,3738.6
276,1000,30.0,-4.946,7,,192,0,0,21,64,0.0777,477.6,0,276000,3752.0
277,1000,50.0,-2.11,9,,744,0,0,11,10,0.1913,506.9,0,277000,3765.2
278,1000,40.0,-4.181,8,,307,0,0,32,20,0.0717,418.9,0,278000,3778.7
279,1000,50.0,7.774,9,,597,0,0,80,12,0.0668,438.4,0,279000,3791.9
280,1000,30.0,-9.246,7,,225,0,0,17,6,0.0335,367.8,0,280000,3805.3
281,1000,40.0,3.046,8,,435,0,0,50,32,0.0393,597.7,0,281000,3818.6
282,1000,30.0,1.81,7,,257,0,0,62,122,0.062,421.5,0,282000,3832.2
283,1000,30.0,22.413,7,,287,0,0,143,12,0.0475,437.8,0,283000,3845.4
284,1000,30.0,4.159,7,,225,0,0,55,14,0.0163,334.6,0,284000,3858.7
285,1000,50.0,5.33,9,,219,0,0,79,59,0.031,467.1,0,285000,3872.0
286,1000,30.0,16.019,7,,186,0,0,110,93,0.0435,405.3,0,286000,3885.7
287,1000,60.0,-2.597,10,,648,0,0,23,71,0.1708,591.8,0,287000,3899.1
288,1000,30.0,6.61,7,,433,0,0,67,21,0.0198,428.3,0,288000,3912.4
289,1000,30.0,14.409,7,,487,0,0,95,11,0.026,366.5,0,289000,3925.8
290,1000,50.0,-1.829,9,,365,0,0,39,114,0.0495,551.8,0,290000,3939.0
291,1000,40.0,1.499,8,,627,0,0,36,3,0.078,478.4,0,291000,3952.4
292,1000,30.0,24.516,7,,388,0,0,138,70,0.0473,496.9,0,292000,3965.8
293,1000,40.0,32.087,8,,358,0,0,169,25,0.0462,473.9,0,293000,3979.3
294,1000,20.0,4.869,6,,248,1,0,83,280,0.0648,518.6,0,294000,3992.5
295,1000,20.0,-3.514,6,,395,0,0,32,2,0.0367,443.0,0,295000,4005.7
296,1000,40.0,7.399,8,,679,0,0,68,31,0.0262,422.1,0,296000,4019.0
297,1000,30.0,35.941,7,,256,0,0,189,0,0.0073,330.8,0,297000,4032.3
298,1000,50.0,-10.808,9,,840,0,0,16,231,0.183,530.2,0,298000,4045.9
299,1000,30.0,-10.042,7,,917,0,0,5,9,0.0488,463.6,0,299000,4059.3
300,1000,20.0,-10.076,6,,226,0,0,4,18,0.0532,450.8,0,300000,4072.5
301,1000,60.0,-5.308,10,,828,0,0,15,1,0.0488,425.6,0,301000,4102.9
302,1000,20.0,-6.713,6,,526,0,0,17,141,0.0845,505.1,0,302000,4116.1
303,1000,30.0,16.567,7,,595,0,0,95,0,0.022,390.7,0,303000,4129.6
304,1000,0.0,-9.579,4,,100,0,0,0,0,0.0112,389.6,0,304000,4143.0
305,1000,30.0,-2.863,7,,708,0,0,22,14,0.0367,395.2,0,305000,4156.6
306,1000,30.0,-7.539,7,,997,0,0,18,0,0.0073,332.0,0,306000,4169.8
307,1000,30.0,-8.765,7,,818,0,0,14,154,0.0855,481.8,0,307000,4183.4
308,1000,30.0,-5.758,7,,965,0,0,24,0,0.012,325.0,0,308000,4196.7
309,1000,10.0,-6.706,5,,295,0,0,12,0,0.0715,436.3,0,309000,4210.4
310,1000,40.0,11.021,8,,731,0,0,101,55,0.0705,473.3,0,310000,4223.7
311,1000,20.0,-4.708,6,,179,0,0,16,0,0.0158,372.5,0,311000,4237.1
312,1000,20.0,-8.975,6,,961,0,0,9,0,0.0592,400.4,0,312000,4250.4
313,1000,70.0,-12.421,11,,926,0,0,2,206,0.2308,551.0,0,313000,4264.0
314,1000,30.0,-11.863,7,,877,0,0,10,1,0.0813,464.3,0,314000,4277.4
315,1000,60.0,-5.733,10,,516,0,0,17,13,0.0663,457.9,0,315000,4290.4
316,1000,20.0,-7.361,6,,724,0,0,5,18,0.0152,415.9,0,316000,4304.0
317,1000,80.0,-13.119,12,,966,0,0,2,243,0.1547,502.5,0,317000,4317.7
318,1000,30.0,-6.609,7,,661,0,0,16,0,0.0488,429.6,0,318000,4331.4
319,1000,30.0,-8.702,7,,813,0,0,4,1,0.035,386.8,0,319000,4344.5
320,1000,50.0,-5.245,9,,752,0,0,8,27,0.0545,508.3,0,320000,4357.9
321,1000,40.0,3.982,8,,657,0,0,65,63,0.0648,432.4,0,321000,4371.2
322,1000,30.0,-5.925,7,,566,0,0,20,117,0.0835,452.9,0,322000,4384.4
323,1000,90.0,-4.048,10,,973,0,1,36,122,0.2112,528.5,0,323000,4398.1
324,1000,50.0,3.064,9,,245,0,0,66,42,0.0478,530.0,0,324000,4411.2
325,1000,20.0,-9.72,6,,402,0,0,0,17,0.0517,397.6,0,325000,4424.6
326,1000,20.0,-0.425,6,,274,0,0,39,36,0.0328,384.8,0,326000,4437.9
327,1000,20.0,-8.916,6,,954,0,0,6,0,0.014,375.7,0,327000,4451.3
328,1000,30.0,5.503,7,,713,0,0,56,0,0.0138,363.7,0,328000,4464.5
329,1000,50.0,-8.926,9,,823,0,0,16,115,0.1752,559.5,0,329000,4478.0
330,1000,30.0,-8.377,7,,315,0,0,23,7,0.0435,418.9,0,330000,4491.2
331,1000,20.0,-10.086,6,,267,0,0,4,7,0.1168,439.3,0,331000,4504.6
332,1000,50.0,-3.514,9,,760,0,0,33,118,0.1255,458.2,0,332000,4517.8
333,1000,20.0,-7.637,6,,90,0,0,5,0,0.1872,440.3,0,333000,4531.5
334,1000,50.0,-13.975,9,,650,1,0,8,211,0.144,469.5,0,334000,4545.4
335,1000,30.0,21.915,7,,358,0,0,122,40,0.0158,340.4,0,335000,4558.6
336,1000,50.0,1.383,9,,978,0,0,48,19,0.0673,447.6,0,336000,4571.8
337,1000,30.0,-7.088,7,,303,0,0,10,8,0.0278,385.0,0,337000,4585.3
338,1000,40.0,-11.304,8,,407,1,0,28,323,0.3145,575.9,0,338000,4598.8
339,1000,40.0,-0.578,8,,725,0,0,54,262,0.0717,514.3,0,339000,4612.3
340,1000,20.0,1.084,6,,117,1,0,80,545,0.101,394.9,0,340000,4625.7
341,1000,20.0,4.416,6,,277,1,0,58,7,0.011,368.7,0,341000,4639.1
342,1000,40.0,-11.853,8,,892,0,0,8,23,0.0985,437.1,0,342000,4652.3
343,1000,30.0,39.858,7,,499,0,0,210,277,0.0503,333.1,0,343000,4665.5
344,1000,50.0,-1.056,9,,677,0,0,46,127,0.0707,517.5,0,344000,4678.8
345,1000,20.0,-1.83,6,,538,1,0,27,81,0.082,522.3,0,345000,4692.4
346,1000,20.0,-9.396,6,,197,1,0,16,137,0.089,469.6,0,346000,4706.3
347,1000,30.0,-9.453,7,,680,0,0,46,419,0.23,546.4,0,347000,4721.1
348,1000,20.0,-5.531,6,,437,0,0,9,38,0.0152,336.4,0,348000,4736.2
349,1000,30.0,20.623,7,,345,0,0,109,19,0.041,527.7,0,349000,4750.5
350,1000,10.0,-9.261,5,,395,1,0,9,21,0.0595,472.6,0,350000,4764.7
351,1000,30.0,17.258,7,,658,0,0,104,49,0.07,507.8,0,351000,4800.9
352,1000,30.0,-1.111,7,,880,0,0,47,11,0.0922,472.0,0,352000,4814.6
353,1000,30.0,17.431,7,,289,1,0,118,38,0.0688,536.6,0,353000,4828.0
354,1000,30.0,41.164,7,,189,1,0,197,14,0.0222,409.5,0,354000,4841.9
355,1000,50.0,34.449,9,,290,0,0,174,95,0.0783,439.0,0,355000,4855.5
356,1000,30.0,33.564,7,,335,0,0,169,56,0.0493,355.9,0,356000,4869.4
357,1000,30.0,63.067,7,,360,0,0,288,50,0.037,369.4,0,357000,4883.1
358,1000,20.0,60.885,6,,159,1,0,283,35,0.0452,446.5,0,358000,4896.5
359,1000,20.0,107.859,6,,154,1,0,467,46,0.0335,377.3,0,359000,4910.2
360,1000,50.0,16.8,9,,692,0,0,110,123,0.112,468.6,0,360000,4924.2
361,1000,20.0,11.199,6,,230,0,0,78,159,0.0742,504.8,0,361000,4937.9
362,1000,30.0,19.983,7,,469,0,0,122,142,0.0732,354.8,0,362000,4951.9
363,1000,30.0,0.358,7,,863,0,0,44,50,0.1735,502.5,0,363000,4965.5
364,1000,30.0,12.826,7,,544,0,0,103,263,0.1487,446.5,0,364000,4979.2
365,1000,40.0,33.026,8,,839,0,0,173,269,0.074,385.5,0,365000,4992.8
366,1000,30.0,6.282,7,,390,0,0,89,505,0.1512,450.7,0,366000,5006.5
367,1000,60.0,81.838,10,,314,0,0,366,34,0.0395,423.9,0,367000,5020.2
368,1000,60.0,28.069,10,,606,0,0,147,39,0.0563,436.4,0,368000,5034.2
369,1000,40.0,124.784,8,,130,0,0,527,0,0.0132,430.7,0,369000,5047.9
370,1000,30.0,62.464,7,,930,0,0,310,402,0.127,492.7,0,370000,5061.6
371,1000,40.0,90.008,8,,303,0,0,382,33,0.0185,375.2,0,371000,5075.0
372,1000,60.0,30.355,10,,621,0,0,172,207,0.1477,504.0,0,372000,5088.8
373,1000,30.0,39.403,7,,236,1,0,233,642,0.102,374.4,0,373000,5102.7
374,1000,50.0,77.884,9,,389,0,0,347,37,0.0283,384.2,0,374000,5116.2
375,1000,30.0,67.076,7,,367,0,0,328,290,0.0853,415.4,0,375000,5129.8
376,1000,50.0,138.11,9,,314,0,0,586,4,0.0267,413.0,0,376000,5143.2
377,1000,50.0,17.272,9,,522,0,0,101,44,0.0595,436.5,0,377000,5156.9
378,1000,30.0,87.371,7,,657,0,0,397,306,0.07,373.3,0,378000,5170.6
379,1000,60.0,2.995,7,,200,2,1,51,7,0.0612,390.1,0,379000,5184.5
380,1000,20.0,-5.215,6,,501,1,0,8,152,0.1678,425.7,0,380000,5198.2
381,1000,20.0,6.891,6,,885,1,0,59,22,0.0302,432.6,0,381000,5212.5
382,1000,30.0,39.88,7,,933,0,0,189,31,0.03,408.2,0,382000,5225.9
383,1000,-10.0,-7.334,3,,267,3,0,0,0,0.012,341.8,0,383000,5239.9
384,1000,10.0,-16.134,5,,418,2,0,2,402,0.4672,533.2,0,384000,5253.8
385,1000,-10.0,-8.515,3,,590,3,0,0,52,0.0158,359.1,0,385000,5267.5
386,1000,-40.0,-9.319,0,,0,4,0,0,0,0.0,133.5,0,386000,5281.0
387,1000,20.0,-9.168,6,,915,1,0,15,22,0.0372,387.6,0,387000,5294.8
388,1000,40.0,13.479,8,,919,1,0,97,34,0.0578,444.9,0,388000,5307.9
389,1000,20.0,7.433,6,,838,1,0,61,0,0.0225,381.9,0,389000,5321.5
390,1000,30.0,22.526,7,,909,0,0,120,3,0.011,347.8,0,390000,5335.4
391,1000,-40.0,-7.534,0,,0,4,0,0,0,0.0,135.0,0,391000,5349.4
392,1000,-40.0,-7.591,0,,0,4,0,0,0,0.0,111.1,0,392000,5363.1
393,1000,-40.0,-8.251,0,,0,4,0,0,0,0.0,130.7,0,393000,5376.5
394,1000,-40.0,-8.499,0,,0,4,0,0,0,0.0,158.9,0,394000,5390.1
395,1000,-40.0,-8.747,0,,0,4,0,0,0,0.0,112.9,0,395000,5403.4
396,1000,-40.0,-8.754,0,,0,4,0,0,0,0.0,117.6,0,396000,5417.1
397,1000,-40.0,-8.233,0,,0,4,0,0,0,0.0,149.0,0,397000,5430.9
398,1000,-40.0,-8.638,0,,0,4,0,0,0,0.0,115.8,0,398000,5444.4
399,1000,-40.0,-8.516,0,,0,4,0,0,0,0.0,126.1,0,399000,5457.9
400,1000,-40.0,-8.94,0,,0,4,0,0,0,0.0,128.6,0,400000,5471.5
401,1000,-40.0,-8.897,0,,0,4,0,0,0,0.0,123.5,0,401000,5507.9
402,1000,-40.0,-8.491,0,,0,4,0,0,0,0.0,121.2,0,402000,5523.1
403,1000,-40.0,-8.008,0,,0,4,0,0,0,0.0,123.3,0,403000,5539.4
404,1000,-40.0,-8.943,0,,0,4,0,0,0,0.0,121.5,0,404000,5553.4
405,1000,-40.0,-8.89,0,,0,4,0,0,0,0.0,121.5,0,405000,5566.9
406,1000,-40.0,-8.602,0,,0,4,0,0,0,0.0,130.8,0,406000,5580.7
407,1000,30.0,5.249,7,,976,1,0,51,0,0.0105,341.3,0,407000,5594.2
408,1000,-40.0,-9.483,0,,0,4,0,0,0,0.0,159.5,0,408000,5607.8
409,1000,-40.0,-8.7,0,,0,4,0,0,0,0.0,126.1,0,409000,5621.5
410,1000,-40.0,-8.065,0,,0,4,0,0,0,0.0,111.4,0,410000,5635.2
411,1000,-40.0,-8.601,0,,0,4,0,0,0,0.0,118.0,0,411000,5648.7
412,1000,-40.0,-9.064,0,,0,4,0,0,0,0.0,126.3,0,412000,5662.3
413,1000,-40.0,-9.394,0,,0,4,0,0,0,0.0,121.5,0,413000,5675.8
414,1000,-40.0,-8.149,0,,0,4,0,0,0,0.0,186.2,0,414000,5689.4
415,1000,-40.0,-8.171,0,,0,4,0,0,0,0.0,143.0,0,415000,5703.0
416,1000,-40.0,-8.624,0,,0,4,0,0,0,0.0,159.9,0,416000,5716.6
417,1000,-40.0,-7.356,0,,0,4,0,0,0,0.0,195.4,0,417000,5730.3
418,1000,20.0,-9.082,6,,935,2,0,0,29,0.0043,326.1,0,418000,5743.9
419,1000,40.0,1.358,8,,981,0,0,40,5,0.0288,467.1,0,419000,5757.4
420,1000,40.0,4.788,8,,497,0,0,77,3,0.076,500.5,0,420000,5771.3
421,1000,30.0,40.491,7,,654,1,0,199,16,0.021,430.9,0,421000,5784.5
422,1000,40.0,104.567,8,,478,0,0,453,63,0.062,489.2,0,422000,5797.8
423,1000,40.0,5.525,8,,828,1,0,66,43,0.0305,444.2,0,423000,5811.3
424,1000,40.0,67.316,8,,649,0,0,291,11,0.037,529.7,0,424000,5825.0
425,1000,-40.0,-8.348,0,,0,4,0,0,0,0.0,135.0,0,425000,5838.3
426,1000,-40.0,-6.436,0,,0,4,0,0,0,0.0,200.0,0,426000,5851.7
427,1000,30.0,100.821,7,,531,0,0,438,38,0.0693,419.0,0,427000,5865.2
428,1000,30.0,18.134,7,,678,0,0,107,5,0.013,418.4,0,428000,5878.7
429,1000,-40.0,-7.514,0,,0,4,0,0,0,0.0,145.7,0,429000,5892.6
430,1000,10.0,-2.481,5,,837,1,0,25,7,0.037,399.3,0,430000,5906.4
431,1000,10.0,-6.319,5,,486,1,0,0,0,0.0423,414.8,0,431000,5920.4
432,1000,40.0,28.387,8,,702,0,0,155,91,0.088,474.3,0,432000,5933.7
433,1000,30.0,45.873,7,,941,0,0,213,3,0.0527,460.8,0,433000,5947.4
434,1000,40.0,67.61,8,,347,0,0,300,67,0.0488,534.2,0,434000,5961.0
435,1000,50.0,19.601,9,,713,0,0,112,82,0.1338,502.5,0,435000,5974.6
436,1000,40.0,6.473,8,,313,0,0,68,16,0.0532,417.7,0,436000,5988.3
437,1000,90.0,15.99,10,,572,0,1,121,316,0.1027,545.8,0,437000,6001.6
438,1000,30.0,86.112,7,,82,0,0,382,1,0.012,396.7,0,438000,6015.0
439,1000,40.0,25.549,8,,188,0,0,136,0,0.0285,414.7,0,439000,6028.5
440,1000,50.0,49.216,9,,213,0,0,241,43,0.0403,474.0,0,440000,6041.8
441,1000,60.0,47.948,10,,429,0,0,216,0,0.0855,456.7,0,441000,6055.0
442,1000,50.0,-8.054,9,,999,0,0,11,40,0.141,502.0,0,442000,6068.7
443,1000,20.0,55.157,6,,343,0,0,245,0,0.0558,474.8,0,443000,6082.2
444,1000,40.0,16.427,8,,251,0,0,97,39,0.0553,530.7,0,444000,6095.7
445,1000,30.0,9.865,7,,200,1,0,77,3,0.024,462.5,0,445000,6110.1
446,1000,20.0,31.979,6,,142,0,0,166,24,0.0457,414.2,0,446000,6123.8
447,1000,30.0,-9.677,7,,970,0,0,1,120,0.2085,524.2,0,447000,6137.7
448,1000,20.0,47.764,6,,148,0,0,211,0,0.0152,389.3,0,448000,6151.1
449,1000,30.0,29.612,7,,554,0,0,132,23,0.0387,384.7,0,449000,6164.7
450,1000,30.0,20.99,7,,566,0,0,120,27,0.0625,494.3,0,450000,6177.9
451,1000,30.0,94.929,7,,608,0,0,409,2,0.0377,406.1,0,451000,6214.1
452,1000,20.0,-1.638,6,,581,1,0,27,45,0.094,511.8,0,452000,6228.0
453,1000,10.0,31.099,5,,641,0,0,135,0,0.012,336.9,0,453000,6241.6
454,1000,20.0,35.273,6,,188,0,0,167,1,0.0097,364.1,0,454000,6254.9
455,1000,20.0,50.314,6,,574,0,0,214,0,0.0057,318.8,0,455000,6268.6
456,1000,30.0,149.641,7,,190,0,0,625,0,0.0187,355.9,0,456000,6281.9
457,1000,20.0,77.247,6,,62,0,0,324,0,0.0045,324.2,0,457000,6295.4
458,1000,30.0,120.507,7,,360,0,0,507,0,0.011,371.0,0,458000,6308.9
459,1000,30.0,183.245,7,,198,0,0,765,0,0.005,319.4,0,459000,6322.1
460,1000,10.0,13.738,5,,951,0,0,82,0,0.0357,437.7,0,460000,6336.0
461,1000,30.0,59.258,7,,599,0,0,270,0,0.048,431.9,0,461000,6349.7
462,1000,20.0,70.161,6,,607,0,0,303,0,0.0,294.3,0,462000,6363.7
463,1000,20.0,95.204,6,,241,0,0,413,0,0.0032,307.3,0,463000,6377.0
464,1000,0.0,-9.636,4,,33,0,0,1,0,0.0288,330.2,0,464000,6391.4
465,1000,30.0,21.737,7,,780,0,0,118,68,0.0307,518.7,0,465000,6404.8
466,1000,20.0,69.366,6,,160,0,0,305,0,0.0027,305.6,0,466000,6418.0
467,1000,10.0,78.233,5,,105,1,0,367,247,0.0755,442.7,0,467000,6431.4
468,1000,30.0,77.788,7,,133,0,0,346,0,0.0112,363.4,0,468000,6444.4
469,1000,10.0,42.907,5,,154,0,0,213,0,0.0027,301.4,0,469000,6457.7
470,1000,10.0,52.038,5,,120,0,0,237,9,0.008,425.9,0,470000,6471.1
471,1000,20.0,27.695,6,,980,0,0,126,6,0.0045,345.3,0,471000,6484.4
472,1000,10.0,-10.585,5,,663,0,0,5,0,0.0088,371.2,0,472000,6497.8
473,1000,40.0,-23.713,8,,524,1,0,0,597,0.168,512.7,0,473000,6511.2
474,1000,40.0,74.408,8,,384,0,0,324,0,0.0297,463.6,0,474000,6524.7
475,1000,20.0,42.369,6,,645,0,0,182,13,0.0192,539.6,0,475000,6538.1
476,1000,50.0,68.579,9,,417,0,0,307,0,0.0365,427.7,0,476000,6551.3
477,1000,20.0,74.78,6,,178,0,0,334,0,0.0035,313.2,0,477000,6564.5
478,1000,20.0,-6.375,6,,847,0,0,2,0,0.0032,369.4,0,478000,6577.9
479,1000,10.0,97.586,5,,54,0,0,419,0,0.003,307.5,0,479000,6591.4
480,1000,20.0,22.69,6,,971,0,0,109,0,0.005,327.8,0,480000,6605.0
481,1000,40.0,-12.655,8,,751,1,0,5,318,0.0882,496.5,0,481000,6618.7
482,1000,10.0,-6.954,5,,945,0,0,1,0,0.0015,315.7,0,482000,6632.6
483,1000,-40.0,-8.197,0,,0,4,0,0,0,0.0,149.4,0,483000,6646.3
484,1000,-40.0,-8.498,0,,0,4,0,0,0,0.0,245.4,0,484000,6659.5
485,1000,-40.0,-8.385,0,,0,4,0,0,0,0.0,111.2,0,485000,6672.7
486,1000,20.0,-8.862,6,,986,0,0,0,0,0.0035,321.3,0,486000,6686.2
487,1000,-40.0,-9.191,0,,0,4,0,0,0,0.0,121.5,0,487000,6699.4
488,1000,0.0,-6.418,4,,986,1,0,0,0,0.0,251.5,0,488000,6713.1
489,1000,-40.0,-8.777,0,,0,4,0,0,0,0.0,134.2,0,489000,6726.6
490,1000,-40.0,-8.47,0,,0,4,0,0,0,0.0,145.2,0,490000,6740.1
491,1000,30.0,60.962,7,,303,0,0,279,0,0.0067,325.5,0,491000,6753.7
492,1000,30.0,-4.412,7,,398,1,0,30,41,0.063,502.5,0,492000,6767.6
493,1000,50.0,51.428,9,,631,0,0,236,36,0.044,427.1,0,493000,6781.4
494,1000,-40.0,-7.079,0,,0,4,0,0,0,0.0,163.8,0,494000,6795.3
495,1000,-40.0,-8.705,0,,0,4,0,0,0,0.0,136.5,0,495000,6809.2
496,1000,50.0,48.914,9,,485,0,0,227,0,0.023,367.1,0,496000,6822.6
497,1000,-40.0,-8.209,0,,0,4,0,0,0,0.0,128.0,0,497000,6836.2
498,1000,30.0,11.222,7,,673,1,0,79,65,0.073,555.1,0,498000,6849.8
499,1000,20.0,69.035,6,,262,0,0,309,4,0.001,308.1,0,499000,6863.3
500,1000,-40.0,-7.523,0,,0,4,0,0,0,0.0,149.5,0,500000,6876.9
501,1000,-40.0,-7.282,0,,0,4,0,0,0,0.0,161.0,0,501000,6913.4
502,1000,80.0,-11.614,12,,836,0,0,5,304,0.2737,530.5,0,502000,6927.0
503,1000,-40.0,-6.533,0,,0,4,0,0,0,0.0,153.3,0,503000,6940.5
504,1000,-40.0,-7.798,0,,0,4,0,0,0,0.0,112.6,0,504000,6954.0
505,1000,-40.0,-8.278,0,,0,4,0,0,0,0.0,123.0,0,505000,6967.6
506,1000,-40.0,-8.387,0,,0,4,0,0,0,0.0,125.6,0,506000,6981.4
507,1000,-40.0,-7.812,0,,0,4,0,0,0,0.0,139.5,0,507000,6995.0
508,1000,60.0,13.233,10,,774,0,0,105,83,0.0823,502.5,0,508000,7008.6
509,1000,-40.0,-7.033,0,,0,4,0,0,0,0.0,143.3,0,509000,7022.5
510,1000,40.0,-9.517,8,,929,2,0,1,24,0.115,458.7,0,510000,7036.2
511,1000,20.0,105.183,6,,322,0,0,458,0,0.0032,310.0,0,511000,7049.6
512,1000,-40.0,-7.764,0,,0,4,0,0,0,0.0,134.7,0,512000,7063.4
513,1000,40.0,37.256,8,,398,0,0,188,0,0.0232,456.3,0,513000,7076.7
514,1000,50.0,-6.883,9,,995,0,0,14,120,0.0372,599.7,0,514000,7090.3
515,1000,-40.0,-8.268,0,,0,4,0,0,0,0.0,111.2,0,515000,7104.3
516,1000,-40.0,-8.111,0,,0,4,0,0,0,0.0,150.2,0,516000,7117.9
517,1000,-40.0,-8.663,0,,0,4,0,0,0,0.0,115.2,0,517000,7131.4
518,1000,30.0,16.949,7,,723,0,0,99,0,0.018,414.6,0,518000,7144.8
519,1000,-40.0,-8.421,0,,0,4,0,0,0,0.0,116.4,0,519000,7158.2
520,1000,-40.0,-8.416,0,,0,4,0,0,0,0.0,135.0,0,520000,7171.8
521,1000,-40.0,-7.785,0,,0,4,0,0,0,0.0,151.1,0,521000,7185.4
522,1000,-40.0,-8.189,0,,0,4,0,0,0,0.0,167.5,0,522000,7199.0
523,1000,0.0,-21.113,4,,802,1,0,1,510,0.144,493.8,0,523000,7212.5
524,1000,30.0,46.318,7,,342,0,0,232,54,0.012,326.9,0,524000,7225.8
525,1000,-40.0,-8.694,0,,0,4,0,0,0,0.0,130.9,0,525000,7239.6
526,1000,20.0,99.403,6,,169,0,0,427,0,0.0005,306.2,0,526000,7252.7
527,1000,40.0,-9.048,8,,975,0,0,2,0,0.0165,387.5,0,527000,7266.4
528,1000,-40.0,-8.511,0,,0,4,0,0,0,0.0,133.0,0,528000,7280.1
529,1000,100.0,21.472,11,,733,0,1,131,226,0.0978,590.6,0,529000,7293.4
530,1000,40.0,-11.277,8,,711,0,0,15,300,0.1242,510.1,0,530000,7307.1
531,1000,40.0,19.256,8,,548,0,0,196,1132,0.184,570.3,0,531000,7320.6
532,1000,100.0,28.891,11,,438,0,1,166,284,0.1087,606.0,0,532000,7334.2
533,1000,10.0,144.666,5,,156,0,0,612,25,0.0147,428.1,0,533000,7348.0
534,1000,20.0,57.54,6,,735,0,0,271,42,0.0105,401.7,0,534000,7361.6
535,1000,-40.0,-7.796,0,,0,4,0,0,0,0.0,122.0,0,535000,7375.0
536,1000,20.0,41.607,6,,530,0,0,201,0,0.0032,326.4,0,536000,7388.4
537,1000,10.0,138.642,5,,442,0,0,586,0,0.0,294.9,0,537000,7401.8
538,1000,20.0,172.611,6,,125,0,0,732,0,0.0027,303.0,0,538000,7415.2
539,1000,40.0,54.626,8,,249,0,0,254,11,0.022,379.2,0,539000,7428.5
540,1000,-40.0,-8.454,0,,0,4,0,0,0,0.0,132.2,0,540000,7441.8
541,1000,30.0,64.925,7,,540,0,0,289,14,0.0158,399.6,0,541000,7455.1
542,1000,30.0,4.57,7,,652,0,0,58,78,0.034,436.9,0,542000,7468.5
543,1000,20.0,22.465,6,,736,0,0,128,35,0.02,434.3,0,543000,7482.0
544,1000,20.0,68.905,6,,267,0,0,315,0,0.0005,305.9,0,544000,7495.3
545,1000,40.0,-9.484,8,,939,0,0,2,73,0.0288,469.7,0,545000,7508.8
546,1000,20.0,290.032,6,,88,0,0,1195,0,0.001,318.8,0,546000,7522.2
547,1000,20.0,230.052,6,,99,0,0,959,9,0.0143,366.2,0,547000,7535.8
548,1000,10.0,234.789,5,,88,0,0,968,0,0.0,267.4,0,548000,7549.5
549,1000,30.0,175.92,7,,108,0,0,740,0,0.0238,459.1,0,549000,7562.9
550,1000,150.0,-21.913,16,,814,1,1,25,672,0.4502,665.6,0,550000,7576.5
551,1000,30.0,140.596,7,,95,0,0,593,0,0.0143,389.0,0,551000,7607.1
552,1000,30.0,106.604,7,,127,0,0,464,16,0.0338,456.7,0,552000,7621.4
553,1000,50.0,28.528,9,,279,0,0,153,77,0.063,465.7,0,553000,7635.7
554,1000,20.0,245.805,6,,56,0,0,1016,0,0.0103,364.0,0,554000,7650.2
555,1000,20.0,49.459,6,,119,1,0,231,0,0.0217,358.7,0,555000,7663.9
556,1000,30.0,93.197,7,,190,0,0,407,0,0.006,313.2,0,556000,7677.0
557,1000,30.0,81.017,7,,82,0,0,358,0,0.0198,365.6,0,557000,7690.4
558,1000,50.0,84.925,9,,233,0,0,383,45,0.067,478.4,0,558000,7704.0
559,1000,10.0,116.531,5,,65,0,0,495,0,0.0123,421.5,0,559000,7717.4
560,1000,20.0,312.551,6,,66,0,0,1290,12,0.012,438.9,0,560000,7730.7
561,1000,20.0,250.807,6,,92,0,0,1039,0,0.0008,313.5,0,561000,7744.2
562,1000,20.0,223.345,6,,85,0,0,928,0,0.0045,316.2,0,562000,7757.6
563,1000,20.0,244.372,6,,216,0,0,1017,0,0.0032,311.1,0,563000,7771.1
564,1000,30.0,75.035,7,,675,0,0,338,6,0.035,410.0,0,564000,7784.7
565,1000,20.0,133.626,6,,55,0,0,570,0,0.0037,330.5,0,565000,7798.0
566,1000,20.0,185.278,6,,63,0,0,783,52,0.0522,421.8,0,566000,7811.3
567,1000,10.0,73.155,5,,38,0,0,337,0,0.002,312.1,0,567000,7825.0
568,1000,20.0,120.578,6,,113,0,0,518,0,0.015,397.0,0,568000,7838.6
569,1000,30.0,17.608,7,,301,0,0,120,0,0.0265,384.8,0,569000,7852.0
570,1000,30.0,29.582,7,,189,0,0,156,46,0.055,415.0,0,570000,7865.3
571,1000,10.0,14.703,5,,49,0,0,96,3,0.0288,396.1,0,571000,7878.8
572,1000,10.0,24.058,5,,179,0,0,134,1,0.0163,385.5,0,572000,7892.2
573,1000,40.0,110.547,8,,145,0,0,477,0,0.0575,477.1,0,573000,7905.5
574,1000,10.0,59.36,5,,46,0,0,274,0,0.0032,316.0,0,574000,7919.0
575,1000,10.0,56.985,5,,69,0,0,265,0,0.008,369.6,0,575000,7932.4
576,1000,20.0,218.664,6,,76,0,0,910,0,0.0045,310.8,0,576000,7945.9
577,1000,20.0,113.99,6,,93,0,0,485,0,0.0222,431.2,0,577000,7959.1
578,1000,10.0,119.241,5,,39,0,0,514,0,0.0,213.7,0,578000,7972.3
579,1000,20.0,167.646,6,,82,0,0,698,0,0.016,452.1,0,579000,7985.7
580,1000,20.0,175.808,6,,59,0,0,733,0,0.004,309.0,0,580000,7998.8
581,1000,10.0,82.428,5,,50,0,0,364,0,0.0,291.7,0,581000,8012.1
582,1000,30.0,120.04,7,,101,0,0,516,0,0.0112,360.0,0,582000,8025.7
583,1000,10.0,83.559,5,,673,0,0,375,85,0.0168,348.1,0,583000,8039.3
584,1000,0.0,79.066,4,,24,0,0,337,0,0.0,203.0,0,584000,8052.8
585,1000,10.0,108.002,5,,33,0,0,467,0,0.0,280.8,0,585000,8066.4
586,1000,0.0,15.877,4,,21,0,0,103,0,0.0,211.3,0,586000,8080.0
587,1000,10.0,92.723,5,,38,0,0,409,0,0.0035,312.1,0,587000,8093.3
588,1000,20.0,52.928,6,,114,0,0,250,14,0.0245,437.6,0,588000,8106.6
589,1000,10.0,263.376,5,,53,0,0,1087,0,0.0,241.7,0,589000,8120.1
590,1000,20.0,120.95,6,,35,0,0,515,0,0.0053,359.4,0,590000,8133.5
591,1000,0.0,6.27,4,,20,0,0,66,0,0.0,242.4,0,591000,8146.9
592,1000,0.0,15.192,4,,17,0,0,103,0,0.0,201.1,0,592000,8160.5
593,1000,10.0,67.332,5,,60,1,0,314,0,0.0,283.3,0,593000,8174.6
594,1000,20.0,96.733,6,,65,0,0,420,0,0.0037,331.0,0,594000,8187.6
595,1000,10.0,149.899,5,,597,0,0,632,0,0.0063,406.1,0,595000,8200.9
596,1000,0.0,72.31,4,,20,0,0,332,0,0.0,202.3,0,596000,8214.5
597,1000,20.0,141.627,6,,450,0,0,611,0,0.0003,300.9,0,597000,8227.6
598,1000,0.0,92.669,4,,22,0,0,410,0,0.0,262.2,0,598000,8241.4
599,1000,20.0,80.005,6,,93,0,0,358,0,0.004,308.5,0,599000,8254.4
600,1000,0.0,101.927,4,,22,0,0,447,0,0.0,230.3,0,600000,8267.5
601,1000,0.0,57.619,4,,19,0,0,264,0,0.0,286.0,0,601000,8301.2
602,1000,20.0,132.452,6,,57,0,0,584,0,0.0,297.2,0,602000,8314.7
603,1000,10.0,357.201,5,,46,0,0,1460,0,0.0,216.8,0,603000,8327.9
604,1000,30.0,23.371,7,,120,0,0,152,48,0.0255,520.0,0,604000,8341.3
605,1000,0.0,87.616,4,,437,0,0,393,4,0.0073,365.5,0,605000,8354.8
606,1000,0.0,-1.517,4,,30,1,0,26,0,0.0323,398.8,0,606000,8369.3
607,1000,0.0,133.184,4,,21,0,0,569,0,0.0,201.7,0,607000,8382.8
608,1000,0.0,166.429,4,,21,0,0,698,0,0.0,200.0,0,608000,8396.1
609,1000,20.0,119.976,6,,77,0,0,519,8,0.0095,389.9,0,609000,8409.3
610,1000,0.0,102.138,4,,22,0,0,443,0,0.0,203.3,0,610000,8422.5
611,1000,0.0,85.467,4,,32,0,0,376,0,0.0,290.0,0,611000,8436.0
612,1000,0.0,60.888,4,,31,0,0,278,0,0.0035,322.6,0,612000,8449.2
613,1000,60.0,62.977,10,,505,0,0,318,54,0.0365,425.4,0,613000,8462.2
614,1000,20.0,142.742,6,,71,0,0,602,0,0.004,317.6,0,614000,8475.1
615,1000,10.0,52.94,5,,58,0,0,244,0,0.0,292.7,0,615000,8488.6
616,1000,20.0,107.958,6,,63,0,0,465,0,0.003,307.6,0,616000,8501.6
617,1000,10.0,61.107,5,,42,0,0,276,0,0.0,268.4,0,617000,8514.9
618,1000,0.0,76.254,4,,22,0,0,341,0,0.0,286.5,0,618000,8528.2
619,1000,10.0,116.186,5,,69,0,0,497,0,0.0,225.1,0,619000,8541.6
620,1000,30.0,163.026,7,,177,0,0,674,12,0.013,437.4,0,620000,8554.7
621,1000,20.0,159.088,6,,60,0,0,669,0,0.0045,318.8,0,621000,8567.7
622,1000,10.0,112.11,5,,61,0,0,483,0,0.0035,370.3,0,622000,8580.7
623,1000,20.0,12.604,6,,818,0,0,92,0,0.0005,306.4,0,623000,8593.8
624,1000,10.0,95.803,5,,34,0,0,410,0,0.0,225.3,0,624000,8607.2
625,1000,10.0,59.902,5,,492,0,0,285,80,0.0173,336.3,0,625000,8620.7
626,1000,20.0,52.052,6,,80,0,0,250,8,0.0245,483.0,0,626000,8633.7
627,1000,10.0,30.971,5,,42,1,0,165,160,0.0285,346.4,0,627000,8647.1
628,1000,20.0,18.158,6,,852,0,0,104,1,0.0123,318.1,0,628000,8660.7
629,1000,10.0,115.831,5,,103,0,0,496,0,0.0,218.4,0,629000,8673.8
630,1000,10.0,12.984,5,,155,0,0,96,0,0.0,276.7,0,630000,8687.0
631,1000,10.0,191.054,5,,121,0,0,803,0,0.006,324.6,0,631000,8700.2
632,1000,20.0,95.099,6,,53,0,0,425,0,0.0125,423.0,0,632000,8713.5
633,1000,30.0,70.449,7,,396,0,0,318,15,0.0097,344.1,0,633000,8726.7
634,1000,20.0,90.984,6,,103,0,0,400,0,0.0123,375.4,0,634000,8739.9
635,1000,30.0,72.947,7,,70,0,0,328,0,0.0067,322.9,0,635000,8752.9
636,1000,30.0,142.72,7,,96,0,0,604,0,0.0083,355.3,0,636000,8766.0
637,1000,30.0,90.381,7,,111,1,0,407,0,0.0125,427.4,0,637000,8779.7
638,1000,20.0,117.257,6,,94,0,0,507,0,0.017,350.3,0,638000,8793.1
639,1000,20.0,136.63,6,,420,0,0,588,0,0.012,353.4,0,639000,8806.1
640,1000,30.0,179.657,7,,53,0,0,764,107,0.028,478.2,0,640000,8819.2
641,1000,20.0,170.766,6,,142,0,0,711,0,0.0235,431.0,0,641000,8832.6
642,1000,30.0,9.406,7,,83,0,0,105,108,0.0853,470.4,0,642000,8846.3
643,1000,20.0,116.696,6,,44,0,0,510,0,0.0097,348.1,0,643000,8859.4
644,1000,30.0,130.142,7,,52,0,0,568,0,0.006,324.8,0,644000,8872.6
645,1000,30.0,8.846,7,,888,0,0,90,133,0.0432,459.4,0,645000,8886.1
646,1000,30.0,54.89,7,,81,0,0,259,1,0.0077,352.1,0,646000,8899.4
647,1000,10.0,35.792,5,,45,0,0,185,0,0.0,257.2,0,647000,8912.5
648,1000,40.0,115.744,8,,81,0,0,497,0,0.0265,465.1,0,648000,8926.1
649,1000,20.0,34.074,6,,72,0,0,181,0,0.0103,349.0,0,649000,8939.3
650,1000,20.0,-16.739,6,,803,0,0,38,769,0.109,435.4,0,650000,8952.9
651,1000,20.0,32.572,6,,115,0,0,167,0,0.0018,319.4,0,651000,8987.4
652,1000,30.0,130.847,7,,103,0,0,566,0,0.016,361.6,0,652000,9000.7
653,1000,30.0,151.552,7,,64,0,0,647,2,0.027,422.4,0,653000,9014.1
654,1000,30.0,71.856,7,,56,0,0,329,0,0.0105,389.9,0,654000,9027.4
655,1000,20.0,52.738,6,,41,0,0,250,0,0.0,287.5,0,655000,9040.4
656,1000,10.0,148.677,5,,42,0,0,633,1,0.0215,427.8,0,656000,9053.8
657,1000,20.0,72.673,6,,54,0,0,331,0,0.0143,351.1,0,657000,9067.0
658,1000,20.0,74.707,6,,70,0,0,344,0,0.0018,313.8,0,658000,9080.4
659,1000,10.0,-13.499,5,,49,1,0,41,540,0.3432,502.5,0,659000,9094.8
660,1000,30.0,119.257,7,,56,0,0,513,0,0.014,372.2,0,660000,9108.1
661,1000,30.0,128.323,7,,71,0,0,547,0,0.0073,321.8,0,661000,9121.4
662,1000,20.0,90.307,6,,54,0,0,400,0,0.005,320.4,0,662000,9134.5
663,1000,20.0,92.007,6,,56,0,0,409,0,0.0057,326.1,0,663000,9147.7
664,1000,20.0,93.592,6,,96,0,0,416,0,0.01,338.2,0,664000,9161.1
665,1000,30.0,75.739,7,,131,0,0,339,0,0.0112,353.7,0,665000,9174.5
666,1000,20.0,56.746,6,,118,0,0,271,0,0.0015,322.6,0,666000,9188.0
667,1000,10.0,185.317,5,,79,0,0,770,0,0.002,319.9,0,667000,9201.4
668,1000,30.0,120.115,7,,244,0,0,515,0,0.006,319.6,0,668000,9214.6
669,1000,20.0,112.286,6,,56,0,0,485,0,0.0075,338.4,0,669000,9228.0
670,1000,10.0,-11.264,5,,33,0,0,3,101,0.328,502.5,0,670000,9241.6
671,1000,0.0,89.459,4,,26,0,0,403,0,0.0105,376.3,0,671000,9254.8
672,1000,10.0,26.033,5,,32,0,0,155,193,0.2205,546.9,0,672000,9268.4
673,1000,10.0,189.623,5,,41,0,0,793,0,0.0018,302.8,0,673000,9281.6
674,1000,10.0,128.61,5,,374,0,0,552,0,0.0063,337.4,0,674000,9295.2
675,1000,10.0,180.422,5,,40,0,0,755,0,0.0008,308.0,0,675000,9308.5
676,1000,10.0,167.16,5,,73,0,0,706,25,0.0325,437.2,0,676000,9321.7
677,1000,20.0,83.965,6,,50,0,0,375,0,0.0,280.8,0,677000,9335.0
678,1000,20.0,113.542,6,,155,0,0,492,12,0.0065,364.1,0,678000,9348.4
679,1000,10.0,176.714,5,,42,0,0,744,0,0.0,266.1,0,679000,9361.8
680,1000,10.0,127.738,5,,137,0,0,544,0,0.0053,332.1,0,680000,9375.4
681,1000,10.0,69.413,5,,37,0,0,316,0,0.0,236.9,0,681000,9388.6
682,1000,0.0,140.433,4,,17,0,0,603,0,0.0,278.0,0,682000,9402.0
683,1000,0.0,102.211,4,,20,0,0,451,0,0.0,296.1,0,683000,9415.5
684,1000,10.0,84.757,5,,40,0,0,377,0,0.0,247.6,0,684000,9429.2
685,1000,10.0,43.479,5,,32,0,0,212,0,0.0,260.0,0,685000,9442.7
686,1000,10.0,119.634,5,,62,0,0,517,0,0.0,285.4,0,686000,9456.5
687,1000,20.0,78.123,6,,63,0,0,353,0,0.0,288.1,0,687000,9470.4
688,1000,0.0,92.849,4,,21,0,0,408,0,0.0,285.2,0,688000,9484.3
689,1000,10.0,78.244,5,,558,0,0,348,0,0.0,269.4,0,689000,9498.2
690,1000,10.0,84.28,5,,116,0,0,377,0,0.0,277.4,0,690000,9512.2
691,1000,0.0,128.956,4,,26,0,0,558,0,0.0,271.6,0,691000,9526.1
692,1000,10.0,38.308,5,,35,1,0,195,0,0.0,276.1,0,692000,9539.9
693,1000,10.0,49.202,5,,216,0,0,231,0,0.0,270.0,0,693000,9553.6
694,1000,30.0,0.541,7,,875,0,0,42,49,0.0213,503.9,0,694000,9567.7
695,1000,0.0,-11.906,4,,47,2,0,0,18,0.4238,502.5,0,695000,9582.2
696,1000,10.0,32.114,5,,52,0,0,161,0,0.0,289.5,0,696000,9596.2
697,1000,20.0,31.627,6,,338,0,0,160,0,0.007,335.7,0,697000,9609.8
698,1000,20.0,10.514,6,,181,0,0,82,0,0.005,392.6,0,698000,9623.8
699,1000,10.0,-2.22,5,,373,0,0,29,3,0.0257,337.5,0,699000,9637.8
700,1000,10.0,2.681,5,,45,1,0,51,0,0.0075,311.3,0,700000,9652.0
701,1000,0.0,-12.195,4,,19,0,0,1,45,0.15,577.9,0,701000,9691.5
702,1000,0.0,7.931,4,,51,1,0,68,0,0.0,298.2,0,702000,9705.1
703,1000,10.0,7.17,5,,165,0,0,71,0,0.0,227.5,0,703000,9718.5
704,1000,10.0,22.874,5,,139,0,0,129,0,0.0,271.4,0,704000,9732.1
705,1000,10.0,13.065,5,,74,0,0,95,0,0.0,274.1,0,705000,9745.6
706,1000,0.0,-4.987,4,,21,0,0,23,0,0.0,289.1,0,706000,9759.1
707,1000,10.0,23.864,5,,49,0,0,137,0,0.0,265.4,0,707000,9772.6
708,1000,0.0,-0.128,4,,25,0,0,32,0,0.0,258.5,0,708000,9785.8
709,1000,10.0,46.525,5,,38,0,0,211,0,0.0027,324.4,0,709000,9799.3
710,1000,0.0,2.184,4,,26,0,0,51,0,0.0,249.5,0,710000,9812.8
711,1000,10.0,-50.307,5,,999,0,0,1,2058,0.6402,696.3,0,711000,9827.7
712,1000,0.0,13.151,4,,27,0,0,88,0,0.0013,316.2,0,712000,9840.8
713,1000,0.0,27.642,4,,20,0,0,139,0,0.017,344.0,0,713000,9854.4
714,1000,30.0,19.562,7,,599,0,0,110,0,0.0047,329.0,0,714000,9868.2
715,1000,0.0,33.477,4,,18,0,0,160,0,0.0,253.8,0,715000,9881.5
716,1000,10.0,44.256,5,,33,1,0,221,0,0.0,216.2,0,716000,9894.8
717,1000,20.0,15.512,6,,348,0,0,115,329,0.1678,502.5,0,717000,9908.6
718,1000,10.0,104.856,5,,214,0,0,460,0,0.0,208.3,0,718000,9921.9
719,1000,0.0,64.438,4,,23,0,0,278,0,0.0,230.5,0,719000,9935.2
720,1000,10.0,63.599,5,,56,0,0,288,0,0.0027,304.1,0,720000,9948.6
721,1000,-10.0,-30.673,3,,15,1,0,41,1485,0.1685,478.3,0,721000,9962.6
722,1000,0.0,168.075,4,,19,0,0,711,0,0.0,230.3,0,722000,9975.7
723,1000,10.0,9.459,5,,328,1,0,98,167,0.064,446.0,0,723000,9989.4
724,1000,10.0,52.415,5,,525,0,0,248,9,0.0227,425.7,0,724000,10002.7
725,1000,10.0,45.114,5,,79,0,0,214,9,0.0795,458.2,0,725000,10016.1
726,1000,10.0,23.188,5,,898,0,0,112,0,0.0013,313.5,0,726000,10029.8
727,1000,10.0,-8.883,5,,548,1,0,16,137,0.1192,510.2,0,727000,10043.8
728,1000,10.0,-12.812,5,,925,0,0,18,9,0.0563,413.2,0,728000,10057.4
729,1000,30.0,0.374,7,,719,1,0,78,88,0.0447,394.4,0,729000,10070.9
730,1000,50.0,7.34,9,,872,0,0,156,951,0.2552,576.4,0,730000,10084.7
731,1000,60.0,-9.544,10,,881,0,0,77,802,0.2182,651.0,0,731000,10098.1
732,1000,60.0,22.071,10,,494,0,0,155,362,0.1797,565.8,0,732000,10111.6
733,1000,10.0,117.528,5,,116,0,0,501,0,0.0,293.1,0,733000,10125.3
734,1000,10.0,103.651,5,,92,0,0,446,4,0.0185,382.7,0,734000,10138.7
735,1000,10.0,86.892,5,,603,0,0,389,0,0.0,290.5,0,735000,10152.0
736,1000,10.0,66.509,5,,591,0,0,290,1,0.0025,324.4,0,736000,10165.4
737,1000,10.0,50.494,5,,290,0,0,244,0,0.0105,459.1,0,737000,10178.9
738,1000,40.0,42.5,8,,156,0,0,211,13,0.0387,533.1,0,738000,10192.3
739,1000,10.0,58.742,5,,236,0,0,281,0,0.0175,421.9,0,739000,10206.3
740,1000,20.0,133.944,6,,62,0,0,565,0,0.0027,301.6,0,740000,10219.8
741,1000,0.0,71.864,4,,31,1,0,323,0,0.0,282.6,0,741000,10233.3
742,1000,10.0,57.19,5,,51,0,0,263,0,0.0032,308.8,0,742000,10247.5
743,1000,20.0,55.048,6,,234,0,0,285,251,0.12,520.0,0,743000,10261.1
744,1000,10.0,31.538,5,,42,0,0,157,0,0.0053,354.9,0,744000,10274.7
745,1000,10.0,47.816,5,,54,0,0,224,0,0.006,318.8,0,745000,10289.4
746,1000,20.0,5.295,6,,863,0,0,69,50,0.124,547.9,0,746000,10303.3
747,1000,10.0,56.623,5,,450,0,0,260,0,0.0,297.1,0,747000,10317.3
748,1000,0.0,25.26,4,,31,1,0,147,19,0.007,334.3,0,748000,10331.1
749,1000,0.0,14.515,4,,28,1,0,98,0,0.0,232.7,0,749000,10345.9
750,1000,70.0,-34.852,11,,734,0,0,1,1143,0.289,570.9,0,750000,10362.4
751,1000,10.0,44.952,5,,87,0,0,216,0,0.0008,309.2,0,751000,10399.4
752,1000,10.0,43.114,5,,81,0,0,202,0,0.0,240.1,0,752000,10415.8
753,1000,10.0,73.045,5,,53,0,0,319,23,0.0302,387.1,0,753000,10431.6
754,1000,10.0,32.36,5,,48,0,0,167,0,0.0013,332.3,0,754000,10447.0
755,1000,0.0,63.005,4,,21,0,0,278,0,0.0,244.0,0,755000,10464.1
756,1000,10.0,10.07,5,,67,0,0,75,0,0.0,255.2,0,756000,10481.7
757,1000,0.0,47.069,4,,22,0,0,223,0,0.0,281.2,0,757000,10498.8
758,1000,10.0,50.648,5,,89,0,0,230,0,0.0045,313.5,0,758000,10514.5
759,1000,10.0,48.382,5,,55,1,0,232,0,0.0055,386.7,0,759000,10530.4
760,1000,10.0,38.558,5,,602,0,0,184,0,0.0025,329.3,0,760000,10546.1
761,1000,10.0,41.018,5,,57,0,0,201,0,0.005,367.1,0,761000,10562.7
762,1000,0.0,42.857,4,,27,0,0,202,0,0.0,239.8,0,762000,10579.7
763,1000,0.0,43.822,4,,26,1,0,211,0,0.0043,372.7,0,763000,10595.3
764,1000,0.0,73.427,4,,31,0,0,321,0,0.0,258.7,0,764000,10610.5
765,1000,0.0,43.843,4,,37,1,0,215,0,0.0,277.9,0,765000,10626.0
766,1000,40.0,-11.341,8,,384,0,0,18,256,0.1037,506.3,0,766000,10642.0
767,1000,10.0,48.834,5,,57,0,0,229,0,0.0,268.5,0,767000,10657.5
768,1000,20.0,60.395,6,,60,0,0,265,0,0.005,319.0,0,768000,10672.9
769,1000,20.0,59.475,6,,378,0,0,277,56,0.0267,404.4,0,769000,10688.6
770,1000,30.0,-33.165,7,,145,1,0,1,967,0.2417,494.3,0,770000,10703.9
771,1000,0.0,70.908,4,,30,1,0,315,16,0.0125,338.5,0,771000,10719.2
772,1000,0.0,69.521,4,,34,1,0,308,29,0.0035,307.1,0,772000,10736.4
773,1000,0.0,59.721,4,,59,1,0,289,159,0.0297,366.5,0,773000,10752.2
774,1000,10.0,12.728,5,,187,1,0,129,563,0.1293,387.8,0,774000,10767.7
775,1000,10.0,77.904,5,,90,0,0,345,0,0.0088,391.7,0,775000,10783.6
776,1000,0.0,52.764,4,,56,0,0,233,0,0.0,248.0,0,776000,10800.8
777,1000,0.0,-7.116,4,,284,0,0,19,8,0.004,310.6,0,777000,10817.3
778,1000,10.0,55.462,5,,60,0,0,254,0,0.0,288.5,0,778000,10835.2
779,1000,10.0,-13.252,5,,69,1,0,35,596,0.312,502.5,0,779000,10852.4
780,1000,10.0,-3.872,5,,298,1,0,32,26,0.0158,423.5,0,780000,10868.9
781,1000,10.0,-10.18,5,,134,1,0,2,22,0.0488,463.8,0,781000,10885.2
782,1000,10.0,83.776,5,,261,0,0,371,0,0.0367,338.7,0,782000,10901.1
783,1000,0.0,-12.257,4,,725,2,0,4,37,0.0437,353.7,0,783000,10916.8
784,1000,20.0,19.854,6,,69,0,0,151,423,0.0535,366.9,0,784000,10934.1
785,1000,0.0,31.07,4,,49,1,0,167,0,0.0003,307.2,0,785000,10950.1
786,1000,0.0,-10.811,4,,105,1,0,3,230,0.0503,332.3,0,786000,10966.5
787,1000,0.0,-7.197,4,,813,2,0,20,8,0.0522,344.7,0,787000,10983.4
788,1000,10.0,-43.543,5,,962,1,0,0,1634,0.1595,413.2,0,788000,11000.1
789,1000,0.0,-7.768,4,,113,2,0,1,27,0.0262,346.6,0,789000,11015.7
790,1000,0.0,33.997,4,,58,1,0,198,214,0.0328,336.9,0,790000,11031.0
791,1000,10.0,-12.329,5,,545,2,0,7,5,0.0418,428.7,0,791000,11046.9
792,1000,10.0,3.249,5,,124,1,0,53,9,0.0307,348.0,0,792000,11066.7
793,1000,10.0,25.843,5,,1000,1,0,141,7,0.0053,308.4,0,793000,11086.2
794,1000,0.0,49.647,4,,32,1,0,240,0,0.0,293.0,0,794000,11105.7
795,1000,0.0,6.762,4,,74,1,0,66,6,0.01,472.2,0,795000,11125.4
796,1000,10.0,51.437,5,,134,0,0,248,0,0.0045,352.5,0,796000,11146.1
797,1000,20.0,-7.407,6,,157,1,0,9,63,0.0635,483.0,0,797000,11166.8
798,1000,0.0,46.518,4,,58,0,0,219,0,0.0,297.6,0,798000,11188.0
799,1000,0.0,14.629,4,,41,1,0,112,3,0.0022,307.2,0,799000,11208.8
800,1000,0.0,46.435,4,,39,1,0,231,1,0.005,310.2,0,800000,11228.5
