episode,n_drones,n_dests,steps,team_reward,delivered,makespan,reloads,hop2plus,max_reach,stall_ratio,max_stall_run,term_reason,relay_frac,wall_sec
1,5,43,940,428.488,43,940,7,0.577,844.2,0.2996,25,complete,0.0891,2.6
2,4,74,1000,808.062,65,,11,0.344,550.1,0.2419,10,step_limit,0.0818,5.6
3,5,43,720,476.279,43,720,7,0.3053,595.6,0.1956,5,complete,0.063,8.4
4,4,23,1000,60.178,18,,2,0.702,918.2,0.4838,34,step_limit,0.1364,11.3
5,4,31,1000,97.287,23,,3,0.6012,665.6,0.5822,74,step_limit,0.14,19.4
6,3,68,1000,616.021,53,,9,0.379,598.3,0.5313,209,step_limit,0.1963,68.5
7,6,44,353,480.493,44,353,5,0.5949,837.3,0.1546,3,complete,0.2207,89.1
8,6,30,272,373.62,30,272,5,0.5306,772.1,0.1376,3,complete,0.2424,106.7
9,6,42,431,445.783,42,431,5,0.6319,832.4,0.3665,10,complete,0.2009,131.3
10,6,47,383,566.841,47,383,7,0.6084,852.2,0.1141,2,complete,0.1869,152.6
11,5,21,269,173.717,21,269,1,0.4372,587.0,0.2861,7,complete,0.2439,169.8
12,3,37,922,396.529,37,922,5,0.4277,748.7,0.454,186,complete,0.2444,220.1
13,6,28,340,308.664,28,340,4,0.4368,627.7,0.3085,5,complete,0.2051,240.4
14,3,41,1000,205.041,27,,3,0.5897,776.2,0.7887,459,step_limit,0.3373,294.4
15,3,66,1000,679.114,57,,9,0.4627,718.3,0.2867,53,step_limit,0.2876,348.8
16,4,71,981,925.33,71,981,13,0.5092,839.9,0.2551,20,complete,0.2962,404.6
17,4,24,817,153.653,24,817,2,0.6888,1057.4,0.537,237,complete,0.4033,447.8
18,5,49,459,578.672,49,459,7,0.5146,738.1,0.2091,10,complete,0.2364,474.2
19,6,34,414,389.131,34,414,5,0.6393,866.1,0.3284,13,complete,0.2514,498.3
20,3,48,990,583.281,48,990,8,0.4,748.1,0.323,51,complete,0.284,550.7
21,4,63,1000,752.448,61,,11,0.5198,936.1,0.3832,24,step_limit,0.288,604.8
22,6,46,421,501.31,46,421,6,0.65,799.4,0.2479,4,complete,0.1824,629.2
23,3,44,824,538.271,44,824,7,0.5372,781.9,0.2733,40,complete,0.2333,672.7
24,5,41,536,489.066,41,536,7,0.6026,834.3,0.3097,10,complete,0.2347,702.9
25,5,38,473,454.797,38,473,6,0.6313,875.8,0.289,12,complete,0.1826,731.1
26,5,77,722,977.517,77,722,13,0.5873,896.4,0.1448,10,complete,0.1968,773.1
27,3,41,1000,299.532,31,,5,0.5653,661.4,0.6643,391,step_limit,0.3721,824.9
28,5,52,1000,340.192,40,,6,0.6192,785.5,0.5822,283,step_limit,0.274,879.6
29,5,72,885,875.208,72,885,12,0.6795,953.9,0.2453,13,complete,0.2381,931.3
30,5,61,1000,704.795,59,,11,0.6842,981.1,0.3508,31,step_limit,0.3063,986.4
31,5,45,542,535.133,45,542,7,0.5653,954.8,0.2903,12,complete,0.187,1019.1
32,3,68,1000,436.543,41,,7,0.497,602.4,0.6029,393,step_limit,0.2654,1075.1
33,3,35,807,430.101,35,807,6,0.3854,700.6,0.2344,43,complete,0.2358,1118.8
34,3,24,487,269.577,24,487,3,0.4778,645.6,0.4858,127,complete,0.1731,1146.7
35,3,58,901,749.608,58,901,10,0.4543,770.4,0.2154,43,complete,0.2515,1196.0
36,4,64,928,770.405,64,928,10,0.614,954.1,0.3143,23,complete,0.2697,1248.3
37,6,58,1000,315.71,43,,6,0.728,991.6,0.6498,271,step_limit,0.3252,1303.3
38,3,77,1000,734.169,62,,10,0.5267,775.8,0.2718,36,step_limit,0.3018,1358.0
39,3,28,639,313.405,28,639,4,0.5566,788.4,0.3024,23,complete,0.3085,1392.5
40,3,37,783,475.688,37,783,7,0.3725,696.0,0.1945,19,complete,0.2196,1436.8
41,5,59,522,736.332,59,522,9,0.4092,627.8,0.1756,6,complete,0.1333,1466.9
42,6,58,521,703.006,58,521,9,0.6596,994.9,0.2089,9,complete,0.281,1496.9
43,6,20,756,67.38,19,,0,0.3783,875.5,0.164,8,no_progress,0.2096,1538.2
44,6,30,455,277.32,30,455,3,0.3469,662.6,0.1468,17,complete,0.1083,1562.7
45,6,39,350,472.623,39,350,6,0.6129,826.4,0.1087,4,complete,0.2024,1583.5
46,6,32,300,351.162,32,300,4,0.6089,815.9,0.1159,9,complete,0.2135,1601.3
47,5,35,775,284.836,35,775,4,0.4937,878.4,0.3058,8,complete,0.207,1642.8
48,5,39,573,434.055,39,573,6,0.6873,1051.8,0.2579,12,complete,0.2988,1677.3
49,5,47,483,630.776,47,483,9,0.4795,832.0,0.2604,6,complete,0.1558,1706.6
50,4,72,1000,787.883,64,,12,0.5072,754.7,0.3584,30,step_limit,0.2376,1758.9
51,4,71,830,909.625,71,830,12,0.4187,723.0,0.2666,26,complete,0.1624,1980.8
52,4,45,537,557.669,45,537,7,0.4786,631.1,0.1931,15,complete,0.1844,2007.2
53,6,64,460,877.309,64,460,12,0.4101,572.8,0.3019,12,complete,0.114,2029.8
54,5,24,549,214.571,24,549,3,0.7337,1073.5,0.3419,16,complete,0.3167,2058.0
55,6,60,544,673.45,60,544,8,0.6596,1016.1,0.1943,6,complete,0.267,2090.4
56,6,20,159,142.83,20,159,0,0.7233,821.2,0.1706,2,complete,0.1488,2099.0
57,5,61,737,767.339,61,737,11,0.5881,843.6,0.2503,18,complete,0.181,2140.7
58,5,77,756,983.934,77,756,13,0.5198,799.8,0.368,21,complete,0.2072,2183.9
59,5,40,513,399.563,40,513,4,0.694,1077.3,0.3449,33,complete,0.2986,2213.5
60,3,76,1000,715.475,57,,11,0.4393,693.5,0.2879,86,step_limit,0.2369,2270.0
61,5,66,658,869.077,66,658,12,0.5973,946.4,0.1547,8,complete,0.2629,2308.2
62,5,43,424,551.102,43,424,7,0.5887,840.5,0.2882,6,complete,0.1549,2331.9
63,5,57,704,712.493,57,704,10,0.5577,791.7,0.3838,15,complete,0.2252,2372.7
64,3,52,1000,540.975,46,,8,0.4813,772.9,0.3609,67,step_limit,0.2936,2426.9
65,5,42,365,488.845,42,365,5,0.5315,827.1,0.2175,9,complete,0.1714,2448.8
66,4,41,715,484.583,41,715,6,0.5227,894.2,0.2624,80,complete,0.2152,2489.7
67,5,23,211,184.015,23,211,0,0.4844,753.7,0.0611,0,complete,0.1437,2501.1
68,5,77,690,1045.429,77,690,14,0.5,679.7,0.2586,36,complete,0.1475,2543.4
69,4,48,473,625.897,48,473,8,0.3753,614.3,0.1964,12,complete,0.1414,2570.0
70,3,69,1000,737.865,60,,10,0.4843,710.7,0.2558,72,step_limit,0.2615,2624.6
71,5,34,328,409.894,34,328,5,0.4762,646.9,0.1628,5,complete,0.1655,2644.4
72,5,61,885,654.143,61,885,9,0.7064,1127.5,0.3051,18,complete,0.2847,2694.0
73,6,50,935,445.412,50,935,7,0.6952,974.9,0.5419,13,complete,0.3006,2747.4
74,4,70,971,927.54,70,971,13,0.5281,836.0,0.3769,30,complete,0.1523,2801.5
75,6,21,165,191.286,21,165,1,0.5273,749.2,0.2914,16,complete,0.1474,2811.4
76,3,49,1000,484.355,44,,7,0.538,755.0,0.4819,200,step_limit,0.2679,2865.2
77,4,67,1000,448.337,45,,8,0.6012,831.1,0.5963,281,step_limit,0.3326,2920.6
78,3,34,740,362.618,34,740,5,0.4401,637.3,0.4527,49,complete,0.2311,2960.7
79,5,31,422,359.174,31,422,5,0.5919,837.3,0.3103,36,complete,0.2545,2984.9
80,3,44,881,571.997,44,881,8,0.5286,746.9,0.3548,45,complete,0.2143,3032.8
81,6,71,1000,827.068,69,,12,0.7053,1012.3,0.3988,9,step_limit,0.2469,3088.5
82,4,59,812,749.093,59,812,10,0.4763,689.6,0.2832,24,complete,0.1542,3134.2
83,6,21,155,159.729,21,155,0,0.3699,637.3,0.1056,1,complete,0.1111,3143.8
84,4,41,658,511.841,41,658,7,0.5794,931.8,0.2938,30,complete,0.225,3180.2
85,5,38,523,385.363,38,523,4,0.6772,1053.1,0.3562,10,complete,0.2282,3210.3
86,5,64,509,812.55,64,509,10,0.5576,775.0,0.12,11,complete,0.1646,3240.1
87,5,24,341,247.304,24,341,3,0.6434,955.5,0.237,20,complete,0.2326,3257.8
88,5,66,547,828.953,66,547,10,0.5071,798.3,0.2627,22,complete,0.1388,3289.5
89,6,20,217,165.8,20,217,1,0.6659,823.6,0.1205,2,complete,0.1524,3302.1
90,6,37,306,462.264,37,306,6,0.4973,661.4,0.0907,8,complete,0.0862,3320.4
91,4,60,1000,663.893,55,,10,0.615,950.1,0.3462,54,step_limit,0.2624,3378.4
92,3,37,821,406.17,37,821,5,0.5579,765.2,0.3335,52,complete,0.2817,3423.7
93,4,27,569,288.481,27,569,4,0.6011,698.4,0.4429,68,complete,0.2661,3456.9
94,4,76,1000,945.821,75,,13,0.538,864.4,0.2733,28,step_limit,0.2298,3515.5
95,5,30,376,344.183,30,376,4,0.5559,782.6,0.2893,8,complete,0.1962,3536.3
96,6,34,484,374.089,34,484,5,0.7045,1033.0,0.3426,28,complete,0.2574,3564.6
97,5,35,557,380.05,35,557,5,0.5935,963.4,0.4019,13,complete,0.2197,3594.8
98,5,39,323,451.812,39,323,5,0.5307,693.6,0.0186,1,complete,0.1508,3613.8
99,5,69,1000,739.797,66,,11,0.6782,1112.5,0.3366,23,step_limit,0.303,3667.8
100,6,80,575,1057.91,80,575,14,0.5539,738.5,0.2108,13,complete,0.1239,3703.3
101,3,62,1000,786.381,61,,11,0.398,705.3,0.2894,56,step_limit,0.2275,3959.9
102,4,30,460,329.653,30,460,4,0.4543,666.7,0.3526,32,complete,0.1767,3976.1
103,5,75,720,970.333,75,720,13,0.545,814.1,0.2821,15,complete,0.2114,4004.4
104,4,39,961,474.045,39,961,7,0.5013,793.5,0.4341,47,complete,0.2181,4049.8
105,5,24,326,265.679,24,326,3,0.5902,863.5,0.1915,6,complete,0.1364,4064.8
106,5,73,666,935.029,73,666,12,0.5931,940.3,0.1655,6,complete,0.2565,4098.7
107,5,25,268,243.34,25,268,2,0.5806,801.7,0.2519,10,complete,0.1727,4112.7
108,3,69,1000,593.465,49,,9,0.5,777.2,0.4921,131,step_limit,0.2492,4159.6
109,4,25,285,282.588,25,285,3,0.5035,723.5,0.1736,14,complete,0.119,4176.7
110,3,26,853,261.502,26,853,4,0.5158,786.3,0.4317,69,complete,0.2831,4221.3
111,3,21,747,224.761,21,747,3,0.5524,756.6,0.4799,200,complete,0.2881,4261.8
112,6,31,257,297.386,31,257,2,0.3898,637.3,0.0742,2,complete,0.0909,4278.0
113,4,57,1000,596.814,53,,9,0.6088,865.4,0.424,54,step_limit,0.25,4330.9
114,6,64,644,740.988,64,644,10,0.6708,947.3,0.2585,8,complete,0.1903,4367.8
115,5,57,580,721.781,57,580,10,0.521,908.1,0.2961,12,complete,0.1711,4401.7
116,3,78,1000,783.723,60,,12,0.4683,684.6,0.3267,57,step_limit,0.2708,4458.4
117,6,76,1000,806.692,70,,12,0.6835,945.9,0.4141,30,step_limit,0.253,4515.4
118,3,59,941,767.589,59,941,10,0.4832,779.1,0.295,54,complete,0.2069,4569.5
119,4,73,1000,836.26,69,,11,0.62,918.3,0.3209,43,step_limit,0.2366,4626.4
120,4,68,1000,825.747,65,,12,0.5803,891.1,0.2892,20,step_limit,0.2402,4682.2
121,6,59,508,746.613,59,508,10,0.6427,952.3,0.2016,3,complete,0.1702,4711.8
122,6,55,421,703.098,55,421,9,0.58,850.7,0.1598,9,complete,0.1369,4735.4
123,4,22,261,221.551,22,261,2,0.5019,629.4,0.1381,11,complete,0.1538,4751.2
124,3,57,1000,554.911,47,,8,0.3477,597.5,0.3337,58,step_limit,0.1883,4807.2
125,3,29,682,343.943,29,682,5,0.3998,739.1,0.249,44,complete,0.201,4845.7
126,6,80,687,1073.277,80,687,15,0.648,886.3,0.1793,12,complete,0.2015,4885.9
127,6,23,235,147.822,23,235,0,0.5433,842.7,0.2137,0,complete,0.1759,4899.0
128,4,75,1000,792.661,66,,11,0.5925,866.6,0.3096,29,step_limit,0.2743,4955.7
129,5,31,525,317.734,31,525,4,0.715,1173.9,0.2914,8,complete,0.282,4985.5
130,5,26,223,286.542,26,223,3,0.4413,577.3,0.0777,0,complete,0.125,4997.9
131,6,57,518,709.967,57,518,9,0.5669,726.6,0.2624,9,complete,0.1004,5029.5
132,4,51,1000,431.637,44,,6,0.6587,1009.5,0.4901,50,step_limit,0.2649,5083.9
133,6,36,336,386.457,36,336,4,0.6424,1010.9,0.2669,9,complete,0.1993,5102.2
134,5,49,626,605.231,49,626,9,0.6179,928.7,0.2177,21,complete,0.2044,5138.3
135,4,56,841,658.353,56,841,9,0.5794,951.3,0.3176,31,complete,0.2521,5186.9
136,3,38,825,483.413,38,825,7,0.503,747.0,0.3474,53,complete,0.2247,5232.1
137,6,37,302,398.726,37,302,4,0.5828,689.8,0.253,8,complete,0.1696,5250.8
138,5,68,898,861.394,68,898,13,0.6276,813.6,0.2792,10,complete,0.195,5300.6
139,3,63,983,859.4,63,983,12,0.3913,656.1,0.3087,57,complete,0.2194,5354.8
140,6,64,599,809.038,64,599,11,0.584,848.8,0.2962,8,complete,0.15,5389.9
141,4,48,629,602.74,48,629,8,0.4932,718.4,0.326,14,complete,0.1707,5425.6
142,5,69,624,859.554,69,624,11,0.4766,749.5,0.2389,11,complete,0.1346,5463.4
143,3,58,1000,591.041,48,,9,0.376,561.7,0.4214,69,step_limit,0.2242,5519.1
144,6,55,589,692.209,55,589,9,0.6293,924.3,0.2759,9,complete,0.1774,5553.1
145,3,39,1000,364.2,34,,5,0.5607,795.2,0.4677,157,step_limit,0.2943,5608.5
146,3,60,832,809.095,60,832,11,0.3429,595.7,0.1587,20,complete,0.1609,5656.5
147,4,44,599,577.076,44,599,8,0.4094,649.1,0.3134,34,complete,0.1311,5691.0
148,6,50,492,569.156,50,492,7,0.6548,898.4,0.2078,4,complete,0.1625,5719.3
149,3,36,735,449.533,36,735,6,0.4971,659.2,0.3466,101,complete,0.2181,5760.5
150,5,78,702,973.272,78,702,12,0.5977,886.9,0.2418,11,complete,0.1966,5802.1
151,4,64,739,827.152,64,739,11,0.3721,601.1,0.28,22,complete,0.1392,6083.7
152,6,21,141,166.226,21,141,0,0.4102,652.3,0.1178,7,complete,0.0494,6089.4
153,5,76,851,933.68,76,851,12,0.6134,867.4,0.2955,17,complete,0.1951,6118.7
154,3,40,641,491.51,40,641,6,0.5018,736.1,0.2772,28,complete,0.2325,6140.3
155,4,64,851,811.635,64,851,11,0.4512,745.4,0.2808,21,complete,0.1854,6179.1
156,5,50,576,630.83,50,576,9,0.6146,961.1,0.2523,10,complete,0.1674,6207.8
157,3,56,955,724.095,56,955,10,0.334,695.4,0.2581,37,complete,0.1871,6253.8
158,6,67,886,824.689,67,886,12,0.6714,960.2,0.3804,72,complete,0.1938,6297.6
159,5,78,659,1054.281,78,659,14,0.4079,663.4,0.2227,10,complete,0.122,6330.0
160,5,23,492,251.661,23,492,4,0.6447,876.2,0.38,9,complete,0.22,6352.9
161,6,73,672,895.007,73,672,12,0.6731,981.5,0.2295,7,complete,0.1754,6389.3
162,4,49,489,641.273,49,489,8,0.3691,714.4,0.1135,6,complete,0.1296,6417.4
163,5,36,652,394.789,36,652,5,0.588,705.5,0.4716,15,complete,0.205,6452.2
164,5,54,647,678.113,54,647,9,0.5165,695.9,0.2871,17,complete,0.1447,6488.6
165,6,47,430,522.109,47,430,6,0.626,863.4,0.345,11,complete,0.1256,6512.3
166,5,63,685,735.155,63,685,9,0.5836,829.3,0.304,10,complete,0.1927,6552.5
167,5,38,522,424.321,38,522,5,0.6701,823.9,0.4185,38,complete,0.2381,6581.2
168,5,44,605,519.977,44,605,7,0.6334,1019.5,0.2825,11,complete,0.2163,6615.4
169,5,45,780,497.789,45,780,6,0.67,936.8,0.5255,136,complete,0.1698,6658.5
170,4,78,1000,957.138,73,,13,0.4502,740.9,0.3277,14,step_limit,0.2061,6713.9
171,5,34,584,339.638,34,584,4,0.6945,918.9,0.3129,11,complete,0.229,6747.3
172,4,48,860,563.792,48,860,8,0.4753,754.3,0.4327,20,complete,0.1899,6798.0
173,4,64,1000,705.687,61,,10,0.5972,885.1,0.2579,31,step_limit,0.3217,6854.4
174,5,38,389,472.129,38,389,6,0.4283,661.9,0.2497,10,complete,0.1167,6875.7
175,4,56,816,718.967,56,816,10,0.5781,834.0,0.3151,41,complete,0.1675,6921.1
176,3,68,1000,700.087,57,,10,0.4937,771.4,0.2478,65,step_limit,0.2946,6974.9
177,5,74,676,972.943,74,676,13,0.5725,923.8,0.1514,12,complete,0.1795,7014.9
178,5,37,459,409.793,37,459,5,0.5638,924.8,0.3703,24,complete,0.1049,7040.8
179,6,48,420,544.65,48,420,6,0.6484,918.5,0.19,3,complete,0.1502,7065.6
180,4,61,962,728.797,61,962,10,0.5203,883.4,0.3317,21,complete,0.2132,7119.9
181,3,80,1000,734.321,59,,11,0.463,688.0,0.2957,40,step_limit,0.2336,7174.6
182,5,31,315,374.621,31,315,5,0.6013,825.0,0.1887,10,complete,0.1855,7193.4
183,4,53,859,645.214,53,859,9,0.5739,958.6,0.3101,16,complete,0.2212,7239.5
184,4,64,1000,699.2,60,,10,0.5925,832.7,0.3272,16,step_limit,0.2937,7294.9
185,3,49,1000,568.584,48,,8,0.3887,698.6,0.3921,76,step_limit,0.2402,7348.4
186,5,47,928,536.217,47,928,8,0.6795,837.1,0.409,59,complete,0.2038,7400.2
187,5,59,681,701.23,59,681,9,0.6837,1062.8,0.2631,17,complete,0.2396,7441.4
188,3,33,704,356.88,33,704,4,0.491,748.9,0.4104,96,complete,0.1863,7478.5
189,6,35,252,457.091,35,252,6,0.4517,710.1,0.0784,5,complete,0.1186,7493.2
190,3,30,547,337.54,30,547,4,0.4314,751.3,0.3265,45,complete,0.2061,7522.8
191,4,70,971,920.723,70,971,13,0.5633,922.2,0.2525,19,complete,0.2256,7577.3
192,5,36,299,441.911,36,299,5,0.4328,764.5,0.1653,10,complete,0.0885,7594.3
193,3,54,1000,544.15,47,,8,0.4933,740.9,0.3465,61,step_limit,0.321,7651.5
194,4,76,1000,731.674,62,,11,0.5425,942.8,0.2878,13,step_limit,0.2837,7709.3
195,5,74,1000,646.642,61,,10,0.6214,980.2,0.2892,36,step_limit,0.2651,7765.1
196,6,70,1000,780.814,66,,12,0.7193,974.8,0.4265,17,step_limit,0.2338,7822.3
197,4,34,747,366.432,34,747,5,0.5177,863.9,0.3112,17,complete,0.2094,7862.6
198,3,33,659,396.812,33,659,5,0.522,796.1,0.2288,55,complete,0.2941,7899.0
199,6,46,368,532.99,46,368,6,0.5566,797.7,0.2231,11,complete,0.1032,7920.2
200,6,42,319,508.617,42,319,6,0.4859,614.0,0.1833,8,complete,0.0926,7939.3
201,6,51,380,574.0,51,380,6,0.5215,796.4,0.2007,2,complete,0.1284,8215.2
202,5,32,684,298.253,32,684,4,0.7287,1019.4,0.4069,21,complete,0.2611,8247.1
203,5,30,521,288.35,30,521,4,0.6729,1058.4,0.2248,6,complete,0.2885,8271.8
204,6,73,529,891.285,73,529,11,0.5926,910.7,0.1181,3,complete,0.1714,8295.0
205,3,44,817,546.824,44,817,7,0.4729,726.9,0.3551,94,complete,0.2308,8326.7
206,3,26,508,280.041,26,508,3,0.4508,703.8,0.3065,26,complete,0.1579,8348.0
207,5,40,606,452.813,40,606,6,0.6033,860.8,0.3554,11,complete,0.1711,8373.2
208,6,35,338,433.803,35,338,6,0.6469,891.6,0.1082,3,complete,0.1636,8387.9
209,6,75,563,962.98,75,563,12,0.4689,631.8,0.2683,10,complete,0.1091,8417.1
210,6,56,772,619.951,56,772,9,0.6557,931.1,0.3684,11,complete,0.2143,8458.6
211,3,26,705,273.05,26,705,3,0.5617,788.2,0.512,196,complete,0.2256,8493.8
212,3,58,953,748.608,58,953,10,0.3834,729.7,0.2497,39,complete,0.2047,8540.6
213,3,44,1000,540.784,43,,8,0.493,787.3,0.3489,70,step_limit,0.2724,8592.0
214,3,56,940,728.266,56,940,10,0.4035,676.4,0.2609,39,complete,0.2095,8643.3
215,4,64,953,839.03,64,953,12,0.4953,800.7,0.2655,42,complete,0.1758,8695.7
216,5,40,374,454.775,40,374,5,0.5492,892.5,0.1978,9,complete,0.1661,8717.2
217,6,41,298,495.305,41,298,6,0.4938,622.4,0.1207,3,complete,0.0944,8735.8
218,3,31,745,352.082,31,745,5,0.489,759.8,0.4002,88,complete,0.2658,8775.5
219,4,80,807,1030.01,80,807,13,0.5307,892.3,0.196,17,complete,0.1915,8823.0
220,4,53,724,669.627,53,724,9,0.4938,842.7,0.358,56,complete,0.224,8863.0
221,6,72,495,911.833,72,495,11,0.5185,768.0,0.1951,5,complete,0.0876,8892.5
222,3,27,727,258.457,27,727,3,0.5401,772.8,0.3185,45,complete,0.303,8931.8
223,6,22,222,141.835,22,222,0,0.5698,840.8,0.328,8,complete,0.2031,8944.0
224,4,62,1000,761.584,61,,11,0.509,792.0,0.3161,21,step_limit,0.2115,8998.0
225,5,58,604,697.628,58,604,9,0.5156,743.0,0.2285,14,complete,0.1619,9032.7
226,6,37,369,380.333,37,369,4,0.6481,958.1,0.2547,7,complete,0.1852,9053.3
227,3,49,1000,566.624,47,,8,0.4307,713.8,0.2831,49,step_limit,0.217,9108.6
228,5,72,626,928.915,72,626,12,0.4658,663.5,0.2633,10,complete,0.0973,9148.4
229,3,77,1000,712.568,57,,11,0.441,758.6,0.1783,42,step_limit,0.2978,9203.7
230,6,53,391,624.987,53,391,7,0.4928,650.2,0.2177,10,complete,0.0915,9225.5
231,5,56,873,667.537,56,873,10,0.6603,1076.0,0.2784,12,complete,0.28,9273.3
232,3,28,812,320.49,28,812,5,0.4343,798.1,0.3697,90,complete,0.2603,9316.6
233,5,40,537,447.525,40,537,6,0.6797,1031.5,0.2318,10,complete,0.2303,9345.8
234,5,29,336,331.286,29,336,4,0.5976,833.5,0.2493,10,complete,0.1362,9363.8
235,6,69,879,851.464,69,879,12,0.6534,856.0,0.3516,18,complete,0.2122,9414.0
236,4,30,617,355.387,30,617,5,0.6625,1062.7,0.3912,35,complete,0.2197,9447.1
237,5,24,477,252.608,24,477,4,0.5774,871.0,0.4399,39,complete,0.1808,9473.1
238,5,21,271,198.021,21,271,2,0.5661,883.0,0.1235,9,complete,0.1282,9487.8
239,5,60,826,702.667,60,826,10,0.6615,998.2,0.3173,23,complete,0.2172,9534.2
240,6,58,520,727.441,58,520,10,0.625,840.9,0.2576,10,complete,0.1596,9564.7
241,3,26,454,317.703,26,454,4,0.3267,598.3,0.1604,22,complete,0.109,9590.3
242,4,43,851,525.36,43,851,8,0.6002,948.3,0.4076,26,complete,0.2442,9636.6
243,5,55,789,617.341,55,789,8,0.6641,935.4,0.305,12,complete,0.1959,9681.1
244,6,48,419,574.522,48,419,7,0.5831,707.7,0.2151,3,complete,0.1338,9706.2
245,6,67,641,831.059,67,641,11,0.6188,903.2,0.2928,7,complete,0.1589,9743.8
246,4,65,994,800.342,65,994,11,0.538,944.7,0.2741,24,complete,0.2063,9801.3
247,6,49,440,524.906,49,440,6,0.6428,863.6,0.1825,5,complete,0.1757,9828.9
248,3,41,918,481.719,41,918,7,0.4415,775.7,0.3288,49,complete,0.2857,9880.5
249,5,26,231,322.585,26,231,4,0.4312,611.4,0.1348,6,complete,0.0513,9893.1
250,5,43,471,491.822,43,471,6,0.6225,786.5,0.2202,9,complete,0.12,9919.8
251,5,71,657,921.664,71,657,12,0.565,861.2,0.1723,9,complete,0.1491,10208.8
252,3,48,1000,529.275,45,,8,0.4667,770.6,0.1886,39,step_limit,0.3302,10249.5
253,4,30,443,341.22,30,443,4,0.5666,767.0,0.3239,42,complete,0.1447,10267.0
254,5,26,496,187.2,26,496,2,0.7181,856.4,0.4006,36,complete,0.3057,10288.0
255,6,69,529,862.086,69,529,11,0.5744,799.9,0.1631,5,complete,0.1584,10314.2
256,6,33,306,327.458,33,306,3,0.7053,1015.7,0.2674,8,complete,0.1833,10328.5
257,4,55,1000,535.875,50,,8,0.6158,1045.3,0.334,29,step_limit,0.2795,10378.1
258,5,36,694,334.689,36,694,5,0.6847,1076.0,0.3902,47,complete,0.2872,10415.8
259,4,79,1000,971.375,74,,14,0.4815,822.9,0.1783,14,step_limit,0.187,10463.1
260,3,41,835,460.906,41,835,6,0.3996,698.2,0.1948,26,complete,0.1948,10501.8
261,6,21,295,181.057,21,295,2,0.6791,945.6,0.3098,8,complete,0.2125,10516.9
262,3,43,884,520.968,43,884,7,0.4943,759.2,0.2895,38,complete,0.2015,10557.8
263,5,21,244,170.538,21,244,1,0.6549,858.9,0.199,4,complete,0.1588,10569.0
264,6,50,510,558.4,50,510,7,0.6592,1098.3,0.2626,5,complete,0.2443,10595.2
265,3,35,941,408.081,35,941,6,0.5179,780.0,0.2755,46,complete,0.2322,10640.9
266,4,54,737,683.972,54,737,9,0.5974,799.0,0.3035,35,complete,0.1676,10676.5
267,5,46,461,526.711,46,461,6,0.4273,682.9,0.3735,16,complete,0.093,10698.0
268,3,33,793,364.61,33,793,5,0.517,784.1,0.4128,71,complete,0.2051,10741.5
269,3,42,1000,449.114,40,,6,0.4563,780.5,0.4876,105,step_limit,0.2175,10794.9
270,4,45,933,477.611,45,933,7,0.5054,937.2,0.329,28,complete,0.2921,10849.0
271,5,37,434,418.57,37,434,5,0.6475,905.4,0.3339,17,complete,0.1806,10875.2
272,3,47,1000,569.577,46,,8,0.4497,695.4,0.2644,45,step_limit,0.2523,10931.3
273,6,76,685,938.195,76,685,12,0.5129,785.2,0.2265,7,complete,0.1396,10971.3
274,6,29,505,264.707,29,505,3,0.738,995.7,0.4319,18,complete,0.2401,10999.4
275,4,78,1000,905.767,72,,13,0.5903,813.8,0.2414,16,step_limit,0.2734,11058.2
276,5,49,634,625.198,49,634,9,0.5025,731.9,0.3912,20,complete,0.1318,11093.2
277,3,67,1000,681.146,56,,10,0.4387,711.3,0.2676,66,step_limit,0.2356,11149.2
278,4,30,602,362.007,30,602,5,0.6404,1059.3,0.3704,27,complete,0.2227,11182.7
279,6,44,487,487.562,44,487,6,0.6167,766.3,0.3365,11,complete,0.1412,11210.4
280,4,32,743,340.993,32,743,5,0.4892,944.4,0.3411,28,complete,0.2,11250.5
281,4,36,879,337.284,36,879,5,0.4593,761.5,0.3785,32,complete,0.1845,11296.0
282,4,56,646,703.596,56,646,9,0.4783,699.9,0.1967,19,complete,0.1532,11334.3
283,4,75,802,998.975,75,802,13,0.4264,721.8,0.2288,26,complete,0.126,11380.4
284,5,21,250,211.714,21,250,2,0.484,693.9,0.2831,9,complete,0.0914,11394.2
285,6,72,569,924.76,72,569,12,0.5393,813.2,0.1391,3,complete,0.1127,11428.9
286,6,78,491,1028.363,78,491,13,0.5248,746.9,0.149,6,complete,0.1028,11461.4
287,3,39,607,514.605,39,607,7,0.4739,663.3,0.178,34,complete,0.1711,11494.4
288,4,39,484,477.189,39,484,6,0.5294,772.8,0.2493,11,complete,0.0985,11522.1
289,3,49,968,635.058,49,968,9,0.4452,785.8,0.2497,56,complete,0.2468,11578.1
290,4,29,665,303.952,29,665,4,0.5233,980.9,0.3221,12,complete,0.2765,11615.2
291,5,68,678,838.313,68,678,11,0.5611,780.0,0.2512,12,complete,0.1453,11654.9
292,3,69,1000,752.591,61,,10,0.3923,770.1,0.2908,48,step_limit,0.1928,11709.9
293,3,38,884,450.335,38,884,7,0.4163,682.4,0.3085,86,complete,0.2688,11757.1
294,5,41,530,506.049,41,530,7,0.6008,916.9,0.3491,23,complete,0.1974,11787.6
295,4,35,452,410.817,35,452,5,0.5658,883.9,0.1602,8,complete,0.2131,11813.1
296,6,49,698,531.779,49,698,7,0.5745,782.0,0.4641,71,complete,0.1537,11852.5
297,4,78,1000,885.851,70,,13,0.4763,820.2,0.2273,22,step_limit,0.2064,11906.8
298,4,73,1000,808.16,64,,12,0.5255,936.5,0.3165,14,step_limit,0.2573,11963.7
299,6,75,557,980.404,75,557,13,0.5281,745.0,0.1921,3,complete,0.1016,11997.1
300,4,39,702,485.015,39,702,7,0.5524,915.4,0.3217,22,complete,0.2024,12035.8
301,3,69,1000,830.196,62,,12,0.395,698.9,0.2469,76,step_limit,0.2177,12324.5
302,6,60,707,679.27,60,707,9,0.6247,947.3,0.3715,13,complete,0.1927,12358.5
303,4,74,1000,947.068,72,,13,0.4815,756.9,0.337,117,step_limit,0.1512,12407.8
304,4,25,347,304.42,25,347,4,0.469,698.6,0.2163,19,complete,0.0889,12425.9
305,3,75,1000,709.36,56,,11,0.449,673.0,0.3269,57,step_limit,0.2316,12472.9
306,4,29,501,324.543,29,501,4,0.5763,920.8,0.3547,21,complete,0.1681,12499.8
307,6,29,258,297.468,29,258,3,0.5032,753.9,0.1082,3,complete,0.1301,12515.5
308,6,35,241,388.734,35,241,4,0.6093,559.3,0.0411,2,complete,0.0764,12529.5
309,5,37,430,378.973,37,430,4,0.6674,987.1,0.2337,12,complete,0.1719,12551.6
310,3,74,1000,751.928,60,,11,0.441,762.9,0.2244,77,step_limit,0.2147,12599.6
311,6,42,661,385.797,42,661,5,0.6929,950.9,0.4199,18,complete,0.2433,12633.7
312,6,73,817,866.988,73,817,12,0.6881,1024.3,0.2442,10,complete,0.187,12674.3
313,4,34,1000,269.365,33,,5,0.6643,927.6,0.436,174,step_limit,0.3575,12723.3
314,3,26,1000,162.673,24,,3,0.5487,742.4,0.5462,165,step_limit,0.284,12767.4
315,6,20,255,146.85,20,255,1,0.717,968.8,0.1853,2,complete,0.2568,12779.9
316,5,24,275,189.042,24,275,1,0.536,673.8,0.0697,1,complete,0.1081,12793.0
317,6,23,333,195.394,23,333,2,0.6466,948.1,0.2308,5,complete,0.2576,12808.9
318,3,45,958,557.073,45,958,8,0.4934,805.0,0.248,72,complete,0.3105,12858.7
319,6,52,618,612.982,52,618,8,0.6839,1061.1,0.4117,9,complete,0.1382,12893.0
320,4,25,374,304.372,25,374,4,0.4753,702.8,0.1712,11,complete,0.1011,12913.2
321,3,34,595,400.45,34,595,5,0.4723,789.3,0.2794,44,complete,0.1768,12945.9
322,3,33,848,408.324,33,848,6,0.4332,764.2,0.4033,74,complete,0.1992,12991.9
323,3,35,697,434.179,35,697,6,0.5323,734.0,0.2811,26,complete,0.2194,13030.3
324,5,70,776,904.936,70,776,12,0.575,848.3,0.2999,24,complete,0.1364,13073.5
325,3,43,876,521.676,43,876,7,0.4429,721.0,0.3807,95,complete,0.1905,13121.7
326,5,42,884,459.383,42,884,7,0.6762,1081.8,0.38,50,complete,0.2845,13170.6
327,6,62,529,707.95,62,529,8,0.5586,871.8,0.2479,9,complete,0.1322,13202.5
328,3,53,1000,687.538,52,,10,0.4233,732.6,0.2862,38,step_limit,0.2411,13259.0
329,5,31,454,304.606,31,454,4,0.6048,894.5,0.3672,30,complete,0.1927,13283.5
330,4,65,1000,762.665,61,,11,0.491,777.9,0.348,28,step_limit,0.1754,13338.3
331,3,25,463,289.262,25,463,4,0.5371,616.3,0.3228,84,complete,0.16,13364.5
332,3,79,1000,616.284,55,,9,0.4123,762.2,0.2972,37,step_limit,0.2708,13419.6
333,4,37,879,406.581,37,879,6,0.624,878.7,0.3429,19,complete,0.2922,13465.4
334,3,72,1000,953.775,71,,13,0.396,664.4,0.1472,23,step_limit,0.1679,13521.1
335,4,23,338,259.893,23,338,3,0.6346,873.1,0.2961,31,complete,0.1768,13538.4
336,4,57,1000,496.109,48,,8,0.599,872.7,0.3913,122,step_limit,0.2847,13593.3
337,4,76,1000,819.216,66,,12,0.5913,899.3,0.2688,38,step_limit,0.2577,13647.5
338,3,30,754,303.21,30,754,4,0.5208,795.0,0.4052,53,complete,0.2394,13690.7
339,5,73,747,1004.164,73,747,14,0.4942,760.0,0.2157,14,complete,0.1078,13733.4
340,6,34,342,324.156,34,342,3,0.6384,711.8,0.3055,11,complete,0.1296,13753.3
341,5,26,609,248.704,26,609,4,0.7199,1064.1,0.309,18,complete,0.2738,13786.4
342,3,46,1000,462.991,41,,6,0.3557,649.2,0.4161,156,step_limit,0.1319,13839.6
343,3,50,975,604.318,50,975,8,0.4797,788.4,0.2095,45,complete,0.2799,13893.9
344,5,28,297,333.543,28,297,4,0.4613,676.9,0.3123,10,complete,0.0684,13910.4
345,5,61,736,736.618,61,736,10,0.6427,950.5,0.266,16,complete,0.2128,13951.4
346,3,29,752,335.168,29,752,5,0.5381,775.0,0.2866,60,complete,0.3524,13992.5
347,3,42,963,504.817,42,963,7,0.5268,788.6,0.265,35,complete,0.2951,14044.2
348,5,53,424,668.791,53,424,8,0.5259,690.7,0.1434,13,complete,0.0714,14070.0
349,4,62,1000,644.135,55,,10,0.5665,998.4,0.2936,17,step_limit,0.2654,14125.3
350,4,79,953,1001.362,79,953,13,0.4428,818.4,0.2251,15,complete,0.1996,14177.2
351,5,65,761,817.627,65,761,11,0.6239,1035.4,0.319,35,complete,0.2,14442.5
352,5,36,356,422.172,36,356,5,0.5989,809.6,0.1887,15,complete,0.1393,14459.6
353,4,62,735,816.455,62,735,11,0.3779,555.6,0.2577,27,complete,0.1321,14497.2
354,5,35,332,419.471,35,332,5,0.3217,733.4,0.1913,19,complete,0.0692,14513.6
355,4,24,313,236.563,24,313,2,0.4217,618.7,0.2657,34,complete,0.1062,14529.4
356,5,62,833,729.245,62,833,10,0.6267,1046.3,0.2587,10,complete,0.2745,14569.4
357,3,21,468,233.617,21,468,3,0.5662,787.7,0.3058,30,complete,0.1778,14593.3
358,5,26,422,270.4,26,422,3,0.4673,655.3,0.4377,27,complete,0.1244,14616.1
359,3,52,1000,606.785,50,,8,0.5307,746.3,0.3481,93,step_limit,0.2233,14668.2
360,6,52,596,593.813,52,596,8,0.6916,936.6,0.2672,11,complete,0.1556,14697.4
361,4,40,536,511.02,40,536,7,0.5434,788.0,0.1814,19,complete,0.1632,14722.8
362,6,52,780,616.108,52,780,10,0.7316,1112.5,0.2792,18,complete,0.2516,14760.4
363,6,64,669,732.557,64,669,10,0.6849,1061.8,0.2221,7,complete,0.2186,14792.7
364,3,64,1000,703.15,56,,10,0.462,737.5,0.2493,60,step_limit,0.2625,14839.8
365,5,69,690,860.63,69,690,11,0.582,926.5,0.2341,16,complete,0.1456,14873.6
366,6,61,576,683.747,61,576,8,0.5272,763.2,0.302,9,complete,0.1059,14901.3
367,4,53,683,650.261,53,683,8,0.3898,574.5,0.3044,21,complete,0.1105,14934.6
368,6,73,423,918.393,73,423,11,0.5205,591.9,0.0959,8,complete,0.0921,14960.7
369,5,30,414,319.667,30,414,4,0.4754,697.3,0.2929,8,complete,0.1444,14983.8
370,3,71,987,919.975,71,987,12,0.3583,630.8,0.2325,39,complete,0.1508,15039.5
371,4,54,852,593.927,54,852,8,0.4463,756.7,0.2705,32,complete,0.2386,15086.9
372,6,80,655,1030.672,80,655,14,0.4891,797.6,0.2449,9,complete,0.1097,15126.3
373,3,41,684,481.995,41,684,6,0.4269,761.5,0.2519,47,complete,0.2593,15163.0
374,3,67,1000,640.14,55,,9,0.344,638.3,0.3749,79,step_limit,0.2035,15218.0
375,4,62,1000,557.145,52,,9,0.4748,782.5,0.2162,48,step_limit,0.2523,15273.1
376,5,72,1000,837.951,71,,11,0.616,934.8,0.3189,16,step_limit,0.2031,15329.1
377,6,63,786,675.721,63,786,9,0.6149,1027.0,0.2406,6,complete,0.2194,15374.9
378,5,74,702,919.454,74,702,12,0.4906,679.4,0.2018,11,complete,0.1233,15415.7
379,4,77,832,1003.015,77,832,13,0.4817,768.8,0.1463,29,complete,0.1989,15462.2
380,4,73,828,956.131,73,828,13,0.4046,642.0,0.2825,22,complete,0.118,15511.1
381,5,20,221,177.05,20,221,1,0.5529,602.2,0.084,2,complete,0.1032,15523.2
382,3,75,1000,772.724,61,,11,0.4533,708.7,0.276,33,step_limit,0.2147,15578.4
383,4,52,993,609.195,52,993,9,0.4806,821.4,0.3746,55,complete,0.2087,15631.7
384,3,77,1000,965.723,73,,13,0.383,667.2,0.16,34,step_limit,0.1791,15688.4
385,3,62,1000,667.569,53,,10,0.512,786.9,0.1892,26,step_limit,0.3072,15742.4
386,4,80,1000,553.175,54,,9,0.4893,795.2,0.2809,35,step_limit,0.2332,15796.4
387,4,31,417,362.936,31,417,4,0.4047,713.8,0.3597,30,complete,0.1027,15820.3
388,4,33,674,398.134,33,674,6,0.5697,908.9,0.3663,38,complete,0.2348,15856.9
389,5,72,1000,858.444,70,,13,0.5996,926.2,0.3394,16,step_limit,0.2391,15914.5
390,5,71,621,945.337,71,621,13,0.4802,752.9,0.1739,10,complete,0.117,15952.1
391,5,50,657,564.68,50,657,8,0.3787,667.1,0.3517,12,complete,0.1618,15989.9
392,6,71,472,941.6,71,472,12,0.4996,809.6,0.1706,9,complete,0.0858,16019.7
393,6,21,178,146.906,21,178,0,0.7097,946.3,0.1302,0,complete,0.1369,16029.6
394,6,60,666,670.85,60,666,9,0.6119,942.2,0.2521,8,complete,0.1633,16070.2
395,5,55,603,684.141,55,603,9,0.4803,646.9,0.264,28,complete,0.1258,16104.4
396,5,71,600,946.627,71,600,12,0.4097,626.1,0.2894,10,complete,0.0891,16138.9
397,4,36,670,444.544,36,670,6,0.5381,854.1,0.3167,16,complete,0.1771,16176.8
398,4,52,670,662.085,52,670,9,0.4101,671.7,0.2776,47,complete,0.1301,16214.4
399,3,46,762,560.12,46,762,7,0.4361,699.7,0.2759,66,complete,0.2161,16258.3
400,4,34,513,391.339,34,513,5,0.6111,785.1,0.2603,18,complete,0.1667,16287.4
401,3,38,882,438.101,38,882,6,0.4906,787.9,0.2717,39,complete,0.2846,16558.9
402,5,36,528,434.697,36,528,6,0.6644,1000.2,0.2819,10,complete,0.1851,16584.8
403,4,73,821,970.276,73,821,13,0.4589,805.7,0.2373,17,complete,0.1455,16625.3
404,5,70,984,835.057,70,984,12,0.6539,1032.3,0.2669,14,complete,0.2279,16673.6
405,3,25,510,306.468,25,510,4,0.5026,771.5,0.3376,40,complete,0.1961,16697.1
406,6,58,557,692.718,58,557,9,0.6685,922.9,0.1695,6,complete,0.1594,16724.9
407,5,70,696,927.75,70,696,13,0.5603,833.3,0.2231,10,complete,0.177,16761.9
408,4,40,617,473.81,40,617,6,0.4429,655.6,0.3292,42,complete,0.13,16796.4
409,3,30,844,315.95,30,844,4,0.4526,768.4,0.3488,78,complete,0.2061,16842.0
410,3,63,1000,713.471,57,,10,0.386,751.6,0.3351,39,step_limit,0.2,16891.0
411,3,48,975,613.437,48,975,9,0.4499,768.1,0.2044,35,complete,0.2821,16939.5
412,5,34,486,383.7,34,486,5,0.6086,814.1,0.3699,35,complete,0.1788,16962.6
413,4,22,366,203.887,22,366,2,0.5546,802.1,0.2,10,complete,0.1989,16981.4
414,3,51,920,649.476,51,920,9,0.4888,791.3,0.2614,58,complete,0.2628,17026.5
415,6,45,474,456.44,45,474,5,0.6322,1039.0,0.3017,14,complete,0.162,17050.2
416,4,60,898,786.22,60,898,11,0.6011,944.6,0.2264,31,complete,0.2225,17093.9
417,3,43,966,502.487,43,966,7,0.5007,782.8,0.3336,49,complete,0.2607,17138.0
418,5,75,946,909.847,75,946,13,0.5966,881.1,0.2941,12,complete,0.231,17190.7
419,6,60,581,702.15,60,581,10,0.5886,862.4,0.1898,12,complete,0.1841,17225.3
420,3,22,502,231.722,22,502,3,0.5252,802.8,0.3123,49,complete,0.2533,17253.0
421,5,40,540,414.2,40,540,5,0.6644,1017.1,0.2377,10,complete,0.2289,17283.6
422,6,52,713,594.028,52,713,8,0.5998,836.2,0.3774,10,complete,0.154,17326.3
423,4,29,320,314.472,29,320,3,0.4945,746.9,0.1785,14,complete,0.0851,17344.5
424,4,29,404,363.585,29,404,5,0.4022,658.3,0.1588,12,complete,0.1204,17366.5
425,3,80,1000,798.773,65,,11,0.3667,639.4,0.1948,37,step_limit,0.2097,17422.0
426,5,78,656,1038.847,78,656,14,0.5037,669.9,0.138,7,complete,0.1244,17460.9
427,4,46,611,551.847,46,611,7,0.561,836.2,0.2635,19,complete,0.2115,17493.9
428,5,72,1000,853.25,70,,11,0.6012,898.0,0.4455,52,step_limit,0.1906,17551.6
429,4,72,1000,732.617,62,,11,0.5148,779.0,0.2616,23,step_limit,0.288,17607.8
430,3,78,1000,798.596,64,,11,0.3563,674.7,0.2856,80,step_limit,0.2139,17662.5
431,4,23,316,247.721,23,316,3,0.6495,916.5,0.2109,15,complete,0.2,17681.0
432,6,41,313,431.161,41,313,4,0.4143,620.9,0.1745,7,complete,0.0774,17698.7
433,3,66,1000,652.759,56,,9,0.4373,632.4,0.3346,123,step_limit,0.2145,17753.3
434,5,62,651,785.273,62,651,11,0.5763,877.9,0.1435,7,complete,0.1963,17790.4
435,3,32,854,375.046,32,854,5,0.5359,781.6,0.3783,62,complete,0.2346,17836.9
436,6,65,541,792.822,65,541,10,0.5385,740.0,0.2644,9,complete,0.1018,17867.7
437,5,61,538,743.543,61,538,9,0.4212,686.2,0.2192,28,complete,0.0978,17898.5
438,3,37,785,392.836,37,785,5,0.4191,777.2,0.2873,60,complete,0.246,17941.1
439,5,49,634,574.024,49,634,8,0.6104,997.2,0.2179,7,complete,0.2069,17977.2
440,4,42,618,487.513,42,618,6,0.4862,884.2,0.3413,53,complete,0.1591,18013.0
441,3,54,1000,601.828,49,,9,0.4607,721.2,0.3434,87,step_limit,0.2823,18067.4
442,6,41,401,448.55,41,401,5,0.5466,697.6,0.3412,17,complete,0.1095,18090.9
443,4,61,1000,748.467,60,,11,0.535,895.5,0.2039,19,step_limit,0.252,18146.0
444,4,55,722,699.927,55,722,9,0.5454,863.3,0.2689,16,complete,0.195,18185.7
445,3,49,915,592.54,49,915,8,0.4951,739.4,0.1754,58,complete,0.27,18234.5
446,6,72,532,924.497,72,532,12,0.6106,862.7,0.1543,4,complete,0.1531,18266.3
447,6,40,425,411.675,40,425,5,0.6651,809.3,0.2462,11,complete,0.149,18290.2
448,4,71,1000,657.063,56,,11,0.572,769.5,0.2038,20,step_limit,0.2609,18349.5
449,5,26,362,285.4,26,362,4,0.6304,875.4,0.1763,11,complete,0.1455,18367.8
450,3,56,1000,645.534,52,,9,0.481,783.4,0.2529,37,step_limit,0.2773,18415.2
451,6,51,804,595.742,51,804,9,0.715,1059.8,0.3433,13,complete,0.202,18709.6
452,3,34,894,435.062,34,894,6,0.4362,709.5,0.4845,85,complete,0.2039,18751.1
453,5,47,700,594.053,47,700,8,0.6711,761.8,0.4378,45,complete,0.1614,18782.9
454,6,70,639,837.746,70,639,11,0.6218,906.0,0.2066,8,complete,0.1824,18816.2
455,5,44,508,460.839,44,508,5,0.6193,889.2,0.2205,6,complete,0.1707,18840.3
456,6,49,421,605.23,49,421,8,0.5606,695.6,0.1634,7,complete,0.0887,18861.9
457,6,56,378,647.431,56,378,7,0.5882,761.0,0.1106,2,complete,0.097,18881.8
458,6,42,609,391.689,42,609,5,0.5887,900.5,0.2507,4,complete,0.1878,18910.7
459,3,45,1000,512.713,43,,8,0.3637,570.9,0.4083,154,step_limit,0.1821,18960.3
460,5,73,655,982.928,73,655,13,0.5395,906.3,0.1648,10,complete,0.1339,18996.2
461,3,30,823,344.64,30,823,5,0.5095,792.0,0.2946,109,complete,0.3074,19033.2
462,4,64,862,783.001,64,862,10,0.5383,814.8,0.2044,12,complete,0.1786,19074.0
463,4,63,931,822.984,63,931,12,0.5602,928.8,0.2413,11,complete,0.2045,19121.8
464,3,68,1000,814.025,64,,11,0.4007,711.5,0.1467,32,step_limit,0.2213,19170.2
465,6,63,618,750.849,63,618,10,0.6119,925.1,0.2118,4,complete,0.1771,19200.1
466,5,65,772,805.823,65,772,11,0.4798,836.2,0.1926,7,complete,0.1825,19238.4
467,5,57,623,700.534,57,623,9,0.5435,811.5,0.2602,10,complete,0.1789,19269.1
468,3,35,628,452.031,35,628,6,0.4995,781.7,0.2803,30,complete,0.2407,19302.0
469,4,46,929,530.214,46,929,8,0.6445,1041.9,0.1617,10,complete,0.3582,19354.4
470,6,53,657,666.233,53,657,10,0.6454,961.3,0.2085,3,complete,0.1719,19391.9
471,6,45,530,510.087,45,530,7,0.6302,863.9,0.1741,9,complete,0.1624,19422.1
472,4,53,929,684.212,53,929,10,0.5923,1024.5,0.283,56,complete,0.3174,19473.3
473,5,71,970,892.155,71,970,13,0.5841,783.6,0.3855,34,complete,0.2106,19528.8
474,5,25,329,287.53,25,329,4,0.6578,986.7,0.158,3,complete,0.1217,19546.3
475,5,40,459,437.762,40,459,5,0.6231,820.9,0.2349,6,complete,0.1937,19572.2
476,3,33,722,370.667,33,722,5,0.4792,744.1,0.2167,38,complete,0.2281,19612.0
477,3,21,774,194.251,21,774,3,0.3376,721.2,0.3753,121,complete,0.201,19653.9
478,5,22,449,233.823,22,449,3,0.5996,815.7,0.3659,13,complete,0.1773,19677.6
479,6,41,515,442.024,41,515,6,0.732,1172.8,0.2239,9,complete,0.2525,19706.7
480,4,57,744,732.019,57,744,10,0.5161,771.9,0.2157,14,complete,0.1619,19746.8
481,3,66,1000,705.977,57,,10,0.3683,701.7,0.1228,21,step_limit,0.2333,19800.2
482,5,76,736,977.108,76,736,13,0.5666,878.3,0.1479,18,complete,0.1752,19841.5
483,4,28,415,318.614,28,415,4,0.5584,844.0,0.2267,12,complete,0.162,19864.9
484,6,35,328,401.263,35,328,5,0.466,699.6,0.202,14,complete,0.0747,19883.3
485,6,44,372,482.644,44,372,5,0.6411,1063.1,0.2085,8,complete,0.1443,19905.9
486,6,75,561,966.528,75,561,12,0.4412,622.7,0.2502,7,complete,0.0673,19939.5
487,4,75,931,999.159,75,931,14,0.4184,700.7,0.2276,16,complete,0.1667,19991.8
488,5,60,598,730.958,60,598,9,0.5963,1016.0,0.1279,6,complete,0.1941,20026.2
489,4,80,912,1053.91,80,912,14,0.4501,770.7,0.2526,17,complete,0.1697,20078.1
490,3,30,770,259.13,30,770,3,0.3892,660.3,0.2853,44,complete,0.2105,20119.9
491,4,59,804,750.286,59,804,10,0.5423,954.0,0.3477,33,complete,0.2143,20165.8
492,3,74,1000,810.922,65,,11,0.4733,798.2,0.2063,32,step_limit,0.2688,20223.4
493,3,47,943,606.297,47,943,9,0.4818,770.6,0.1781,29,complete,0.2541,20275.4
494,4,52,758,625.142,52,758,8,0.5778,804.9,0.2598,14,complete,0.1735,20317.3
495,4,54,849,650.547,54,849,9,0.5981,843.8,0.2578,56,complete,0.2623,20363.5
496,6,56,491,683.947,56,491,9,0.6073,880.4,0.1266,6,complete,0.1471,20391.7
497,6,73,695,874.041,73,695,11,0.6835,1008.6,0.2151,9,complete,0.1681,20431.1
498,4,22,286,257.76,22,286,3,0.4589,747.4,0.2813,14,complete,0.0724,20444.8
499,6,55,490,676.529,55,490,9,0.5633,880.9,0.1299,1,complete,0.1376,20468.9
500,3,55,1000,695.995,54,,10,0.4863,782.8,0.2434,52,step_limit,0.2936,20517.4
501,6,25,256,199.68,25,256,1,0.377,689.5,0.2428,12,complete,0.0571,20777.9
502,3,53,1000,585.749,50,,8,0.5443,797.5,0.2444,31,step_limit,0.3333,20824.9
503,5,73,890,894.116,73,890,12,0.516,822.4,0.2262,29,complete,0.1717,20870.1
504,3,60,1000,719.895,57,,10,0.4007,772.4,0.2012,61,step_limit,0.2514,20917.1
505,4,72,964,909.434,72,964,12,0.5856,952.5,0.1655,12,complete,0.2576,20963.4
506,4,76,1000,939.874,72,,14,0.5288,795.6,0.2661,45,step_limit,0.2428,21012.9
507,6,79,716,988.199,79,716,13,0.568,816.0,0.3389,29,complete,0.1298,21048.8
508,6,38,380,420.632,38,380,5,0.6145,918.7,0.1685,5,complete,0.1638,21067.6
509,4,52,582,647.92,52,582,8,0.5215,727.4,0.1182,12,complete,0.1545,21101.3
510,4,42,549,499.002,42,549,6,0.5205,733.3,0.1812,12,complete,0.1644,21131.8
511,4,21,366,195.298,21,366,2,0.556,826.1,0.2655,16,complete,0.2035,21151.9
512,4,23,563,234.102,23,563,3,0.6323,1056.6,0.4441,41,complete,0.2182,21179.4
513,3,66,1000,777.041,63,,10,0.386,654.7,0.1761,29,step_limit,0.2222,21226.7
514,4,38,1000,373.032,37,,5,0.6643,887.8,0.6191,244,step_limit,0.2526,21272.6
515,5,23,326,237.852,23,326,3,0.6405,891.7,0.2016,5,complete,0.2,21288.6
516,5,34,499,404.874,34,499,6,0.5695,864.8,0.2029,11,complete,0.1701,21312.8
517,4,73,1000,783.118,66,,11,0.5493,924.9,0.2168,15,step_limit,0.2746,21359.7
518,5,43,471,492.299,43,471,6,0.5248,769.4,0.1451,10,complete,0.1565,21382.6
519,4,65,984,800.074,65,984,11,0.5887,1034.3,0.218,15,complete,0.2984,21428.6
520,5,55,747,657.25,55,747,9,0.5689,911.3,0.1977,11,complete,0.2143,21468.2
521,4,62,976,764.999,62,976,10,0.5894,799.2,0.3292,42,complete,0.2213,21522.3
522,6,37,378,415.474,37,378,5,0.6821,860.0,0.1315,6,complete,0.1293,21543.7
523,6,66,558,789.456,66,558,10,0.5696,774.7,0.1618,4,complete,0.131,21576.8
524,4,57,525,762.461,57,525,10,0.4548,689.2,0.08,13,complete,0.1167,21607.9
525,4,39,669,453.655,39,669,6,0.3886,594.7,0.4124,37,complete,0.1297,21643.4
526,5,73,827,905.068,73,827,12,0.5497,822.7,0.2571,17,complete,0.1805,21689.4
527,6,58,501,706.892,58,501,9,0.5556,804.3,0.1539,4,complete,0.1084,21719.0
528,5,46,432,564.346,46,432,7,0.5083,682.3,0.1462,12,complete,0.1224,21743.8
529,6,20,180,138.01,20,180,0,0.512,739.2,0.0719,6,complete,0.0893,21753.7
530,6,72,749,857.985,72,749,12,0.6486,888.2,0.2889,11,complete,0.1708,21797.7
531,3,21,890,117.443,17,,2,0.6296,624.6,0.7353,269,no_progress,0.2388,21846.3
532,5,32,509,318.894,32,509,4,0.6468,922.6,0.3054,16,complete,0.1581,21875.8
533,4,79,1000,856.101,70,,12,0.5028,790.8,0.2394,56,step_limit,0.2705,21929.4
534,6,56,689,635.174,56,689,9,0.6437,957.2,0.265,11,complete,0.197,21969.5
535,3,68,1000,769.918,60,,11,0.444,740.8,0.192,44,step_limit,0.2712,22023.8
536,5,57,892,593.312,57,892,8,0.6426,1062.9,0.2932,27,complete,0.2847,22075.0
537,4,49,1000,577.633,48,,9,0.611,947.0,0.302,23,step_limit,0.2376,22127.6
538,4,38,1000,377.589,36,,6,0.5998,963.0,0.3378,25,step_limit,0.2929,22181.0
539,5,79,853,1011.458,79,853,14,0.5039,824.5,0.1725,17,complete,0.1679,22228.9
540,6,70,545,899.723,70,545,12,0.5468,759.5,0.1761,5,complete,0.0957,22260.6
541,5,77,761,997.301,77,761,14,0.5348,725.6,0.2587,20,complete,0.1459,22305.2
542,5,53,727,594.122,53,727,8,0.584,937.5,0.2177,15,complete,0.2257,22348.4
543,3,49,1000,515.82,46,,7,0.475,775.5,0.2784,48,step_limit,0.263,22404.8
544,6,68,565,882.474,68,565,12,0.5944,925.4,0.1568,5,complete,0.165,22437.0
545,6,56,440,596.296,56,440,6,0.6758,895.5,0.1853,8,complete,0.1569,22458.1
546,6,75,607,940.128,75,607,12,0.4871,748.2,0.2551,10,complete,0.0803,22488.9
547,4,71,1000,803.245,64,,12,0.5703,834.7,0.2585,29,step_limit,0.2519,22539.6
548,4,80,880,1090.275,80,880,15,0.4597,851.1,0.2331,26,complete,0.1599,22583.5
549,5,38,406,420.542,38,406,5,0.6153,850.9,0.2542,5,complete,0.1182,22604.1
550,5,49,617,560.283,49,617,7,0.4937,698.9,0.292,11,complete,0.1459,22632.8
551,3,56,935,740.923,56,935,10,0.4371,786.3,0.2304,42,complete,0.2181,22940.4
552,6,27,357,229.447,27,357,2,0.6004,1087.6,0.2844,10,complete,0.1348,22956.5
553,3,46,683,603.882,46,683,8,0.4187,770.6,0.1746,25,complete,0.1835,22990.1
554,5,72,562,939.511,72,562,12,0.4299,791.3,0.1754,10,complete,0.101,23018.2
555,3,68,1000,633.05,54,,9,0.499,793.9,0.2953,55,step_limit,0.2905,23066.5
556,4,30,568,307.34,30,568,4,0.5062,806.0,0.1906,15,complete,0.1926,23093.1
557,4,46,476,577.838,46,476,7,0.4081,715.4,0.175,23,complete,0.0986,23116.8
558,5,66,1000,744.205,64,,11,0.6368,979.7,0.1232,8,step_limit,0.2873,23163.3
559,6,78,779,992.983,78,779,14,0.6656,942.5,0.2243,6,complete,0.1708,23206.6
560,3,22,505,243.432,22,505,3,0.4898,693.0,0.4058,38,complete,0.1474,23231.1
561,4,29,318,346.97,29,318,4,0.3978,676.5,0.2059,7,complete,0.0924,23247.2
562,5,71,675,913.194,71,675,12,0.5052,679.9,0.2831,20,complete,0.0875,23279.7
563,6,61,802,715.244,61,802,10,0.697,1010.1,0.3034,11,complete,0.1742,23317.1
564,6,44,276,532.363,44,276,6,0.4934,711.9,0.1047,8,complete,0.0833,23331.9
565,6,21,197,138.037,21,197,0,0.7115,843.6,0.1976,2,complete,0.092,23342.6
566,5,23,386,240.526,23,386,3,0.4497,698.7,0.2655,17,complete,0.0711,23360.0
567,6,57,400,725.795,57,400,9,0.4713,584.1,0.1905,11,complete,0.0833,23380.7
568,6,23,234,143.073,23,234,0,0.6489,1094.3,0.1489,4,complete,0.1354,23392.0
569,5,79,985,971.712,79,985,14,0.574,988.5,0.2641,8,complete,0.2566,23441.2
570,5,70,571,885.421,70,571,11,0.5247,840.0,0.1661,11,complete,0.108,23468.3
571,6,78,830,948.646,78,830,12,0.5046,585.7,0.3825,20,complete,0.1111,23509.7
572,5,70,713,900.45,70,713,12,0.5512,893.6,0.2131,10,complete,0.1514,23549.6
573,3,77,1000,732.999,59,,11,0.4543,621.5,0.3638,57,step_limit,0.2195,23605.7
574,5,34,425,356.088,34,425,4,0.6193,828.8,0.2487,5,complete,0.2214,23629.8
575,3,21,552,232.94,21,552,3,0.3756,672.5,0.3305,35,complete,0.1218,23660.2
576,4,39,383,438.97,39,383,4,0.4843,795.1,0.2448,25,complete,0.1,23682.5
577,6,53,512,610.35,53,512,7,0.6478,868.4,0.3216,9,complete,0.1208,23711.6
578,5,29,290,313.017,29,290,3,0.5876,740.7,0.115,16,complete,0.0978,23728.3
579,4,67,994,885.471,67,994,13,0.54,948.8,0.1901,12,complete,0.1969,23784.2
580,5,39,709,391.306,39,709,5,0.6869,1081.0,0.3205,34,complete,0.2296,23824.3
581,4,25,396,287.8,25,396,4,0.5006,925.3,0.1603,9,complete,0.1778,23846.8
582,3,27,690,291.611,27,690,4,0.4164,711.0,0.3686,32,complete,0.2139,23884.2
583,3,67,1000,672.036,53,,10,0.4513,682.9,0.4147,204,step_limit,0.2303,23937.9
584,5,70,900,840.857,70,900,12,0.5549,839.6,0.3341,39,complete,0.181,23991.0
585,3,50,955,648.76,50,955,9,0.429,764.8,0.2201,31,complete,0.2181,24043.0
586,3,55,1000,609.889,50,,9,0.538,764.7,0.2701,51,step_limit,0.3426,24101.0
587,6,46,421,547.649,46,421,7,0.6219,836.8,0.1279,7,complete,0.115,24126.8
588,3,39,847,444.721,39,847,6,0.4833,800.3,0.31,76,complete,0.2547,24172.8
589,6,48,655,499.6,48,655,6,0.6522,1015.9,0.3717,7,complete,0.1553,24209.5
590,4,55,876,705.769,55,876,10,0.4929,733.8,0.2443,13,complete,0.1651,24258.7
591,3,70,1000,737.996,58,,11,0.4187,676.5,0.2271,38,step_limit,0.2689,24314.1
592,3,45,997,558.563,45,997,8,0.4992,786.1,0.2016,36,complete,0.3301,24364.4
593,4,27,491,333.19,27,491,5,0.4389,564.4,0.1758,12,complete,0.1154,24391.9
594,4,77,1000,754.416,63,,12,0.582,855.5,0.2843,20,step_limit,0.3175,24440.7
595,5,64,744,802.222,64,744,11,0.5844,922.0,0.2024,8,complete,0.1643,24478.7
596,3,66,1000,679.977,55,,10,0.4343,742.5,0.2089,51,step_limit,0.271,24529.7
597,5,31,601,279.724,31,601,4,0.622,976.2,0.3315,35,complete,0.1846,24558.3
598,5,64,814,782.222,64,814,11,0.6044,982.3,0.1868,11,complete,0.2172,24599.5
599,3,39,1000,344.108,32,,6,0.512,795.1,0.4496,190,step_limit,0.3663,24652.6
600,6,80,693,991.995,80,693,13,0.5483,855.7,0.2552,5,complete,0.1203,24692.5
601,4,28,1000,217.357,27,,3,0.5727,879.3,0.4568,61,step_limit,0.2586,25032.0
602,4,78,847,1035.505,78,847,14,0.428,729.1,0.2334,20,complete,0.1426,25073.1
603,4,64,1000,584.231,52,,9,0.5547,840.3,0.2834,16,step_limit,0.2636,25121.5
604,5,68,726,841.465,68,726,11,0.5747,795.1,0.2721,16,complete,0.1833,25157.5
605,5,55,791,662.55,55,791,9,0.6609,1058.9,0.2863,10,complete,0.1818,25195.5
606,6,69,562,827.515,69,562,10,0.4712,737.3,0.2319,13,complete,0.0704,25220.9
607,3,31,820,345.671,31,820,5,0.5008,790.4,0.2815,49,complete,0.2551,25252.2
608,4,59,889,693.638,59,889,9,0.5731,899.1,0.3064,39,complete,0.2639,25289.8
609,5,56,793,680.52,56,793,10,0.6517,994.3,0.2468,45,complete,0.2424,25328.2
610,4,59,821,735.407,59,821,10,0.5378,856.9,0.2132,16,complete,0.195,25366.8
611,3,21,569,233.33,21,569,3,0.4335,741.1,0.2685,31,complete,0.2051,25393.0
612,4,27,561,216.016,27,561,2,0.4679,761.2,0.2739,32,complete,0.1518,25418.4
613,4,80,1000,811.405,69,,11,0.3875,620.7,0.3882,45,step_limit,0.1932,25469.0
614,4,54,991,619.812,54,991,9,0.5192,816.9,0.2541,16,complete,0.25,25522.8
615,3,56,1000,557.029,47,,8,0.3377,632.0,0.4455,98,step_limit,0.2296,25576.4
616,6,71,874,777.984,71,874,11,0.6779,1102.8,0.2764,8,complete,0.2462,25626.7
617,4,67,884,830.686,67,884,11,0.4901,896.4,0.2461,19,complete,0.2025,25675.9
618,4,52,663,635.118,52,663,8,0.5747,876.1,0.2802,44,complete,0.1607,25713.4
619,5,54,708,560.869,54,708,7,0.4268,710.2,0.3653,19,complete,0.1265,25755.2
620,5,66,712,825.536,66,712,11,0.6174,885.4,0.1882,10,complete,0.1477,25796.1
621,3,46,797,590.244,46,797,8,0.4212,736.0,0.3055,51,complete,0.2296,25839.3
622,4,28,633,319.466,28,633,5,0.6299,999.6,0.3089,26,complete,0.3024,25872.6
623,6,44,398,489.779,44,398,6,0.5959,748.1,0.1514,3,complete,0.0846,25897.2
624,3,42,830,493.2,42,830,6,0.3916,617.4,0.2633,46,complete,0.1444,25942.3
625,4,37,857,417.382,37,857,6,0.5026,766.5,0.4544,138,complete,0.1339,25988.1
626,4,68,944,905.922,68,944,13,0.5474,848.5,0.2454,20,complete,0.2207,26040.9
627,6,27,239,234.616,27,239,1,0.5872,813.8,0.2556,10,complete,0.1057,26055.3
628,6,38,313,432.731,38,313,5,0.4521,591.7,0.1405,4,complete,0.0621,26075.6
629,5,57,467,734.185,57,467,9,0.5332,751.4,0.1182,4,complete,0.0732,26104.3
630,3,73,1000,818.214,65,,11,0.4337,790.7,0.1738,20,step_limit,0.2302,26158.5
631,4,58,1000,536.683,48,,9,0.5998,942.8,0.3164,29,step_limit,0.2827,26211.1
632,6,36,292,424.897,36,292,5,0.4663,625.5,0.1538,6,complete,0.068,26228.6
633,3,46,1000,533.757,44,,8,0.497,676.2,0.3317,39,step_limit,0.3333,26281.4
634,4,25,612,267.716,25,612,3,0.453,678.8,0.5496,143,complete,0.1455,26313.8
635,4,39,623,457.931,39,623,6,0.6047,923.2,0.2331,10,complete,0.1959,26347.3
636,6,28,255,261.2,28,255,2,0.5111,691.8,0.1871,2,complete,0.0583,26362.1
637,6,39,344,472.583,39,344,6,0.6231,749.8,0.1205,8,complete,0.1,26381.0
638,4,46,1000,380.091,40,,6,0.5857,869.3,0.258,18,step_limit,0.3218,26431.4
639,6,21,182,144.309,21,182,0,0.6529,879.5,0.1806,3,complete,0.141,26439.8
640,3,55,1000,640.785,52,,9,0.5097,789.5,0.239,43,step_limit,0.3091,26486.6
641,4,74,1000,713.892,62,,10,0.5437,962.7,0.2309,20,step_limit,0.291,26534.2
642,4,24,444,259.69,24,444,3,0.5473,963.1,0.3435,20,complete,0.16,26554.1
643,5,57,675,691.759,57,675,9,0.6225,921.9,0.2878,13,complete,0.1692,26587.1
644,4,45,957,529.158,45,957,8,0.6105,950.9,0.2564,36,complete,0.31,26633.2
645,3,48,945,582.763,48,945,8,0.4709,761.1,0.3854,60,complete,0.2492,26677.6
646,4,25,422,263.112,25,422,3,0.6487,949.8,0.3216,27,complete,0.2157,26699.9
647,4,26,535,292.208,26,535,4,0.6136,905.7,0.3546,45,complete,0.1713,26731.6
648,4,48,820,580.217,48,820,8,0.489,716.2,0.408,192,complete,0.1828,26778.1
649,6,69,565,917.457,69,565,13,0.6168,918.8,0.2183,13,complete,0.1058,26811.6
650,4,64,1000,789.025,62,,11,0.518,785.8,0.2456,23,step_limit,0.1627,26871.4
651,5,77,1000,858.506,75,,12,0.6206,941.8,0.2267,8,step_limit,0.2114,27216.8
652,4,32,579,363.89,32,579,5,0.6364,998.9,0.2505,18,complete,0.1739,27244.1
653,4,77,1000,943.687,73,,13,0.5673,793.0,0.3196,56,step_limit,0.1755,27292.2
654,6,21,212,131.751,21,212,0,0.7036,939.8,0.1558,2,complete,0.086,27303.6
655,4,28,552,300.977,28,552,4,0.5149,759.5,0.3237,21,complete,0.1528,27332.6
656,4,50,773,604.292,50,773,8,0.6252,985.8,0.2872,11,complete,0.231,27363.6
657,5,62,631,776.224,62,631,10,0.4799,776.6,0.2513,8,complete,0.1188,27389.9
658,3,50,1000,593.248,47,,9,0.4527,790.0,0.2784,52,step_limit,0.2799,27432.2
659,5,39,359,456.255,39,359,5,0.4891,687.0,0.1503,5,complete,0.0678,27450.0
660,5,65,638,793.523,65,638,10,0.4771,671.4,0.2866,12,complete,0.0928,27481.0
661,6,20,170,148.48,20,170,0,0.3941,627.2,0.1824,2,complete,0.0062,27489.1
662,6,46,470,576.326,46,470,8,0.6206,823.6,0.1895,8,complete,0.1329,27513.2
663,4,78,726,1017.729,78,726,13,0.4873,792.1,0.1179,9,complete,0.1841,27550.1
664,4,28,425,280.586,28,425,3,0.5965,874.4,0.2673,16,complete,0.1587,27570.2
665,3,25,644,241.832,25,644,3,0.5388,769.6,0.292,53,complete,0.3065,27602.0
666,5,74,795,914.027,74,795,12,0.5753,824.7,0.2815,13,complete,0.1483,27646.0
667,4,50,712,584.12,50,712,7,0.5702,840.9,0.2733,27,complete,0.1889,27685.0
668,6,80,665,1007.765,80,665,13,0.5717,848.0,0.2011,8,complete,0.1144,27724.2
669,5,53,449,691.267,53,449,9,0.4388,721.4,0.2002,10,complete,0.0838,27750.4
670,3,68,1000,627.275,54,,9,0.4317,726.4,0.2984,67,step_limit,0.2877,27806.4
671,3,60,1000,638.495,53,,9,0.4783,746.9,0.2668,51,step_limit,0.3187,27859.8
672,3,50,816,654.67,50,816,9,0.4301,738.3,0.2726,50,complete,0.1424,27905.8
673,6,54,486,645.529,54,486,8,0.6427,906.2,0.2528,9,complete,0.1369,27933.9
674,6,73,812,868.505,73,812,11,0.6164,812.1,0.3546,10,complete,0.119,27980.5
675,4,74,876,967.257,74,876,13,0.3476,643.0,0.2329,33,complete,0.1369,28029.4
676,4,46,795,559.191,46,795,8,0.566,894.5,0.3076,24,complete,0.2255,28078.9
677,3,79,1000,929.924,73,,12,0.4747,775.9,0.2137,52,step_limit,0.2662,28135.2
678,5,41,652,487.485,41,652,7,0.6791,1007.1,0.3452,75,complete,0.18,28173.4
679,5,58,857,720.279,58,857,11,0.5895,919.9,0.3053,13,complete,0.1833,28220.2
680,3,31,913,347.455,31,913,5,0.4932,671.9,0.4056,253,complete,0.1899,28268.8
681,6,65,744,798.366,65,744,11,0.6212,919.7,0.2743,11,complete,0.1389,28313.0
682,4,72,1000,866.744,70,,12,0.5347,795.0,0.2517,35,step_limit,0.1963,28369.8
683,6,52,505,578.577,52,505,7,0.6624,952.9,0.1678,3,complete,0.173,28399.6
684,3,40,1000,415.062,39,,6,0.5133,795.6,0.3342,96,step_limit,0.3298,28452.9
685,4,74,1000,919.738,70,,13,0.5968,870.7,0.3208,19,step_limit,0.1827,28503.9
686,6,58,396,692.302,58,396,8,0.5173,739.4,0.1828,10,complete,0.0878,28527.4
687,4,46,1000,504.109,44,,7,0.6643,967.9,0.3921,30,step_limit,0.2599,28579.8
688,6,33,314,355.524,33,314,4,0.5504,683.2,0.1786,5,complete,0.0882,28595.4
689,5,80,857,999.65,80,857,13,0.6131,925.0,0.2818,21,complete,0.1853,28637.0
690,3,26,697,291.925,26,697,4,0.4323,719.8,0.2721,62,complete,0.2031,28669.6
691,4,40,549,439.73,40,549,5,0.4786,703.5,0.2949,37,complete,0.1397,28696.0
692,3,49,923,623.563,49,923,9,0.4095,710.7,0.2992,50,complete,0.219,28742.4
693,5,56,733,676.323,56,733,9,0.6469,908.7,0.2274,19,complete,0.1663,28782.4
694,4,69,759,896.217,69,759,12,0.4799,743.6,0.2154,20,complete,0.137,28824.2
695,5,32,382,380.634,32,382,5,0.5283,800.2,0.1761,13,complete,0.1,28845.7
696,4,48,781,559.477,48,781,7,0.6072,818.8,0.3604,112,complete,0.1927,28888.6
697,3,58,937,745.238,58,937,10,0.4383,721.2,0.1883,31,complete,0.2667,28939.9
698,5,65,760,753.277,65,760,10,0.625,925.6,0.2487,16,complete,0.2609,28983.3
699,5,44,646,488.541,44,646,7,0.6443,1005.7,0.2418,13,complete,0.2585,29020.5
700,6,40,546,375.115,40,546,5,0.6978,952.8,0.2841,11,complete,0.1643,29051.7
701,6,26,246,177.132,26,246,0,0.7615,1006.9,0.1395,8,complete,0.0931,29354.6
702,3,66,956,884.67,66,956,12,0.4512,770.9,0.183,35,complete,0.2017,29401.7
703,4,25,609,225.552,25,609,3,0.5644,841.6,0.3343,13,complete,0.2288,29430.2
704,6,35,314,417.991,35,314,5,0.5451,895.9,0.1299,4,complete,0.1111,29445.9
705,4,24,375,219.933,24,375,2,0.408,625.9,0.2812,21,complete,0.1012,29460.9
706,3,64,1000,841.539,62,,12,0.4413,764.8,0.2709,53,step_limit,0.1833,29501.6
707,4,24,369,229.99,24,369,2,0.479,681.5,0.351,16,complete,0.0872,29517.6
708,6,68,592,847.654,68,592,11,0.4975,671.7,0.2693,9,complete,0.1003,29543.7
709,4,57,1000,655.9,55,,9,0.6042,881.7,0.294,37,step_limit,0.25,29586.1
710,6,78,818,964.782,78,818,13,0.5803,916.0,0.307,15,complete,0.1344,29623.8
711,6,34,363,357.285,34,363,4,0.6524,965.4,0.1608,7,complete,0.1356,29641.4
712,4,21,323,245.042,21,323,3,0.5573,845.6,0.1441,8,complete,0.0833,29657.7
713,3,63,1000,720.133,57,,10,0.5043,789.5,0.2062,34,step_limit,0.3043,29707.2
714,3,64,1000,852.964,63,,12,0.4363,777.7,0.237,39,step_limit,0.2,29762.2
715,5,43,380,553.326,43,380,7,0.4153,687.2,0.0922,10,complete,0.0603,29784.6
716,3,39,1000,427.362,38,,6,0.5613,775.4,0.3904,126,step_limit,0.2943,29836.8
717,4,67,928,870.932,67,928,12,0.479,654.3,0.283,24,complete,0.162,29889.4
718,5,68,860,883.985,68,860,13,0.5851,941.5,0.2878,11,complete,0.1488,29938.1
719,5,67,795,833.907,67,795,11,0.6468,983.0,0.2316,18,complete,0.1864,29984.3
720,3,49,770,627.869,49,770,8,0.2628,531.8,0.2987,68,complete,0.0932,30026.0
721,4,29,513,318.949,29,513,4,0.6106,747.8,0.3888,38,complete,0.1125,30055.5
722,6,59,670,690.756,59,670,9,0.5756,828.0,0.341,9,complete,0.1053,30094.5
723,5,70,618,876.543,70,618,11,0.3968,732.8,0.1736,8,complete,0.0824,30132.7
724,4,69,797,897.872,69,797,12,0.4642,817.5,0.1676,11,complete,0.1419,30177.9
725,4,62,1000,710.397,60,,10,0.6348,1060.4,0.2351,19,step_limit,0.3037,30234.7
726,6,56,502,662.716,56,502,8,0.5564,890.8,0.2272,15,complete,0.1066,30263.9
727,3,57,1000,618.542,50,,9,0.3333,589.8,0.4113,52,step_limit,0.1742,30319.8
728,6,43,412,447.933,43,412,5,0.6711,987.4,0.2009,7,complete,0.153,30342.0
729,5,77,778,1007.684,77,778,14,0.5139,749.2,0.2603,14,complete,0.148,30387.4
730,4,27,562,269.172,27,562,3,0.5227,865.9,0.2916,24,complete,0.1393,30416.7
731,4,80,1000,975.83,76,,14,0.4088,801.8,0.2632,23,step_limit,0.1667,30469.5
732,3,80,1000,894.193,70,,12,0.3967,694.8,0.2439,31,step_limit,0.231,30519.8
733,5,64,714,806.105,64,714,11,0.5717,816.2,0.2376,11,complete,0.1585,30556.6
734,3,38,462,465.722,38,462,5,0.3846,691.1,0.265,19,complete,0.0476,30577.9
735,5,63,692,817.186,63,692,11,0.6168,971.0,0.2597,16,complete,0.1204,30612.6
736,4,52,696,625.029,52,696,8,0.5151,792.7,0.2034,10,complete,0.1639,30647.0
737,3,41,745,515.809,41,745,7,0.5105,795.1,0.2764,38,complete,0.2103,30683.0
738,5,49,582,603.829,49,582,8,0.5488,762.3,0.1406,7,complete,0.1235,30713.5
739,4,27,546,271.612,27,546,3,0.5609,874.7,0.4034,71,complete,0.1379,30741.8
740,3,32,570,406.647,32,570,6,0.5064,758.6,0.275,28,complete,0.194,30772.9
741,4,25,410,291.016,25,410,4,0.4939,681.0,0.164,13,complete,0.1141,30795.7
742,3,48,916,627.939,48,916,9,0.4549,770.3,0.2706,76,complete,0.2079,30847.1
743,5,54,682,651.965,54,682,9,0.4273,669.8,0.2545,19,complete,0.1192,30886.9
744,5,24,437,201.483,24,437,2,0.5176,862.2,0.2571,9,complete,0.1087,30910.6
745,6,37,300,396.676,37,300,4,0.5028,743.9,0.1587,7,complete,0.05,30928.2
746,4,50,719,598.076,50,719,8,0.6095,892.7,0.2491,16,complete,0.232,30968.8
747,3,78,1000,743.354,60,,11,0.494,750.5,0.156,27,step_limit,0.273,31023.9
748,4,33,565,377.376,33,565,5,0.554,847.1,0.364,45,complete,0.1935,31053.4
749,4,20,474,163.14,20,474,2,0.5791,828.1,0.2689,20,complete,0.2092,31078.7
750,5,80,640,1032.806,80,640,13,0.5059,738.5,0.1547,10,complete,0.1333,31116.2
751,6,29,322,296.118,29,322,3,0.6222,747.7,0.1985,3,complete,0.1377,31414.3
752,5,21,337,195.245,21,337,2,0.6421,1000.7,0.2321,11,complete,0.1538,31431.6
753,6,21,221,164.654,21,221,1,0.4502,785.8,0.0977,3,complete,0.1094,31441.9
754,5,39,434,435.928,39,434,5,0.6037,970.5,0.3523,13,complete,0.1323,31463.8
755,3,68,1000,560.563,51,,8,0.473,624.9,0.2832,38,step_limit,0.2586,31512.6
756,3,80,1000,812.044,62,,12,0.3573,628.3,0.2936,70,step_limit,0.1799,31555.3
757,5,62,552,826.819,62,552,11,0.4406,585.2,0.2835,12,complete,0.0708,31580.6
758,5,36,551,354.756,36,551,4,0.7274,1071.3,0.3493,40,complete,0.1463,31603.4
759,6,46,621,513.279,46,621,7,0.7558,938.3,0.2989,6,complete,0.1772,31628.7
760,3,23,553,228.153,23,553,3,0.4617,747.3,0.4031,106,complete,0.1986,31651.4
761,6,36,318,452.737,36,318,6,0.4838,578.6,0.2274,5,complete,0.076,31667.9
762,3,66,1000,829.091,65,,11,0.4073,647.2,0.2349,48,step_limit,0.1843,31713.0
763,3,24,447,269.09,24,447,3,0.4004,717.4,0.198,20,complete,0.1206,31733.9
764,3,27,696,292.564,27,696,4,0.3218,522.1,0.4011,137,complete,0.1515,31765.9
765,5,43,520,494.442,43,520,6,0.4392,614.2,0.2314,11,complete,0.0743,31793.0
766,3,25,499,293.454,25,499,4,0.4763,711.5,0.2204,34,complete,0.1939,31820.3
767,3,65,1000,758.188,61,,10,0.5323,792.5,0.1514,23,step_limit,0.2717,31878.5
768,3,50,781,637.536,50,781,8,0.4336,709.7,0.2823,36,complete,0.1409,31921.4
769,5,40,362,453.6,40,362,5,0.5564,755.6,0.162,5,complete,0.0945,31943.4
770,6,58,700,685.545,58,700,9,0.6536,884.2,0.3487,13,complete,0.1254,31983.0
771,3,28,968,295.806,28,968,4,0.6067,774.0,0.4688,117,complete,0.2863,32035.3
772,5,53,501,720.11,53,501,10,0.5741,639.7,0.18,13,complete,0.1126,32063.7
773,3,60,1000,675.935,57,,9,0.501,788.7,0.2096,51,step_limit,0.3017,32120.3
774,4,60,1000,599.947,54,,9,0.5925,945.3,0.3315,26,step_limit,0.2941,32176.0
775,3,62,1000,767.271,58,,11,0.4397,682.5,0.2821,55,step_limit,0.1639,32230.0
776,3,47,1000,501.606,45,,7,0.4247,767.7,0.2147,28,step_limit,0.2451,32283.9
777,3,77,973,1051.741,77,973,14,0.3943,701.6,0.163,32,complete,0.1757,32332.2
778,3,29,914,275.239,29,914,4,0.5011,766.7,0.3062,46,complete,0.3211,32375.1
779,4,79,1000,640.194,58,,10,0.5753,908.7,0.2415,26,step_limit,0.2778,32423.5
780,6,50,665,527.088,50,665,7,0.6434,926.3,0.2878,5,complete,0.1791,32456.2
781,3,53,1000,588.908,47,,9,0.5127,781.4,0.2025,37,step_limit,0.3152,32503.2
782,3,35,890,407.14,35,890,6,0.5446,804.0,0.2006,64,complete,0.3142,32545.8
783,6,55,464,624.782,55,464,7,0.5503,823.9,0.2278,5,complete,0.1167,32570.6
784,3,53,905,707.195,53,905,10,0.4398,667.6,0.2284,83,complete,0.1776,32620.2
785,6,56,724,623.314,56,724,9,0.7171,1092.0,0.2086,7,complete,0.2279,32661.1
786,4,73,1000,816.644,69,,11,0.5807,963.3,0.2214,11,step_limit,0.312,32718.0
787,5,70,830,908.421,70,830,13,0.5892,896.8,0.2326,10,complete,0.1732,32764.9
788,4,31,586,357.483,31,586,5,0.4002,751.5,0.2112,19,complete,0.1269,32796.1
789,4,40,720,446.41,40,720,6,0.5101,913.8,0.1769,11,complete,0.2083,32835.0
790,6,29,380,253.455,29,380,2,0.657,922.6,0.308,4,complete,0.1915,32857.1
791,6,38,362,392.759,38,362,4,0.5083,737.8,0.1152,2,complete,0.0994,32878.3
792,6,77,697,931.615,77,697,12,0.5531,823.4,0.2114,5,complete,0.1511,32918.1
793,3,71,1000,908.185,70,,12,0.4433,741.2,0.1675,39,step_limit,0.2519,32974.7
794,3,33,655,388.686,33,655,5,0.4509,721.1,0.2925,89,complete,0.2095,33011.8
795,4,76,1000,674.505,61,,10,0.608,915.2,0.18,13,step_limit,0.318,33067.9
796,4,65,1000,523.883,49,,8,0.5288,614.4,0.4365,178,step_limit,0.2318,33123.5
797,5,72,770,910.854,72,770,12,0.5621,811.7,0.2241,12,complete,0.1322,33167.2
798,5,54,961,601.006,54,961,9,0.6629,954.8,0.303,27,complete,0.2301,33219.8
799,3,35,858,372.2,35,858,5,0.5093,775.3,0.3887,136,complete,0.2658,33266.4
800,4,78,1000,821.338,70,,11,0.5493,836.8,0.2848,19,step_limit,0.2176,33323.7
801,4,21,883,100.037,18,,1,0.5572,774.3,0.6584,139,no_progress,0.2148,33627.0
802,6,22,289,245.796,22,289,3,0.5975,839.3,0.2746,5,complete,0.0952,33638.2
803,6,57,570,680.0,57,570,9,0.526,750.0,0.2033,11,complete,0.1281,33663.8
804,3,60,833,768.2,60,833,10,0.4514,789.7,0.1765,45,complete,0.1761,33696.7
805,6,34,306,352.575,34,306,4,0.5615,627.2,0.0486,1,complete,0.0833,33711.0
806,4,59,817,737.21,59,817,10,0.4945,812.1,0.2154,23,complete,0.2045,33746.4
807,5,22,246,222.609,22,246,2,0.4033,621.5,0.087,3,complete,0.12,33758.3
808,3,35,1000,333.8,33,,5,0.5297,805.3,0.3575,85,step_limit,0.279,33803.6
809,4,38,686,421.376,38,686,6,0.5426,885.0,0.2175,19,complete,0.1579,33837.9
810,5,47,1000,315.979,38,,6,0.6352,1030.4,0.2638,13,step_limit,0.3039,33892.0
811,4,70,1000,752.277,64,,11,0.5865,923.7,0.2302,14,step_limit,0.2705,33947.8
812,4,40,627,462.49,40,627,6,0.5072,794.8,0.181,10,complete,0.1678,33981.7
813,3,55,1000,496.042,44,,7,0.5163,785.4,0.3462,39,step_limit,0.2805,34033.9
814,3,38,1000,424.579,37,,6,0.4567,729.6,0.4387,64,step_limit,0.2029,34089.4
815,3,75,1000,715.56,60,,10,0.503,697.8,0.2387,63,step_limit,0.2807,34144.9
816,5,57,695,640.294,57,695,8,0.5701,821.4,0.2135,12,complete,0.1922,34185.9
817,4,58,1000,639.817,54,,10,0.5877,977.1,0.257,27,step_limit,0.2909,34242.7
818,5,21,457,129.698,21,457,1,0.663,999.8,0.279,9,complete,0.214,34268.7
819,3,70,1000,893.483,65,,13,0.432,678.5,0.2249,34,step_limit,0.2109,34325.1
820,6,26,504,225.052,26,504,3,0.6792,970.0,0.2268,4,complete,0.1696,34354.5
821,5,27,385,273.917,27,385,3,0.5595,876.8,0.2404,3,complete,0.0889,34373.9
822,5,61,897,759.093,61,897,11,0.6038,976.1,0.3496,32,complete,0.2313,34417.9
823,5,77,1000,872.058,75,,12,0.6116,962.0,0.2464,28,step_limit,0.2397,34467.0
824,3,38,729,487.593,38,729,7,0.3228,679.2,0.2509,32,complete,0.1542,34501.1
825,4,63,598,880.18,63,598,12,0.3863,615.7,0.1347,11,complete,0.1089,34532.4
826,5,44,635,555.011,44,635,8,0.5729,885.1,0.2787,14,complete,0.158,34562.6
827,5,51,1000,474.657,46,,7,0.6408,956.3,0.4081,22,step_limit,0.2229,34609.4
828,3,41,795,511.206,41,795,7,0.5036,796.4,0.1778,24,complete,0.2734,34646.8
829,3,22,416,253.215,22,416,3,0.488,740.7,0.2103,23,complete,0.1364,34670.8
830,4,48,709,552.782,48,709,7,0.4831,726.0,0.2105,16,complete,0.2017,34708.8
831,3,61,1000,624.752,52,,9,0.5177,796.0,0.2469,88,step_limit,0.3451,34762.3
832,4,66,715,889.509,66,715,12,0.4794,748.3,0.16,13,complete,0.1311,34803.7
833,4,26,288,288.818,26,288,3,0.3021,540.8,0.0333,10,complete,0.0714,34819.3
834,6,25,359,193.968,25,359,2,0.6253,867.9,0.1604,6,complete,0.1364,34839.0
835,3,78,1000,875.831,66,,13,0.4543,678.5,0.1807,28,step_limit,0.28,34893.6
836,6,22,237,168.353,22,237,1,0.7004,906.8,0.2104,2,complete,0.1481,34908.1
837,4,74,1000,815.057,66,,12,0.5337,817.8,0.2225,11,step_limit,0.2596,34964.1
838,6,46,533,566.511,46,533,8,0.6213,1118.4,0.1647,10,complete,0.1502,34995.5
839,4,47,1000,507.434,45,,8,0.5767,822.4,0.3495,25,step_limit,0.2755,35053.7
840,5,31,306,351.91,31,306,4,0.5222,821.4,0.062,0,complete,0.0667,35072.2
841,3,52,1000,619.446,49,,9,0.5203,738.0,0.2509,55,step_limit,0.2599,35128.6
842,4,30,324,355.447,30,324,4,0.3619,589.2,0.0904,1,complete,0.0612,35148.1
843,5,75,981,949.697,75,981,14,0.6104,973.6,0.2736,13,complete,0.2199,35203.2
844,5,28,392,238.775,28,392,2,0.6495,886.5,0.3329,12,complete,0.204,35224.8
845,4,44,580,515.591,44,580,6,0.4112,769.8,0.2432,17,complete,0.1232,35256.1
846,4,31,437,385.865,31,437,5,0.4559,638.0,0.3155,17,complete,0.1157,35280.8
847,6,45,457,566.04,45,457,8,0.6276,938.1,0.2038,8,complete,0.1244,35307.5
848,3,44,842,523.76,44,842,7,0.5455,757.0,0.2019,28,complete,0.319,35354.9
849,3,49,1000,581.047,45,,9,0.5043,780.3,0.2538,60,step_limit,0.2977,35411.4
850,3,47,985,577.471,47,985,8,0.5039,790.5,0.2618,39,complete,0.2833,35466.7
851,6,30,312,330.32,30,312,4,0.6234,794.6,0.0668,1,complete,0.1395,35743.9
852,6,65,690,802.746,65,690,11,0.6432,872.8,0.249,8,complete,0.155,35770.9
853,4,45,722,528.391,45,722,7,0.5848,948.0,0.2566,22,complete,0.2065,35800.5
854,6,23,193,160.646,23,193,0,0.7142,888.3,0.143,1,complete,0.1354,35808.4
855,6,49,453,600.549,49,453,8,0.5489,792.6,0.188,7,complete,0.1036,35828.3
856,3,28,1000,278.054,27,,4,0.5977,782.8,0.4946,125,step_limit,0.2627,35873.2
857,3,38,587,435.743,38,587,5,0.4691,682.6,0.2037,19,complete,0.1852,35901.1
858,6,70,699,864.026,70,699,11,0.6116,796.0,0.2555,6,complete,0.0865,35936.4
859,6,27,241,262.218,27,241,2,0.5076,840.8,0.3162,4,complete,0.1429,35949.4
860,6,30,350,316.26,30,350,4,0.6586,996.5,0.1525,2,complete,0.1769,35967.0
861,3,39,920,481.631,39,920,7,0.5308,797.9,0.3663,71,complete,0.2281,36016.2
862,6,50,355,634.608,50,355,8,0.4117,621.6,0.2335,8,complete,0.0625,36036.8
863,6,30,336,291.38,30,336,3,0.7054,1037.5,0.1488,9,complete,0.125,36057.8
864,5,38,575,454.855,38,575,7,0.5217,826.9,0.1409,10,complete,0.1868,36089.8
865,5,56,684,681.996,56,684,9,0.6041,828.3,0.348,21,complete,0.2039,36128.4
866,3,70,1000,802.84,63,,11,0.4677,784.8,0.1651,44,step_limit,0.2554,36183.3
867,3,48,903,600.322,48,903,8,0.5297,785.7,0.2147,37,complete,0.2621,36231.2
868,5,37,438,415.681,37,438,5,0.5973,725.1,0.2531,7,complete,0.1394,36255.6
869,5,46,536,492.917,46,536,6,0.4653,819.7,0.1535,4,complete,0.1446,36287.2
870,3,47,800,566.732,47,800,7,0.4375,697.5,0.2172,35,complete,0.2186,36333.4
871,3,44,936,514.188,44,936,7,0.5064,746.7,0.1909,37,complete,0.2767,36386.9
872,4,57,789,678.384,57,789,9,0.4857,802.6,0.2721,24,complete,0.1921,36427.6
873,6,30,361,324.08,30,361,4,0.6408,1034.3,0.2246,7,complete,0.1314,36445.9
874,3,20,384,231.815,20,384,3,0.4844,643.9,0.1672,18,complete,0.1587,36465.9
875,6,43,446,488.763,43,446,6,0.4888,700.9,0.2101,12,complete,0.105,36490.1
876,5,23,332,244.987,23,332,3,0.6645,964.3,0.239,12,complete,0.1524,36505.4
877,3,65,1000,650.783,55,,9,0.4753,742.9,0.2953,44,step_limit,0.274,36557.5
878,3,65,1000,658.165,55,,9,0.4663,760.8,0.2877,50,step_limit,0.2938,36605.1
879,5,28,360,309.75,28,360,4,0.4872,768.6,0.1692,11,complete,0.108,36623.6
880,6,41,442,436.204,41,442,5,0.4676,567.1,0.2542,10,complete,0.1051,36646.5
881,4,59,837,753.444,59,837,10,0.3698,617.0,0.2992,54,complete,0.1384,36693.1
882,3,46,839,591.558,46,839,8,0.5066,802.2,0.224,35,complete,0.2434,36737.6
883,5,67,738,822.122,67,738,11,0.6393,988.0,0.2353,7,complete,0.1893,36779.8
884,4,49,693,598.519,49,693,8,0.5292,784.4,0.2009,12,complete,0.1861,36820.9
885,3,51,1000,563.935,48,,8,0.577,792.6,0.2548,50,step_limit,0.3365,36877.3
886,4,36,820,359.9,36,820,5,0.6433,1066.9,0.2369,16,complete,0.3084,36925.4
887,6,36,316,383.99,36,316,4,0.4694,681.5,0.1132,6,complete,0.0897,36944.1
888,3,48,832,606.934,48,832,8,0.4912,766.7,0.2284,59,complete,0.2376,36991.6
889,6,22,242,172.398,22,242,1,0.7321,1047.1,0.1541,3,complete,0.1481,37005.7
890,3,60,1000,615.96,52,,9,0.5093,785.6,0.2294,45,step_limit,0.3451,37064.4
891,6,80,708,1025.935,80,708,14,0.6121,1019.7,0.1388,7,complete,0.148,37107.5
892,3,73,1000,835.001,66,,11,0.502,758.1,0.2489,51,step_limit,0.2432,37165.1
893,4,30,540,348.253,30,540,5,0.5181,714.7,0.2858,12,complete,0.1774,37197.4
894,3,63,1000,754.929,58,,11,0.5003,713.3,0.2164,29,step_limit,0.2605,37254.4
895,6,28,324,306.853,28,324,4,0.4897,782.7,0.2627,8,complete,0.1185,37273.9
896,3,39,756,470.935,39,756,6,0.5322,786.2,0.2363,31,complete,0.2798,37316.7
897,6,53,783,611.905,53,783,9,0.6839,991.9,0.2628,15,complete,0.1828,37363.6
898,4,66,1000,661.967,57,,10,0.5995,878.8,0.2635,26,step_limit,0.2543,37421.3
899,4,33,457,426.159,33,457,6,0.5591,813.4,0.2592,20,complete,0.1907,37448.5
900,5,43,543,511.408,43,543,7,0.5915,865.5,0.2017,11,complete,0.1558,37479.6
901,6,59,623,717.115,59,623,10,0.6501,859.6,0.2368,6,complete,0.1615,37787.2
902,3,29,810,337.307,29,810,5,0.5358,782.1,0.2506,37,complete,0.2895,37830.1
903,4,75,1000,912.199,70,,13,0.5727,852.3,0.3416,108,step_limit,0.1725,37874.9
904,3,71,1000,742.062,60,,10,0.4833,773.2,0.2844,80,step_limit,0.2361,37920.0
905,6,77,654,956.799,77,654,12,0.5714,753.8,0.2412,9,complete,0.0997,37950.4
906,6,73,552,942.977,73,552,12,0.5918,756.9,0.1998,5,complete,0.0683,37976.5
907,3,79,1000,817.062,63,,12,0.4627,736.1,0.2573,44,step_limit,0.256,38021.7
908,6,33,608,311.256,33,608,4,0.6905,1092.4,0.2415,7,complete,0.1338,38052.3
909,5,29,292,278.934,29,292,2,0.5747,767.4,0.306,10,complete,0.1,38068.0
910,6,41,657,386.378,41,657,5,0.7154,1125.0,0.2583,4,complete,0.1982,38104.3
911,6,34,324,427.425,34,324,6,0.5448,725.0,0.165,2,complete,0.0667,38123.3
912,6,42,400,471.229,42,400,6,0.5962,953.2,0.1182,3,complete,0.1282,38147.9
913,5,34,524,368.624,34,524,5,0.5939,951.1,0.1804,6,complete,0.1639,38179.0
914,4,44,683,561.135,44,683,8,0.4579,852.5,0.2465,11,complete,0.2115,38219.5
915,3,67,1000,592.618,50,,9,0.4807,728.1,0.4012,78,step_limit,0.2468,38275.9
916,6,34,404,264.325,34,404,2,0.672,1043.9,0.2062,7,complete,0.1695,38300.6
917,6,52,514,666.329,52,514,9,0.5081,675.9,0.1454,5,complete,0.0769,38329.7
918,4,45,515,562.587,45,515,7,0.4777,681.3,0.2169,33,complete,0.1287,38359.9
919,6,39,424,373.383,39,424,4,0.6399,936.7,0.242,11,complete,0.1554,38386.5
920,6,58,519,713.232,58,519,9,0.4608,756.2,0.1702,12,complete,0.0899,38416.9
921,4,40,695,493.91,40,695,7,0.5306,832.3,0.1682,10,complete,0.1875,38458.0
922,6,77,581,960.044,77,581,12,0.4346,682.3,0.241,7,complete,0.0914,38491.2
923,5,76,832,955.979,76,832,13,0.6087,952.2,0.1592,9,complete,0.2124,38535.8
924,5,72,738,937.801,72,738,13,0.5566,794.2,0.2298,12,complete,0.1776,38573.2
925,6,36,417,441.963,36,417,6,0.5935,811.9,0.1695,3,complete,0.121,38596.3
926,6,56,507,692.48,56,507,9,0.616,840.7,0.1794,6,complete,0.1275,38624.9
927,5,21,224,183.038,21,224,1,0.6348,744.4,0.2409,8,complete,0.0813,38636.9
928,4,59,899,747.808,59,899,10,0.438,736.9,0.2712,18,complete,0.1509,38680.5
929,5,25,466,238.14,25,466,3,0.6837,950.2,0.301,15,complete,0.2039,38704.3
930,4,28,449,314.026,28,449,4,0.5072,791.6,0.1266,10,complete,0.1136,38726.5
931,5,70,822,910.014,70,822,13,0.6029,879.6,0.2125,10,complete,0.18,38773.4
932,4,75,1000,843.801,68,,12,0.5603,889.2,0.3148,37,step_limit,0.2462,38831.2
933,3,31,598,375.241,31,598,5,0.4732,769.2,0.2361,23,complete,0.1771,38865.2
934,4,28,390,295.514,28,390,3,0.4609,862.7,0.2464,14,complete,0.1458,38887.9
935,3,36,520,455.475,36,520,6,0.3853,654.5,0.1558,18,complete,0.1144,38918.0
936,4,20,382,187.22,20,382,2,0.411,680.3,0.2384,10,complete,0.122,38940.3
937,3,28,481,330.013,28,481,4,0.3943,707.5,0.2039,30,complete,0.1488,38966.0
938,6,73,1000,717.984,67,,11,0.6782,1018.2,0.2722,9,step_limit,0.2021,39025.0
939,4,75,975,993.584,75,975,14,0.5808,923.5,0.2299,22,complete,0.2278,39081.4
940,6,64,605,828.547,64,605,11,0.5339,791.2,0.1485,12,complete,0.1,39115.1
941,3,37,735,420.72,37,735,5,0.429,678.4,0.3082,45,complete,0.1966,39155.8
942,6,57,573,671.125,57,573,9,0.5756,820.0,0.2423,22,complete,0.1357,39189.6
943,3,69,1000,797.726,63,,11,0.4393,736.5,0.1839,40,step_limit,0.2891,39246.4
944,6,73,1000,774.521,70,,11,0.706,1028.8,0.3501,21,step_limit,0.2099,39304.9
945,5,49,583,548.279,49,583,7,0.5791,777.2,0.156,10,complete,0.1708,39341.2
946,3,29,451,384.415,29,451,5,0.4161,747.6,0.306,36,complete,0.1026,39365.8
947,4,73,1000,661.7,59,,10,0.619,885.8,0.278,54,step_limit,0.2883,39424.1
948,6,57,1000,410.526,49,,7,0.7472,1141.9,0.3984,19,step_limit,0.2263,39479.4
949,3,24,524,258.105,24,524,3,0.5025,775.0,0.1646,14,complete,0.2469,39509.0
950,4,26,496,255.052,26,496,3,0.4587,762.1,0.3327,17,complete,0.13,39534.8
951,6,20,182,140.06,20,182,0,0.4505,586.9,0.1365,3,complete,0.1012,39829.0
952,6,28,438,255.149,28,438,3,0.5849,809.4,0.2191,8,complete,0.1543,39853.1
953,3,42,779,517.309,42,779,7,0.5148,792.7,0.2342,27,complete,0.2248,39893.3
954,3,30,545,346.38,30,545,4,0.496,746.0,0.2552,58,complete,0.2414,39920.5
955,5,38,471,426.687,38,471,5,0.5019,685.8,0.173,18,complete,0.0839,39941.8
956,4,33,438,396.977,33,438,5,0.5205,720.6,0.165,14,complete,0.1272,39960.8
957,3,42,1000,326.564,35,,5,0.5407,746.1,0.3474,67,step_limit,0.2867,40005.3
958,6,34,357,403.051,34,357,5,0.5812,724.7,0.1114,2,complete,0.0731,40022.5
959,3,80,1000,806.698,65,,11,0.47,782.5,0.2029,46,step_limit,0.2546,40068.6
960,6,66,567,862.707,66,567,12,0.465,800.7,0.1755,7,complete,0.1139,40095.9
961,3,70,1000,428.81,42,,7,0.4977,675.4,0.5463,195,step_limit,0.2551,40145.1
962,4,47,797,577.573,47,797,8,0.5822,852.0,0.308,33,complete,0.1737,40188.6
963,6,27,331,266.884,27,331,3,0.5856,860.9,0.1611,10,complete,0.1181,40209.6
964,6,65,581,776.903,65,581,9,0.5858,860.2,0.2189,9,complete,0.1094,40244.7
965,3,22,557,264.295,22,557,4,0.523,726.3,0.2034,55,complete,0.2778,40275.7
966,4,28,642,265.163,28,642,4,0.5545,842.5,0.3011,38,complete,0.2052,40311.5
967,5,73,727,941.705,73,727,13,0.4985,673.2,0.1979,24,complete,0.1437,40357.4
968,5,62,747,754.755,62,747,10,0.51,827.6,0.3193,42,complete,0.1593,40402.1
969,6,55,506,685.102,55,506,9,0.4588,702.0,0.2302,8,complete,0.1124,40432.5
970,5,46,452,604.889,46,452,8,0.5177,881.2,0.1058,2,complete,0.1134,40460.4
971,5,34,667,322.076,34,667,5,0.6384,1056.3,0.2739,27,complete,0.2137,40498.1
972,3,78,1000,800.873,64,,11,0.4463,698.7,0.2873,107,step_limit,0.2131,40555.8
973,4,78,839,996.837,78,839,13,0.3954,572.1,0.2342,47,complete,0.1305,40604.7
974,4,60,1000,653.633,58,,9,0.621,1055.2,0.2781,19,step_limit,0.3252,40658.0
975,6,52,454,623.31,52,454,8,0.5279,804.4,0.2739,12,complete,0.1031,40680.4
976,5,53,717,660.046,53,717,9,0.4873,866.4,0.2429,11,complete,0.1267,40716.2
977,6,30,227,313.28,30,227,3,0.4112,589.4,0.0928,7,complete,0.0775,40729.3
978,6,45,401,552.967,45,401,7,0.5411,762.1,0.1232,8,complete,0.1005,40750.6
979,6,34,340,326.647,34,340,3,0.5887,1006.6,0.1561,2,complete,0.1289,40768.3
980,3,55,1000,625.673,53,,8,0.543,797.3,0.2329,35,step_limit,0.2939,40817.0
981,5,49,705,525.24,49,705,7,0.6485,1060.3,0.3006,23,complete,0.2256,40853.7
982,3,26,551,299.108,26,551,4,0.4096,602.7,0.1778,20,complete,0.209,40880.8
983,6,39,640,381.208,39,640,5,0.6505,1064.5,0.2718,6,complete,0.169,40915.9
984,6,20,219,141.0,20,219,0,0.5814,768.0,0.1168,1,complete,0.0781,40930.0
985,6,29,301,279.378,29,301,3,0.6689,1026.5,0.2634,3,complete,0.1098,40946.2
986,5,59,1000,607.102,56,,9,0.627,908.7,0.5014,97,step_limit,0.2018,41005.0
987,3,74,1000,826.911,63,,12,0.4647,736.4,0.3345,94,step_limit,0.2434,41064.5
988,5,70,808,868.579,70,808,12,0.5592,828.2,0.2882,15,complete,0.1772,41111.0
989,6,34,353,393.644,34,353,5,0.5279,725.6,0.1415,3,complete,0.1273,41133.0
990,5,28,426,278.7,28,426,3,0.5662,878.0,0.1691,9,complete,0.1396,41157.3
991,5,76,873,1000.514,76,873,14,0.6158,943.3,0.246,12,complete,0.1629,41213.1
992,4,40,796,453.55,40,796,7,0.5481,881.0,0.3072,32,complete,0.2216,41261.2
993,6,61,448,783.225,61,448,10,0.4967,754.0,0.1258,10,complete,0.0961,41288.1
994,4,49,1000,421.512,41,,7,0.629,1018.9,0.2731,21,step_limit,0.3056,41344.6
995,6,33,396,339.713,33,396,4,0.5648,786.4,0.212,4,complete,0.1257,41367.9
996,3,23,658,210.734,23,658,3,0.5633,771.9,0.4103,83,complete,0.2982,41403.8
997,6,46,454,463.59,46,454,5,0.5826,878.4,0.18,5,complete,0.1667,41432.3
998,6,53,441,611.159,53,441,7,0.6421,883.6,0.181,7,complete,0.1193,41461.7
999,4,52,835,653.223,52,835,9,0.5057,862.9,0.2862,34,complete,0.1633,41509.6
1000,4,78,1000,854.1,73,,12,0.5172,751.2,0.3003,25,step_limit,0.2283,41568.1
1001,4,65,1000,639.628,55,,10,0.5665,809.8,0.2683,49,step_limit,0.2645,41914.2
1002,3,51,850,661.312,51,850,9,0.3765,649.8,0.2234,34,complete,0.2127,41961.0
1003,5,23,328,218.274,23,328,2,0.4098,641.0,0.1381,7,complete,0.0905,41979.8
1004,3,73,1000,894.299,66,,13,0.4523,689.6,0.2097,41,step_limit,0.2513,42028.7
1005,3,31,656,372.207,31,656,5,0.5213,785.7,0.2763,35,complete,0.1919,42061.3
1006,3,54,1000,655.367,53,,9,0.454,747.1,0.2242,38,step_limit,0.2609,42111.1
1007,3,61,981,800.349,61,981,11,0.4067,744.9,0.195,25,complete,0.2299,42152.1
1008,4,56,1000,586.979,52,,9,0.638,1066.6,0.3691,44,step_limit,0.2867,42195.9
1009,4,65,1000,564.62,53,,8,0.6145,992.1,0.3145,42,step_limit,0.2886,42244.7
1010,4,64,990,782.456,64,990,11,0.599,894.8,0.2178,17,complete,0.2684,42294.1
1011,4,48,697,619.72,48,697,9,0.4588,764.5,0.203,18,complete,0.142,42330.1
1012,5,77,715,1022.049,77,715,14,0.431,667.9,0.2288,12,complete,0.1186,42371.3
1013,6,30,361,317.66,30,361,4,0.584,912.9,0.139,12,complete,0.1405,42392.7
1014,6,73,583,934.012,73,583,12,0.418,639.2,0.2185,11,complete,0.0833,42428.4
1015,6,80,656,1056.917,80,656,14,0.4372,740.0,0.2183,13,complete,0.1307,42469.1
1016,4,35,747,367.923,35,747,5,0.6004,1054.6,0.2926,26,complete,0.2072,42513.4
1017,4,52,1000,528.623,49,,8,0.5495,892.2,0.316,64,step_limit,0.2798,42569.7
1018,6,25,372,233.348,25,372,3,0.6125,884.7,0.2672,14,complete,0.1087,42592.5
1019,5,59,620,698.068,59,620,8,0.3942,538.8,0.2343,19,complete,0.086,42630.1
1020,3,57,1000,733.447,57,1000,10,0.418,604.0,0.2839,59,complete,0.2194,42688.6
1021,3,78,1000,849.05,66,,12,0.4187,719.5,0.2871,36,step_limit,0.186,42745.6
1022,3,68,1000,833.657,65,,11,0.446,750.8,0.2538,35,step_limit,0.2486,42804.0
1023,3,33,557,393.845,33,557,5,0.5236,788.7,0.2009,18,complete,0.2275,42835.7
1024,3,77,1000,815.855,65,,11,0.4667,716.9,0.2129,36,step_limit,0.2656,42887.5
1025,6,23,217,175.997,23,217,1,0.4432,628.2,0.172,4,complete,0.0766,42898.5
1026,5,21,215,182.226,21,215,1,0.426,520.0,0.1007,5,complete,0.0345,42909.3
1027,3,35,664,436.289,35,664,6,0.4523,765.9,0.1492,23,complete,0.2489,42943.0
1028,5,41,437,489.052,41,437,6,0.5066,852.4,0.1028,10,complete,0.1125,42965.2
1029,5,21,337,195.221,21,337,2,0.5086,636.2,0.2307,18,complete,0.0865,42982.0
1030,4,54,933,696.317,54,933,10,0.5592,799.4,0.337,20,complete,0.2283,43027.1
1031,4,72,1000,862.022,69,,12,0.5155,755.9,0.335,88,step_limit,0.2278,43077.0
1032,5,48,558,604.235,48,558,8,0.5964,949.0,0.1814,9,complete,0.1537,43106.9
1033,3,32,801,371.426,32,801,5,0.5139,665.8,0.2205,38,complete,0.2267,43153.1
1034,4,21,555,167.948,21,555,2,0.5032,732.6,0.388,58,complete,0.1633,43184.3
1035,3,57,1000,613.579,53,,8,0.4687,790.8,0.1944,46,step_limit,0.2564,43241.0
1036,4,56,898,718.009,56,898,10,0.586,873.9,0.3604,15,complete,0.2383,43292.7
1037,4,53,1000,470.798,48,,7,0.6462,1023.4,0.3123,30,step_limit,0.35,43348.7
1038,5,29,345,358.267,29,345,5,0.5322,749.3,0.16,6,complete,0.098,43371.2
1039,3,45,873,548.53,45,873,7,0.5262,782.8,0.2543,36,complete,0.2396,43422.8
1040,3,23,396,259.45,23,396,3,0.5177,721.4,0.2818,30,complete,0.1333,43443.4
1041,6,20,194,122.61,20,194,0,0.5936,706.2,0.0913,0,complete,0.0889,43455.2
1042,4,71,1000,849.311,69,,12,0.6068,977.4,0.2217,17,step_limit,0.2949,43511.4
1043,4,36,788,403.391,36,788,6,0.5359,850.6,0.3507,16,complete,0.284,43558.0
1044,4,46,482,572.29,46,482,7,0.4575,681.9,0.2196,14,complete,0.1184,43587.5
1045,3,65,1000,563.28,51,,8,0.4673,722.8,0.2465,32,step_limit,0.3273,43642.8
1046,5,53,663,587.567,53,663,7,0.565,857.2,0.3169,10,complete,0.1835,43679.3
1047,5,77,709,1015.699,77,709,14,0.5591,789.6,0.1828,12,complete,0.124,43723.3
1048,6,54,450,682.067,54,450,9,0.5956,813.0,0.1717,8,complete,0.1152,43748.9
1049,3,75,1000,943.556,71,,13,0.4577,793.5,0.1587,26,step_limit,0.23,43806.9
1050,5,66,555,855.697,66,555,11,0.4569,729.3,0.1078,9,complete,0.1204,43841.0
1051,4,46,764,532.192,46,764,7,0.6273,960.8,0.2604,14,complete,0.2417,44163.2
1052,6,64,692,751.38,64,692,10,0.6712,955.6,0.2208,12,complete,0.1538,44201.4
1053,6,77,766,951.769,77,766,13,0.6826,961.1,0.1721,6,complete,0.1866,44240.1
1054,4,50,904,624.684,50,904,9,0.5199,720.9,0.284,16,complete,0.1914,44286.7
1055,3,33,530,410.0,33,530,5,0.4553,754.0,0.2018,28,complete,0.1183,44312.0
1056,5,55,682,669.618,55,682,9,0.3988,650.9,0.318,13,complete,0.165,44343.2
1057,6,78,675,1008.108,78,675,14,0.6536,1007.8,0.2207,6,complete,0.1681,44375.7
1058,3,74,983,989.156,74,983,13,0.4157,589.8,0.1838,21,complete,0.2164,44421.7
1059,5,76,725,1025.822,76,725,14,0.5446,841.8,0.139,10,complete,0.1569,44456.0
1060,4,56,950,659.15,56,950,9,0.5913,1012.3,0.2345,13,complete,0.2854,44505.5
1061,6,46,654,509.021,46,654,7,0.5958,829.7,0.3278,9,complete,0.1628,44538.6
1062,6,55,456,653.653,55,456,8,0.5976,790.1,0.1644,4,complete,0.1131,44566.2
1063,5,54,684,653.18,54,684,9,0.6058,994.7,0.2186,19,complete,0.1814,44607.1
1064,3,76,1000,807.796,64,,11,0.4523,781.6,0.1898,30,step_limit,0.2396,44664.5
1065,4,23,415,239.187,23,415,3,0.5446,785.2,0.247,11,complete,0.1755,44686.9
1066,3,37,789,472.411,37,789,7,0.4918,692.6,0.3438,59,complete,0.2824,44733.2
1067,3,76,1000,779.413,65,,10,0.4637,778.4,0.1886,47,step_limit,0.2619,44792.4
1068,6,77,785,974.536,77,785,14,0.5847,883.8,0.2583,15,complete,0.1691,44842.9
1069,5,56,870,619.125,56,870,8,0.6239,963.3,0.2505,13,complete,0.1962,44891.1
1070,6,39,331,445.163,39,331,5,0.4864,577.4,0.1189,2,complete,0.0614,44911.6
1071,5,26,391,286.085,26,391,4,0.6312,985.9,0.2,10,complete,0.1042,44933.7
1072,6,62,520,738.835,62,520,9,0.575,919.6,0.1084,5,complete,0.1289,44966.2
1073,3,44,973,514.115,44,973,7,0.5187,759.7,0.2844,58,complete,0.3268,45013.1
1074,4,71,1000,797.52,66,,11,0.4325,668.3,0.4006,19,step_limit,0.1705,45061.2
1075,5,36,697,371.469,36,697,6,0.7142,999.5,0.2585,43,complete,0.2649,45095.4
1076,3,53,925,655.731,53,925,9,0.4061,562.1,0.2101,49,complete,0.1931,45142.8
1077,3,47,823,629.419,47,823,9,0.4763,771.5,0.2501,36,complete,0.2234,45181.6
1078,5,54,585,680.583,54,585,9,0.5118,696.9,0.3099,35,complete,0.1205,45212.5
1079,6,48,554,543.223,48,554,7,0.534,814.1,0.234,12,complete,0.1206,45240.0
1080,6,54,435,697.111,54,435,9,0.5054,657.2,0.0759,2,complete,0.0726,45262.6
1081,5,28,402,227.793,28,402,2,0.6637,875.2,0.2628,10,complete,0.1265,45286.1
1082,4,37,450,462.381,37,450,6,0.4861,753.8,0.2321,12,complete,0.114,45311.5
1083,3,25,722,274.484,25,722,4,0.3943,563.2,0.4098,63,complete,0.1841,45350.8
1084,6,31,232,365.751,31,232,4,0.403,601.8,0.212,5,complete,0.0349,45364.7
1085,6,46,512,516.902,46,512,7,0.6784,991.2,0.2507,5,complete,0.1712,45393.8
1086,4,30,371,341.773,30,371,4,0.5829,924.8,0.1724,10,complete,0.1202,45415.1
1087,6,20,161,147.55,20,161,0,0.5631,887.2,0.2307,2,complete,0.0741,45423.9
1088,3,55,999,669.375,55,999,9,0.5038,793.0,0.1229,20,complete,0.3097,45481.5
1089,5,45,451,578.494,45,451,8,0.5348,796.4,0.187,11,complete,0.0882,45508.1
1090,5,23,331,204.363,23,331,2,0.4677,732.8,0.2261,16,complete,0.0952,45526.2
1091,3,25,348,319.068,25,348,4,0.3285,600.5,0.1728,19,complete,0.1087,45547.1
1092,4,46,575,600.357,46,575,8,0.4322,743.2,0.2256,25,complete,0.109,45580.9
1093,5,61,704,753.628,61,704,10,0.575,849.5,0.2661,12,complete,0.1596,45622.0
1094,5,63,632,815.892,63,632,11,0.587,830.7,0.139,10,complete,0.1802,45660.0
1095,3,27,719,310.063,27,719,5,0.5183,757.4,0.3537,102,complete,0.2696,45700.1
1096,3,72,1000,700.05,55,,11,0.4823,782.3,0.1484,20,step_limit,0.2678,45761.0
1097,5,45,636,549.867,45,636,8,0.6085,931.5,0.2539,10,complete,0.1976,45799.3
1098,6,30,334,290.7,30,334,3,0.6592,977.7,0.1662,7,complete,0.1467,45820.4
1099,5,74,955,916.318,74,955,13,0.6235,1045.2,0.2535,13,complete,0.2563,45877.4
1100,4,37,532,453.142,37,532,6,0.4511,656.6,0.0931,11,complete,0.1343,45907.1
1101,5,34,771,310.891,34,771,5,0.6848,1066.1,0.3451,33,complete,0.2267,46220.8
1102,4,40,712,419.17,40,712,5,0.5295,882.6,0.3288,23,complete,0.2253,46257.2
1103,6,64,514,796.126,64,514,10,0.5726,839.2,0.1308,5,complete,0.1135,46284.5
1104,6,35,461,404.506,35,461,6,0.6085,825.8,0.2609,7,complete,0.1164,46307.0
1105,3,57,991,763.196,57,991,11,0.445,723.6,0.1746,33,complete,0.2672,46357.2
1106,5,71,758,888.706,71,758,12,0.4311,686.6,0.3195,13,complete,0.1056,46394.8
1107,6,71,710,878.097,71,710,12,0.6394,939.8,0.2038,10,complete,0.1847,46430.8
1108,5,48,610,572.177,48,610,8,0.5751,783.8,0.3032,18,complete,0.1333,46461.2
1109,4,55,606,729.02,55,606,10,0.4237,619.1,0.1678,30,complete,0.1401,46487.8
1110,4,34,685,359.047,34,685,5,0.4679,776.7,0.2594,39,complete,0.2089,46518.4
1111,6,61,503,762.823,61,503,10,0.5136,815.8,0.1372,9,complete,0.1255,46542.4
1112,5,34,532,371.488,34,532,5,0.6658,979.8,0.3322,15,complete,0.197,46568.7
1113,5,45,388,566.011,45,388,7,0.5361,769.2,0.1254,3,complete,0.113,46588.9
1114,3,76,1000,557.812,47,,9,0.417,715.7,0.3833,183,step_limit,0.2736,46635.2
1115,3,29,545,331.519,29,545,4,0.3988,787.1,0.2215,31,complete,0.2169,46660.9
1116,3,80,1000,711.839,60,,10,0.429,629.2,0.3188,59,step_limit,0.2133,46708.7
1117,3,48,1000,608.525,47,,9,0.4517,718.3,0.2783,58,step_limit,0.2484,46760.9
1118,5,80,699,1055.1,80,699,14,0.5147,762.9,0.1472,6,complete,0.1181,46802.8
1119,6,54,612,657.58,54,612,9,0.6076,943.6,0.2932,17,complete,0.1444,46838.9
1120,4,57,1000,613.895,55,,8,0.5972,921.1,0.3529,44,step_limit,0.2588,46895.3
1121,5,43,443,468.001,43,443,5,0.5959,899.5,0.1807,12,complete,0.1273,46921.5
1122,3,56,860,765.434,56,860,11,0.3942,756.5,0.1636,28,complete,0.215,46966.4
1123,6,57,613,672.92,57,613,9,0.5729,801.6,0.2133,4,complete,0.1292,46999.2
1124,5,77,713,1027.045,77,713,14,0.5296,794.9,0.1635,6,complete,0.1524,47039.0
1125,3,30,675,348.55,30,675,5,0.4425,761.0,0.1912,60,complete,0.2222,47071.2
1126,4,48,814,580.448,48,814,8,0.4364,714.0,0.2798,19,complete,0.1913,47111.1
1127,5,45,556,556.989,45,556,8,0.4809,702.3,0.2442,10,complete,0.1162,47140.5
1128,4,54,1000,567.674,53,,8,0.5715,954.3,0.3992,99,step_limit,0.286,47190.6
1129,4,52,616,703.837,52,616,10,0.4894,728.7,0.2655,18,complete,0.1304,47225.3
1130,4,42,536,524.946,42,536,7,0.5257,826.6,0.1781,10,complete,0.1622,47256.1
1131,5,68,848,807.321,68,848,11,0.5672,927.9,0.2623,10,complete,0.2053,47304.9
1132,4,65,860,802.312,65,860,11,0.5337,873.8,0.2305,16,complete,0.2119,47355.6
1133,4,32,367,358.282,32,367,4,0.4169,587.7,0.1594,10,complete,0.1029,47376.4
1134,6,76,970,859.216,76,970,12,0.7095,1016.3,0.25,13,complete,0.2438,47432.6
1135,6,79,545,1067.529,79,545,14,0.4147,659.3,0.1567,5,complete,0.0737,47466.2
1136,5,22,414,230.164,22,414,3,0.5386,842.9,0.409,23,complete,0.2085,47488.6
1137,6,74,857,918.407,74,857,13,0.6859,970.1,0.3697,43,complete,0.1836,47541.7
1138,3,38,1000,409.942,37,,6,0.609,794.0,0.3335,87,step_limit,0.3596,47598.6
1139,5,31,331,349.74,31,331,4,0.4991,705.2,0.1764,12,complete,0.08,47617.1
1140,4,47,806,566.081,47,806,8,0.406,711.2,0.2679,28,complete,0.1881,47668.1
1141,4,37,516,460.595,37,516,6,0.4976,884.6,0.1596,10,complete,0.1036,47698.5
1142,4,53,1000,621.475,51,,9,0.6022,908.7,0.3658,158,step_limit,0.2815,47753.6
1143,3,48,984,585.061,48,984,8,0.4946,740.2,0.3506,53,complete,0.2853,47806.9
1144,4,70,829,933.874,70,829,13,0.5395,880.1,0.1923,15,complete,0.1947,47855.6
1145,6,48,416,606.377,48,416,8,0.4607,591.3,0.1903,9,complete,0.0548,47879.7
1146,4,45,1000,464.331,44,,7,0.627,1033.6,0.3418,24,step_limit,0.3048,47936.8
1147,6,49,386,587.818,49,386,7,0.5056,743.2,0.1003,6,complete,0.0738,47959.0
1148,5,22,364,240.641,22,364,3,0.5962,794.9,0.2658,30,complete,0.1171,47980.9
1149,4,44,597,502.247,44,597,6,0.4003,597.2,0.3404,19,complete,0.1295,48017.4
1150,5,51,667,592.532,51,667,8,0.6309,1022.4,0.251,12,complete,0.1778,48056.4
1151,3,63,1000,771.452,59,,11,0.4223,691.5,0.1196,29,step_limit,0.2528,48390.4
1152,3,47,1000,458.602,40,,7,0.4487,641.1,0.458,211,step_limit,0.3237,48448.0
1153,4,44,1000,378.582,40,,6,0.5713,868.2,0.3388,56,step_limit,0.29,48493.7
1154,5,39,444,454.672,39,444,6,0.514,866.4,0.1636,11,complete,0.1441,48514.2
1155,3,52,954,662.28,52,954,9,0.4808,781.9,0.2034,30,complete,0.2704,48555.7
1156,6,59,485,761.049,59,485,10,0.5553,864.6,0.1552,7,complete,0.1111,48580.5
1157,3,33,715,366.732,33,715,5,0.5357,794.0,0.2185,23,complete,0.28,48612.7
1158,5,55,645,699.341,55,645,10,0.6167,968.1,0.1696,7,complete,0.1729,48642.0
1159,6,33,376,355.676,33,376,4,0.5363,707.5,0.1718,6,complete,0.1042,48656.7
1160,5,71,823,905.125,71,823,13,0.6418,1001.5,0.1615,9,complete,0.1983,48695.0
1161,5,78,799,1015.05,78,799,14,0.5752,846.3,0.1696,7,complete,0.1403,48737.0
1162,4,27,345,325.03,27,345,4,0.4775,612.3,0.1787,10,complete,0.0761,48756.0
1163,3,71,1000,676.518,55,,10,0.4833,731.5,0.2811,27,step_limit,0.2787,48811.9
1164,5,24,396,252.117,24,396,3,0.6566,989.1,0.2256,9,complete,0.1067,48834.5
1165,4,47,638,564.435,47,638,7,0.4224,768.3,0.1748,21,complete,0.1324,48873.8
1166,5,79,858,1016.765,79,858,14,0.6186,948.8,0.2377,12,complete,0.1832,48923.4
1167,4,74,952,951.358,74,952,13,0.4806,775.9,0.2745,21,complete,0.1966,48977.9
1168,4,68,779,895.769,68,779,12,0.3848,716.9,0.2018,13,complete,0.1106,49022.2
1169,3,79,1000,819.632,65,,11,0.4447,749.7,0.2982,104,step_limit,0.2043,49071.0
1170,4,39,480,508.564,39,480,7,0.4151,769.0,0.1465,22,complete,0.125,49096.8
1171,5,25,224,219.24,25,224,1,0.3902,565.0,0.0679,5,complete,0.0722,49108.5
1172,3,21,377,210.676,21,377,2,0.3351,589.9,0.2876,72,complete,0.0813,49125.9
1173,6,53,474,669.462,53,474,9,0.5457,671.9,0.167,9,complete,0.0874,49153.4
1174,4,51,555,634.035,51,555,8,0.5302,705.9,0.1327,10,complete,0.1696,49182.9
1175,3,74,1000,728.357,60,,10,0.4187,748.6,0.2738,52,step_limit,0.2279,49233.7
1176,4,66,1000,500.906,50,,8,0.6567,1025.2,0.3143,22,step_limit,0.328,49285.0
1177,4,66,832,852.99,66,832,12,0.4381,684.9,0.2034,15,complete,0.1646,49335.9
1178,5,39,853,374.722,39,853,6,0.6659,1082.4,0.2128,21,complete,0.3031,49386.5
1179,4,21,565,139.286,21,565,1,0.6593,1049.0,0.3644,64,complete,0.29,49416.7
1180,4,33,394,391.125,33,394,5,0.4962,761.6,0.1484,10,complete,0.1462,49440.4
1181,3,41,1000,466.922,39,,7,0.453,786.2,0.2556,73,step_limit,0.273,49497.0
1182,6,48,556,574.578,48,556,8,0.5576,897.2,0.2223,13,complete,0.1608,49530.3
1183,5,22,297,244.195,22,297,3,0.5347,819.4,0.1656,16,complete,0.1297,49547.8
1184,6,24,216,207.315,24,216,1,0.4398,663.3,0.1062,3,complete,0.0833,49560.0
1185,4,79,1000,991.754,76,,14,0.5367,909.8,0.2421,33,step_limit,0.2107,49619.8
1186,3,43,1000,526.67,41,,8,0.4323,705.3,0.2136,58,step_limit,0.2628,49676.3
1187,5,80,760,1080.05,80,760,15,0.5455,771.8,0.2303,14,complete,0.1306,49722.9
1188,4,67,814,899.103,67,814,13,0.4432,663.7,0.2452,20,complete,0.1492,49772.1
1189,5,67,1000,661.269,59,,10,0.6162,879.9,0.3934,23,step_limit,0.2182,49829.5
1190,4,28,530,264.943,28,530,3,0.4958,825.4,0.3282,30,complete,0.1515,49862.3
1191,4,67,1000,825.878,66,,11,0.607,906.7,0.284,31,step_limit,0.2538,49922.7
1192,4,44,655,527.082,44,655,7,0.5309,795.4,0.2762,25,complete,0.1635,49961.3
1193,5,53,465,646.637,53,465,8,0.3996,629.4,0.1795,18,complete,0.106,49989.8
1194,5,27,293,308.239,27,293,4,0.4983,632.0,0.0886,7,complete,0.0957,50007.4
1195,6,57,377,757.38,57,377,10,0.3935,638.2,0.0793,2,complete,0.0875,50031.0
1196,4,74,879,1006.805,74,879,14,0.4078,664.7,0.2578,22,complete,0.166,50086.2
1197,6,25,171,227.952,25,171,1,0.5575,800.0,0.2204,3,complete,0.0729,50095.8
1198,6,35,343,365.474,35,343,4,0.5666,874.3,0.1864,3,complete,0.141,50115.2
1199,6,29,486,241.471,29,486,3,0.714,1107.6,0.3046,18,complete,0.2,50144.8
1200,3,40,711,513.895,40,711,7,0.4041,656.4,0.2827,32,complete,0.1775,50186.3
1201,3,43,768,523.423,43,768,7,0.4444,686.3,0.24,42,complete,0.2314,50496.0
1202,4,25,267,283.08,25,267,3,0.3605,524.9,0.0902,6,complete,0.05,50510.7
1203,3,48,843,629.947,48,843,9,0.4353,678.0,0.1978,24,complete,0.2371,50559.0
1204,4,59,1000,605.147,54,,9,0.5972,915.9,0.2841,38,step_limit,0.2886,50609.0
1205,6,53,336,629.4,53,336,7,0.4767,743.8,0.1231,4,complete,0.0939,50628.3
1206,3,45,772,549.813,45,772,7,0.4819,747.1,0.2427,39,complete,0.2397,50667.0
1207,3,72,1000,635.563,55,,9,0.444,639.2,0.3497,33,step_limit,0.273,50713.5
1208,3,68,1000,738.716,60,,10,0.446,792.3,0.2113,37,step_limit,0.2937,50759.9
1209,5,37,402,420.914,37,402,5,0.6229,821.6,0.1669,7,complete,0.082,50777.1
1210,4,40,618,467.44,40,618,6,0.5457,883.9,0.3384,46,complete,0.1632,50804.1
1211,5,40,424,482.837,40,424,6,0.4863,685.5,0.2212,14,complete,0.103,50821.9
1212,6,47,356,580.349,47,356,7,0.5805,921.0,0.1233,8,complete,0.0859,50839.9
1213,6,44,537,488.916,44,537,6,0.6601,897.1,0.2744,14,complete,0.1688,50869.1
1214,4,54,621,665.508,54,621,8,0.531,864.3,0.1954,16,complete,0.163,50901.9
1215,3,71,1000,776.679,61,,11,0.4437,702.0,0.2413,50,step_limit,0.2314,50957.7
1216,6,68,589,835.134,68,589,11,0.6231,1054.0,0.1581,5,complete,0.1307,50995.7
1217,3,48,854,595.924,48,854,8,0.518,786.1,0.2453,85,complete,0.2708,51044.8
1218,5,37,438,423.614,37,438,5,0.5461,784.9,0.1798,9,complete,0.1439,51069.6
1219,4,80,1000,1022.58,79,,14,0.5593,885.8,0.285,16,step_limit,0.2309,51129.6
1220,4,63,816,763.019,63,816,10,0.5012,829.3,0.2019,13,complete,0.2,51175.6
1221,3,21,664,224.323,21,664,3,0.5457,769.7,0.4647,195,complete,0.2097,51209.9
1222,3,59,879,767.379,59,879,10,0.3697,652.5,0.2168,36,complete,0.1682,51252.2
1223,4,25,439,286.44,25,439,4,0.5051,884.0,0.21,19,complete,0.199,51274.9
1224,4,53,688,672.522,53,688,9,0.5004,747.0,0.2263,21,complete,0.1553,51312.0
1225,3,66,1000,785.105,60,,11,0.4573,759.1,0.3077,51,step_limit,0.2101,51360.8
1226,5,39,360,517.308,39,360,7,0.3822,623.8,0.2246,12,complete,0.0678,51379.4
1227,6,70,530,942.403,70,530,13,0.5563,777.8,0.1724,11,complete,0.0808,51407.1
1228,3,52,935,694.702,52,935,10,0.497,777.1,0.1721,18,complete,0.2691,51453.5
1229,3,43,822,528.226,43,822,7,0.4895,707.0,0.2681,45,complete,0.2051,51496.8
1230,3,79,1000,681.5,55,,11,0.5033,720.1,0.3244,98,step_limit,0.2464,51554.0
1231,4,30,338,352.533,30,338,4,0.4408,615.5,0.1137,9,complete,0.115,51575.1
1232,4,67,700,891.916,67,700,12,0.4311,624.3,0.2412,34,complete,0.1226,51616.9
1233,5,36,375,414.514,36,375,5,0.5552,854.0,0.1777,6,complete,0.125,51639.2
1234,4,71,835,904.656,71,835,12,0.4746,791.1,0.2037,17,complete,0.1926,51687.4
1235,5,57,518,720.898,57,518,9,0.5946,917.7,0.2018,11,complete,0.131,51718.7
1236,6,53,431,610.872,53,431,7,0.6361,871.8,0.2073,10,complete,0.1296,51744.6
1237,5,71,952,829.111,71,952,11,0.6941,1098.8,0.282,16,complete,0.2608,51798.5
1238,6,65,680,737.503,65,680,10,0.689,995.5,0.1897,7,complete,0.1796,51840.3
1239,4,60,1000,689.88,59,,9,0.6122,1023.1,0.2852,28,step_limit,0.2395,51896.5
1240,4,53,1000,589.289,51,,9,0.5753,916.3,0.2794,36,step_limit,0.2721,51953.4
1241,3,80,1000,835.776,65,,12,0.4693,720.8,0.1861,30,step_limit,0.2547,52012.7
1242,5,25,332,297.64,25,332,4,0.4783,827.7,0.1225,1,complete,0.1067,52030.8
1243,4,63,1000,574.537,54,,9,0.5863,872.0,0.3204,55,step_limit,0.2789,52088.2
1244,6,36,352,400.297,36,352,5,0.6321,927.6,0.1262,4,complete,0.1314,52109.8
1245,6,42,417,474.951,42,417,6,0.6379,985.3,0.1028,2,complete,0.1127,52134.5
1246,4,34,387,407.773,34,387,5,0.3702,521.3,0.1123,10,complete,0.0991,52156.9
1247,5,41,446,490.907,41,446,6,0.6013,939.8,0.1582,3,complete,0.0938,52182.8
1248,5,56,506,673.209,56,506,8,0.532,751.4,0.1639,5,complete,0.1167,52213.6
1249,4,52,561,676.591,52,561,9,0.4162,652.3,0.1323,11,complete,0.1389,52246.6
1250,3,29,686,305.706,29,686,4,0.5311,782.3,0.3034,34,complete,0.2206,52285.0
