rep,seed,규칙+탈출,학습
0,701,863,758
0,702,690,554
0,703,585,515
0,704,546,504
0,705,546,557
0,706,,615
0,707,513,567
0,708,691,651
0,709,484,551
0,710,743,751
0,711,510,615
0,712,554,824
0,713,513,491
0,714,818,539
0,715,,913
0,716,786,703
0,717,454,399
0,718,531,611
0,719,,516
0,720,704,580
0,721,480,451
0,722,622,569
0,723,524,449
0,724,792,638
0,725,675,657
0,726,469,397
0,727,756,679
0,728,927,1475
0,729,,596
0,730,515,458
0,731,692,582
0,732,570,581
0,733,860,703
0,734,644,523
0,735,560,497
0,736,450,450
0,737,512,488
0,738,537,560
0,739,493,447
0,740,533,618
1,701,775,678
1,702,769,618
1,703,589,724
1,704,576,512
1,705,558,483
1,706,650,655
1,707,627,514
1,708,776,875
1,709,498,461
1,710,692,693
1,711,525,458
1,712,555,582
1,713,549,410
1,714,816,688
1,715,582,578
1,716,805,639
1,717,472,525
1,718,564,552
1,719,766,518
1,720,656,833
1,721,469,420
1,722,757,810
1,723,473,531
1,724,766,620
1,725,519,533
1,726,519,468
1,727,1102,656
1,728,657,623
1,729,,689
1,730,511,544
1,731,774,595
1,732,571,562
1,733,765,718
1,734,679,822
1,735,527,1182
1,736,452,418
1,737,526,494
1,738,480,453
1,739,492,514
1,740,491,490
2,701,785,745
2,702,724,503
2,703,556,564
2,704,577,476
2,705,539,587
2,706,693,905
2,707,639,458
2,708,640,626
2,709,525,523
2,710,782,667
2,711,493,442
2,712,553,551
2,713,493,453
2,714,608,553
2,715,552,552
2,716,648,554
2,717,537,415
2,718,524,495
2,719,602,483
2,720,667,597
2,721,441,530
2,722,577,527
2,723,584,508
2,724,745,690
2,725,512,530
2,726,446,472
2,727,965,723
2,728,774,610
2,729,553,522
2,730,535,503
2,731,702,711
2,732,570,852
2,733,670,905
2,734,805,657
2,735,542,461
2,736,484,426
2,737,535,445
2,738,518,795
2,739,493,474
2,740,498,502
3,701,898,775
3,702,585,600
3,703,1513,693
3,704,542,630
3,705,539,513
3,706,1557,692
3,707,769,540
3,708,652,605
3,709,476,606
3,710,,676
3,711,499,573
3,712,605,520
3,713,509,557
3,714,724,582
3,715,628,570
3,716,815,578
3,717,764,427
3,718,527,458
3,719,554,455
3,720,639,648
3,721,513,597
3,722,604,534
3,723,491,525
3,724,739,805
3,725,527,685
3,726,549,419
3,727,898,634
3,728,692,990
3,729,,679
3,730,520,565
3,731,696,553
3,732,565,505
3,733,687,597
3,734,772,617
3,735,553,483
3,736,460,403
3,737,510,417
3,738,465,567
3,739,491,545
3,740,505,419
4,701,763,778
4,702,742,774
4,703,783,579
4,704,596,513
4,705,554,437
4,706,686,655
4,707,550,426
4,708,671,3746
4,709,515,624
4,710,772,723
4,711,465,564
4,712,702,499
4,713,500,501
4,714,616,536
4,715,616,494
4,716,684,654
4,717,466,428
4,718,547,455
4,719,675,502
4,720,694,567
4,721,488,517
4,722,586,574
4,723,473,509
4,724,779,632
4,725,823,501
4,726,475,386
4,727,830,670
4,728,691,603
4,729,,657
4,730,515,554
4,731,698,617
4,732,580,1066
4,733,636,782
4,734,717,602
4,735,595,545
4,736,457,477
4,737,493,421
4,738,485,605
4,739,490,520
4,740,507,525
