rep,seed,개입 없음,정체>60 온도2,정체>60 온도5,정체>120 온도2,정체>120 온도5,규칙+탈출
0,101,843,1015,721,910,737,748
0,102,978,688,1071,838,688,735
0,103,1592,963,1131,998,835,1011
0,104,625,781,648,956,1114,810
0,105,839,838,995,825,902,785
0,106,1084,796,953,842,961,776
0,107,1035,924,769,851,942,870
0,108,1153,949,765,869,846,1028
0,109,1228,789,1048,1160,895,757
0,110,740,752,1044,859,890,812
0,111,831,904,892,891,932,789
0,112,1004,777,950,1025,1048,884
0,113,797,878,972,822,737,806
0,114,1165,1131,746,1024,768,943
0,115,940,918,831,920,746,811
0,116,900,872,783,1013,1139,791
0,117,817,1171,828,830,984,1200
0,118,805,576,700,1201,640,688
0,119,759,724,735,931,727,764
0,120,868,829,821,922,796,977
0,121,855,1189,745,1017,786,749
0,122,948,794,869,855,763,759
0,123,806,931,710,852,843,805
0,124,1137,757,1139,755,1164,952
0,125,976,1079,1155,1033,1012,1061
0,126,986,967,898,1307,938,950
0,127,998,818,681,712,829,734
0,128,1011,995,846,755,1623,890
0,129,922,981,1119,881,749,877
0,130,768,893,1070,872,900,1015
0,131,828,1132,760,899,976,946
0,132,684,628,714,887,881,1243
0,133,809,792,831,857,858,726
0,134,784,843,911,1016,716,820
0,135,830,645,882,656,720,646
0,136,1050,913,1098,1165,909,801
0,137,902,1213,978,1001,731,774
0,138,778,890,1206,975,716,1096
0,139,1375,907,924,1169,919,952
0,140,741,2028,827,1008,1056,1030
0,141,1018,1084,863,910,1032,940
0,142,995,870,709,991,895,828
0,143,935,1034,962,1209,925,794
0,144,694,780,713,890,866,810
0,145,850,968,922,957,1077,870
0,146,788,832,858,965,976,955
0,147,1038,834,861,783,881,912
0,148,889,1088,1143,1076,683,965
0,149,1006,852,874,1012,776,941
0,150,1067,713,726,695,726,793
0,151,849,1083,1000,826,811,795
0,152,1093,770,735,803,969,755
0,153,807,938,906,1252,1042,823
0,154,1016,699,805,977,1011,716
0,155,735,939,865,906,1012,855
0,156,947,944,1078,1537,804,1148
0,157,840,859,1069,1013,915,924
0,158,717,856,1084,1310,914,918
0,159,881,1003,829,1075,922,925
0,160,795,849,884,801,772,919
1,101,785,984,850,805,868,960
1,102,769,887,772,825,752,740
1,103,1056,1038,881,951,1481,1186
1,104,906,697,753,774,705,905
1,105,776,1226,955,853,1034,775
1,106,792,769,1192,785,802,710
1,107,764,871,929,1146,936,900
1,108,983,1041,1429,788,803,1008
1,109,851,846,767,939,886,857
1,110,854,909,1134,910,1033,
1,111,876,1230,961,857,979,811
1,112,765,835,801,882,824,907
1,113,773,748,759,872,742,913
1,114,986,970,964,1168,1200,826
1,115,803,785,907,916,951,835
1,116,751,1020,866,927,1037,817
1,117,901,766,818,811,707,1455
1,118,612,764,932,595,785,745
1,119,774,703,993,829,807,748
1,120,1023,885,782,772,752,978
1,121,879,818,743,982,1169,726
1,122,780,863,780,907,852,741
1,123,931,814,900,843,690,914
1,124,1133,768,847,746,984,959
1,125,1025,1006,823,864,991,2014
1,126,1198,996,890,894,956,1106
1,127,720,975,1058,597,706,920
1,128,865,738,707,836,841,919
1,129,1073,1363,804,872,832,1051
1,130,1076,871,1011,882,919,1055
1,131,704,817,950,791,721,866
1,132,587,663,597,741,812,656
1,133,876,874,1128,802,846,744
1,134,768,964,714,683,705,973
1,135,715,732,736,765,952,645
1,136,723,830,781,869,944,888
1,137,832,1067,878,944,1340,787
1,138,883,1096,1085,746,949,1099
1,139,791,1041,944,1158,1119,837
1,140,745,899,1106,835,865,944
1,141,891,1059,954,1064,1104,812
1,142,795,817,804,877,766,917
1,143,908,967,921,877,919,1015
1,144,776,641,1085,761,649,771
1,145,843,1140,1120,882,903,864
1,146,1035,892,910,934,715,1006
1,147,1119,889,994,923,738,866
1,148,1059,816,902,949,1085,738
1,149,782,825,932,1000,799,825
1,150,914,736,761,694,748,1008
1,151,2360,1398,825,953,857,934
1,152,1020,815,816,917,879,804
1,153,1787,995,951,840,824,800
1,154,919,722,954,771,761,729
1,155,854,788,954,1046,751,872
1,156,1006,1127,978,1195,929,1219
1,157,1106,874,865,974,915,925
1,158,731,1312,766,1087,1052,854
1,159,834,941,1048,996,889,922
1,160,709,852,814,997,840,1553
