rep,seed,개입 없음,정체>120 온도5,정체>60 온도5,규칙+탈출
0,501,602,420,619,481
0,502,965,765,729,584
0,503,612,654,699,578
0,504,666,616,620,689
0,505,679,541,1063,542
0,506,455,448,592,527
0,507,601,688,502,486
0,508,480,1016,566,529
0,509,514,469,476,586
0,510,550,756,735,555
0,511,527,632,677,575
0,512,910,960,743,768
0,513,579,612,726,561
0,514,624,752,669,579
0,515,693,515,580,588
0,516,607,584,512,543
0,517,528,557,513,553
0,518,670,624,763,565
0,519,624,567,592,650
0,520,462,564,417,478
0,521,609,560,769,540
0,522,831,727,643,766
0,523,658,567,607,772
0,524,507,733,724,592
0,525,728,624,677,689
0,526,623,1696,742,754
0,527,388,458,395,365
0,528,774,709,698,668
0,529,736,597,666,553
0,530,464,581,485,477
0,531,568,586,699,601
0,532,637,760,964,529
0,533,658,706,430,731
0,534,531,620,513,460
0,535,741,1029,910,917
0,536,702,721,850,572
0,537,446,414,512,398
0,538,989,678,525,569
0,539,779,679,670,622
0,540,1076,905,608,1447
1,501,509,474,501,471
1,502,661,622,709,582
1,503,605,720,483,1592
1,504,692,649,608,689
1,505,477,667,757,542
1,506,653,484,461,516
1,507,478,624,507,486
1,508,455,563,604,532
1,509,547,547,674,598
1,510,609,776,755,483
1,511,597,694,528,575
1,512,841,815,648,768
1,513,675,584,862,565
1,514,548,737,825,569
1,515,606,597,646,596
1,516,553,553,582,512
1,517,489,590,479,573
1,518,705,656,616,565
1,519,814,689,550,655
1,520,539,644,453,479
1,521,578,535,750,538
1,522,920,767,722,764
1,523,592,648,589,772
1,524,776,667,591,576
1,525,620,649,911,687
1,526,795,886,668,754
1,527,413,357,438,365
1,528,692,694,610,665
1,529,589,469,715,533
1,530,485,670,580,481
1,531,676,806,801,602
1,532,506,692,1033,528
1,533,480,517,477,730
1,534,519,673,1186,465
1,535,1035,844,1254,912
1,536,669,902,659,570
1,537,588,596,439,398
1,538,567,514,527,586
1,539,620,697,590,621
1,540,628,625,510,1447
2,501,538,632,867,478
2,502,659,687,648,579
2,503,661,518,554,556
2,504,598,749,726,689
2,505,572,658,559,542
2,506,494,521,496,516
2,507,447,517,510,486
2,508,475,647,595,532
2,509,480,490,515,584
2,510,642,644,716,483
2,511,673,489,539,575
2,512,645,679,634,768
2,513,565,697,779,561
2,514,814,764,678,560
2,515,735,529,543,596
2,516,677,582,532,553
2,517,471,578,645,565
2,518,581,644,651,559
2,519,617,607,708,652
2,520,609,633,591,481
2,521,637,654,555,539
2,522,787,1316,778,766
2,523,658,574,576,772
2,524,489,586,585,600
2,525,640,578,566,688
2,526,816,661,573,747
2,527,487,449,475,365
2,528,751,595,510,669
2,529,678,655,574,533
2,530,575,449,472,481
2,531,729,602,543,602
2,532,675,563,1057,527
2,533,557,470,639,731
2,534,746,578,610,458
2,535,2801,749,630,915
2,536,584,684,579,570
2,537,458,412,431,398
2,538,539,622,557,576
2,539,629,704,680,622
2,540,659,574,500,1447
3,501,731,521,524,472
3,502,645,673,838,585
3,503,738,1096,645,564
3,504,991,605,808,689
3,505,705,524,672,532
3,506,466,630,474,532
3,507,439,538,457,487
3,508,622,406,592,532
3,509,456,508,705,583
3,510,660,781,649,484
3,511,526,530,569,575
3,512,845,605,679,768
3,513,728,722,545,565
3,514,670,701,566,547
3,515,667,603,524,592
3,516,549,568,469,527
3,517,598,518,505,573
3,518,590,623,593,565
3,519,636,604,688,652
3,520,454,579,539,485
3,521,758,603,600,537
3,522,1146,823,805,764
3,523,727,836,586,772
3,524,831,670,581,592
3,525,814,587,642,687
3,526,653,546,665,750
3,527,389,382,431,365
3,528,889,1200,585,669
3,529,703,602,665,588
3,530,985,436,491,477
3,531,729,831,735,604
3,532,664,803,801,534
3,533,506,516,531,711
3,534,559,503,597,466
3,535,666,699,804,912
3,536,694,651,867,570
3,537,402,487,464,398
3,538,592,584,568,587
3,539,978,712,650,620
3,540,608,666,616,1447
4,501,663,561,623,470
4,502,645,647,625,594
4,503,622,727,778,557
4,504,726,1081,630,689
4,505,462,893,514,542
4,506,455,495,488,522
4,507,500,435,656,492
4,508,757,750,653,532
4,509,600,623,583,581
4,510,598,722,714,492
4,511,517,536,510,575
4,512,643,744,794,768
4,513,644,687,585,568
4,514,874,559,556,553
4,515,664,503,1171,592
4,516,475,688,469,513
4,517,600,537,466,565
4,518,960,736,592,558
4,519,747,604,716,648
4,520,497,645,464,478
4,521,702,829,634,540
4,522,756,747,827,766
4,523,601,626,680,772
4,524,463,562,695,597
4,525,842,841,709,687
4,526,744,645,684,747
4,527,393,421,369,365
4,528,667,546,702,669
4,529,692,816,860,536
4,530,522,576,481,481
4,531,528,718,578,601
4,532,592,808,689,531
4,533,692,756,524,730
4,534,556,495,759,456
4,535,693,681,731,915
4,536,799,707,839,573
4,537,399,524,612,398
4,538,569,659,566,580
4,539,750,729,741,622
4,540,539,535,600,1447
