episode,steps,team_reward,worker_reward,delivered,makespan,t_last_deliv,idle_drones,reloads,arrivals,blocked,hop2plus,max_reach,stall_ratio,max_stall_run,term_reason,comm_loss,env_steps,wall_sec
1,1000,380.0,23.485,27,,855,0,5,51,1034,0.5367,743.1,0.2595,21,step_limit,0,1000,3.9
2,1000,430.0,37.755,32,,981,0,5,26,488,0.5705,772.0,0.1099,9,step_limit,0,2000,7.5
3,1000,380.0,33.218,30,,912,0,4,63,749,0.602,879.3,0.1779,10,step_limit,0,3000,11.3
4,1000,420.0,23.917,31,,829,0,5,26,710,0.5837,768.7,0.1596,7,step_limit,0,4000,15.4
5,1000,350.0,19.912,27,,996,0,4,16,753,0.4833,736.5,0.171,11,step_limit,0,5000,19.9
6,1000,410.0,35.812,30,,888,0,5,28,430,0.4813,800.9,0.0951,13,step_limit,0,6000,38.0
7,1000,410.0,22.909,30,,958,0,5,16,799,0.4945,803.6,0.1967,8,step_limit,0,7000,65.2
8,1000,320.0,58.136,27,,770,0,3,161,349,0.3598,770.2,0.0792,13,step_limit,0,8000,91.8
9,1000,380.0,13.696,30,,879,0,4,50,1224,0.574,855.0,0.2978,16,step_limit,0,9000,119.6
10,1000,320.0,63.935,27,,679,0,3,133,460,0.4755,738.0,0.1035,8,step_limit,0,10000,147.0
11,1000,290.0,12.195,24,,975,0,3,125,1678,0.5777,760.5,0.418,44,step_limit,0,11000,174.2
12,1000,420.0,55.228,31,,824,0,5,164,916,0.533,981.7,0.2283,77,step_limit,0,12000,201.7
13,1000,340.0,74.637,26,,796,0,4,279,889,0.4845,737.8,0.2181,24,step_limit,0,13000,229.8
14,1000,370.0,47.8,29,,795,0,4,174,918,0.584,815.3,0.2204,15,step_limit,0,14000,256.1
15,1000,460.0,40.709,32,,854,0,6,67,572,0.5545,803.0,0.1329,6,step_limit,0,15000,284.1
16,1000,430.0,58.83,32,,997,0,5,223,1101,0.493,803.2,0.2769,19,step_limit,0,16000,312.0
17,1000,400.0,28.718,29,,919,0,5,58,724,0.5683,767.6,0.1702,19,step_limit,0,17000,339.9
18,1000,500.0,30.766,36,,980,0,6,31,621,0.6198,971.7,0.1506,10,step_limit,0,18000,368.6
19,1000,440.0,18.664,33,,934,0,5,27,969,0.5278,849.7,0.2368,19,step_limit,0,19000,395.0
20,1000,520.0,21.971,38,,926,0,6,24,693,0.5573,887.8,0.1688,11,step_limit,0,20000,422.3
21,1000,490.0,38.034,35,,940,0,6,78,761,0.558,897.0,0.1852,11,step_limit,0,21000,450.4
22,1000,400.0,13.624,29,,985,0,5,22,1023,0.592,739.9,0.2503,17,step_limit,0,22000,478.6
23,1000,410.0,27.108,33,,952,0,4,44,819,0.5363,930.4,0.1959,11,step_limit,0,23000,506.5
24,1000,380.0,55.23,30,,990,0,4,104,346,0.4703,911.4,0.0768,8,step_limit,0,24000,534.3
25,1000,450.0,26.865,34,,989,0,5,46,733,0.531,806.2,0.1679,23,step_limit,0,25000,561.2
26,1000,380.0,25.393,30,,814,0,4,32,766,0.5265,899.7,0.1833,15,step_limit,0,26000,589.6
27,1000,420.0,15.681,31,,1000,0,5,24,816,0.5567,720.6,0.1918,13,step_limit,0,27000,617.4
28,1000,380.0,14.419,30,,954,0,4,17,843,0.5883,803.7,0.1956,18,step_limit,0,28000,645.2
29,1000,390.0,18.084,28,,943,0,5,19,672,0.4985,734.2,0.1591,22,step_limit,0,29000,673.1
30,1000,460.0,30.445,32,,871,0,6,31,496,0.5335,844.7,0.121,11,step_limit,0,30000,701.0
31,1000,390.0,25.351,31,,992,0,4,40,827,0.4998,906.0,0.1944,25,step_limit,0,31000,727.7
32,1000,400.0,51.1,32,,660,0,4,130,701,0.5737,818.9,0.1662,8,step_limit,0,32000,754.8
33,1000,390.0,13.879,31,,956,0,4,17,910,0.5577,852.6,0.2186,20,step_limit,0,33000,782.3
34,1000,440.0,22.708,30,,805,0,6,39,801,0.4795,772.0,0.1865,11,step_limit,0,34000,810.7
35,1000,470.0,24.749,36,,976,0,5,21,620,0.6152,883.5,0.1396,10,step_limit,0,35000,838.1
36,1000,440.0,40.734,30,,847,0,6,85,742,0.564,884.2,0.1868,34,step_limit,0,36000,864.0
37,1000,380.0,26.854,30,,991,0,4,69,943,0.563,815.1,0.2273,17,step_limit,0,37000,891.2
38,1000,430.0,32.715,32,,981,0,5,82,920,0.5377,759.1,0.2201,24,step_limit,0,38000,919.3
39,1000,400.0,77.416,32,,988,0,4,219,709,0.5447,736.1,0.1618,11,step_limit,0,39000,947.3
40,1000,470.0,15.1,33,,737,0,6,31,958,0.612,804.7,0.2384,64,step_limit,0,40000,975.5
41,1000,440.0,43.541,33,,945,0,5,99,622,0.5242,797.3,0.1459,7,step_limit,0,41000,1003.7
42,1000,380.0,17.064,30,,990,0,4,26,921,0.5707,892.9,0.2189,20,step_limit,0,42000,1030.5
43,1000,440.0,25.603,30,,876,0,6,26,691,0.5377,773.5,0.1621,21,step_limit,0,43000,1056.8
44,1000,380.0,20.1,30,,914,0,4,22,779,0.4978,743.9,0.1812,7,step_limit,0,44000,1082.6
45,1000,430.0,42.165,32,,945,0,5,116,794,0.5927,758.9,0.1972,11,step_limit,0,45000,1110.6
46,1000,310.0,48.383,26,,917,0,3,114,684,0.4875,728.7,0.1577,13,step_limit,0,46000,1137.8
47,1000,280.0,-6.068,23,,892,0,3,17,1436,0.4698,688.4,0.3447,52,step_limit,0,47000,1164.8
48,1000,340.0,30.541,29,,956,0,3,52,778,0.5212,848.4,0.1859,14,step_limit,0,48000,1193.1
49,1000,370.0,26.535,29,,986,0,4,61,900,0.4993,808.4,0.2185,12,step_limit,0,49000,1220.5
50,1000,400.0,30.878,29,,1000,0,5,51,737,0.5775,800.4,0.1738,20,step_limit,0,50000,1245.9
51,1000,410.0,37.931,30,,961,0,5,27,521,0.497,788.4,0.1241,12,step_limit,0,51000,1323.2
52,1000,370.0,18.597,29,,981,0,4,22,678,0.567,734.9,0.1689,11,step_limit,0,52000,1350.9
53,1000,360.0,31.0,28,,982,0,4,24,517,0.539,763.8,0.113,9,step_limit,0,53000,1379.7
54,1000,420.0,18.429,31,,994,0,5,41,982,0.587,759.6,0.2338,13,step_limit,0,54000,1408.5
55,1000,450.0,41.017,34,,902,0,5,64,538,0.5515,960.2,0.1262,8,step_limit,0,55000,1434.8
56,1000,410.0,18.85,30,,943,0,5,24,712,0.5645,1024.1,0.1684,10,step_limit,0,56000,1462.8
57,1000,440.0,28.716,33,,932,0,5,41,808,0.5485,852.1,0.1994,19,step_limit,0,57000,1491.3
58,1000,330.0,5.044,28,,945,0,3,22,1223,0.6345,1019.8,0.3005,24,step_limit,0,58000,1519.7
59,1000,330.0,21.319,28,,980,0,3,41,899,0.5513,787.2,0.2168,29,step_limit,0,59000,1547.7
60,1000,370.0,24.383,29,,990,0,4,26,772,0.6042,910.9,0.188,12,step_limit,0,60000,1576.1
61,1000,370.0,24.213,29,,981,0,4,22,744,0.5345,704.1,0.1817,8,step_limit,0,61000,1603.4
62,1000,390.0,17.138,28,,905,0,5,25,883,0.5677,771.8,0.2057,10,step_limit,0,62000,1631.2
63,1000,400.0,27.943,32,,970,0,4,69,862,0.573,1061.8,0.2049,17,step_limit,0,63000,1659.5
64,1000,420.0,31.27,31,,965,0,5,22,744,0.572,840.4,0.1739,14,step_limit,0,64000,1687.1
65,1000,360.0,22.987,28,,993,0,4,39,921,0.578,833.2,0.2142,16,step_limit,0,65000,1715.4
66,1000,300.0,25.283,25,,977,0,3,59,912,0.4913,716.6,0.2124,11,step_limit,0,66000,1743.7
67,1000,350.0,22.766,27,,997,0,4,16,716,0.4828,763.9,0.1647,31,step_limit,0,67000,1770.1
68,1000,320.0,39.089,27,,785,0,3,33,618,0.538,763.5,0.1368,4,step_limit,0,68000,1797.5
69,1000,440.0,42.524,33,,936,0,5,26,382,0.571,811.7,0.0823,9,step_limit,0,69000,1825.6
70,1000,360.0,39.8,28,,842,0,4,28,442,0.543,834.3,0.0959,13,step_limit,0,70000,1853.8
71,1000,380.0,13.759,30,,979,0,4,20,1018,0.507,884.8,0.2473,17,step_limit,0,71000,1881.7
72,1000,350.0,27.074,27,,958,0,4,23,540,0.4913,744.1,0.1214,8,step_limit,0,72000,1910.2
73,1000,340.0,26.226,26,,997,0,4,24,571,0.5455,695.3,0.1257,20,step_limit,0,73000,1935.3
74,1000,370.0,28.232,26,,845,0,5,18,554,0.5415,732.8,0.1263,18,step_limit,0,74000,1960.6
75,1000,380.0,21.862,30,,974,0,4,21,832,0.537,774.2,0.1978,10,step_limit,0,75000,1986.4
76,1000,340.0,1.207,26,,966,0,4,21,1267,0.5783,761.5,0.3178,25,step_limit,0,76000,2012.5
77,1000,430.0,28.163,32,,866,0,5,19,586,0.5958,945.1,0.1344,11,step_limit,0,77000,2037.6
78,1000,400.0,21.536,29,,947,0,5,28,847,0.5245,718.6,0.1985,10,step_limit,0,78000,2064.3
79,1000,410.0,26.24,30,,955,0,5,20,661,0.5245,817.0,0.1553,8,step_limit,0,79000,2091.4
80,1000,340.0,32.736,29,,950,0,3,34,651,0.5627,754.2,0.1522,12,step_limit,0,80000,2118.7
81,1000,310.0,3.975,23,,886,0,4,27,969,0.485,732.3,0.2292,25,step_limit,0,81000,2146.6
82,1000,400.0,37.632,29,,886,0,5,47,645,0.5212,904.4,0.1596,14,step_limit,0,82000,2172.6
83,1000,430.0,31.416,35,,983,0,4,48,784,0.5853,945.2,0.1945,12,step_limit,0,83000,2199.2
84,1000,340.0,32.654,26,,994,0,4,46,807,0.5115,700.6,0.1871,28,step_limit,0,84000,2223.6
85,1000,370.0,32.979,29,,994,0,4,58,761,0.4995,772.1,0.1772,21,step_limit,0,85000,2250.8
86,1000,490.0,40.92,35,,937,0,6,29,385,0.566,842.1,0.0922,9,step_limit,0,86000,2278.1
87,1000,430.0,15.36,32,,877,0,5,28,913,0.5577,820.0,0.2193,19,step_limit,0,87000,2304.4
88,1000,440.0,26.943,33,,998,0,5,40,756,0.591,799.8,0.1827,10,step_limit,0,88000,2331.9
89,1000,320.0,43.83,24,,980,0,4,47,524,0.504,703.3,0.122,8,step_limit,0,89000,2359.2
90,1000,390.0,26.343,31,,884,0,4,37,784,0.547,771.6,0.1926,11,step_limit,0,90000,2386.6
91,1000,450.0,53.648,31,,956,0,6,127,590,0.4923,810.0,0.1427,11,step_limit,0,91000,2414.1
92,1000,410.0,26.744,30,,891,0,5,28,538,0.4745,794.3,0.1296,9,step_limit,0,92000,2440.3
93,1000,360.0,38.775,28,,925,0,4,36,314,0.451,741.8,0.0663,10,step_limit,0,93000,2468.0
94,1000,430.0,46.741,32,,917,0,5,52,340,0.4955,759.5,0.0774,8,step_limit,0,94000,2494.7
95,1000,300.0,35.053,25,,992,0,3,56,767,0.47,687.4,0.1816,7,step_limit,0,95000,2521.7
96,1000,290.0,33.537,24,,953,0,3,50,734,0.526,899.4,0.1684,11,step_limit,0,96000,2548.5
97,1000,350.0,42.591,30,,910,0,3,72,723,0.5763,907.4,0.1689,12,step_limit,0,97000,2574.2
98,1000,350.0,36.638,27,,940,0,4,67,793,0.5523,739.7,0.1897,13,step_limit,0,98000,2601.1
99,1000,350.0,34.264,27,,899,0,4,24,558,0.4818,754.0,0.1111,10,step_limit,0,99000,2625.7
100,1000,420.0,51.844,31,,980,0,5,65,476,0.5265,873.0,0.1148,10,step_limit,0,100000,2652.1
101,1000,350.0,33.914,27,,905,0,4,41,699,0.4883,849.4,0.1629,12,step_limit,0,101000,2728.8
102,1000,370.0,17.261,29,,981,0,4,24,1017,0.5603,746.3,0.2469,8,step_limit,0,102000,2755.2
103,1000,250.0,-1.55,23,,976,0,2,12,1448,0.4755,777.1,0.3544,19,step_limit,0,103000,2782.4
104,1000,230.0,7.411,21,,998,0,2,23,1001,0.5148,788.3,0.2417,25,step_limit,0,104000,2809.8
105,1000,340.0,35.411,26,,943,0,4,28,525,0.5,678.1,0.127,12,step_limit,0,105000,2836.8
106,1000,370.0,34.445,26,,895,0,5,41,549,0.5168,706.6,0.1252,7,step_limit,0,106000,2863.7
107,1000,280.0,12.871,23,,885,0,3,14,1047,0.5258,705.0,0.2465,11,step_limit,0,107000,2890.5
108,1000,310.0,18.45,26,,906,0,3,35,808,0.535,755.2,0.1849,14,step_limit,0,108000,2918.0
109,1000,320.0,23.44,24,,940,0,4,44,755,0.4738,744.7,0.1753,14,step_limit,0,109000,2946.1
110,1000,310.0,29.345,23,,915,0,4,20,509,0.5523,738.2,0.1174,11,step_limit,0,110000,2973.8
111,1000,280.0,25.003,23,,900,0,3,22,721,0.538,620.6,0.1658,12,step_limit,0,111000,3000.1
112,1000,330.0,55.351,25,,988,0,4,112,633,0.4627,761.9,0.1472,11,step_limit,0,112000,3027.2
113,1000,360.0,30.347,28,,951,0,4,55,846,0.5255,962.0,0.2092,13,step_limit,0,113000,3054.6
114,1000,230.0,12.671,18,,610,0,3,32,830,0.384,624.8,0.2055,17,step_limit,0,114000,3081.9
115,1000,410.0,25.897,33,,990,0,4,35,773,0.545,884.6,0.1774,13,step_limit,0,115000,3109.8
116,1000,350.0,52.291,27,,892,0,4,48,474,0.5415,738.4,0.11,5,step_limit,0,116000,3137.2
117,1000,390.0,21.881,28,,813,0,5,22,660,0.5075,848.1,0.1496,8,step_limit,0,117000,3165.2
118,1000,350.0,39.617,30,,928,0,3,51,536,0.502,736.4,0.1226,13,step_limit,0,118000,3192.3
119,1000,230.0,41.499,21,,992,0,2,55,586,0.4985,644.4,0.1283,9,step_limit,0,119000,3219.8
120,1000,290.0,41.618,24,,756,0,3,51,567,0.535,764.1,0.1228,10,step_limit,0,120000,3247.4
121,1000,370.0,59.007,29,,932,0,4,83,454,0.522,867.9,0.1025,6,step_limit,0,121000,3274.8
122,1000,360.0,41.098,28,,946,0,4,95,837,0.4873,858.4,0.2024,9,step_limit,0,122000,3301.6
123,1000,400.0,47.799,29,,928,0,5,47,392,0.5022,759.9,0.0913,8,step_limit,0,123000,3328.4
124,1000,430.0,72.542,32,,998,0,5,91,186,0.4928,811.0,0.0374,6,step_limit,0,124000,3354.4
125,1000,330.0,-3.451,25,,896,0,4,24,1348,0.5262,737.2,0.3434,39,step_limit,0,125000,3379.8
126,1000,350.0,38.267,30,,974,0,3,51,712,0.5108,823.4,0.1649,19,step_limit,0,126000,3406.2
127,1000,300.0,40.868,25,,910,0,3,33,414,0.4978,736.6,0.0815,4,step_limit,0,127000,3433.5
128,1000,340.0,48.785,26,,979,0,4,64,292,0.4363,779.0,0.063,8,step_limit,0,128000,3461.2
129,1000,390.0,33.118,31,,949,0,4,32,613,0.5393,813.4,0.1499,13,step_limit,0,129000,3488.5
130,1000,240.0,34.05,22,,953,0,2,45,648,0.4602,671.2,0.1532,11,step_limit,0,130000,3515.8
131,1000,380.0,25.518,27,,846,0,5,25,748,0.551,1003.4,0.1679,9,step_limit,0,131000,3543.6
132,1000,330.0,32.122,25,,957,0,4,31,649,0.532,709.0,0.145,6,step_limit,0,132000,3570.7
133,1000,270.0,42.93,25,,965,0,2,43,522,0.5265,694.9,0.1223,15,step_limit,0,133000,3596.9
134,1000,270.0,37.565,22,,959,0,3,55,547,0.4165,688.7,0.1256,7,step_limit,0,134000,3624.4
135,1000,230.0,30.584,21,,952,0,2,31,575,0.4343,742.3,0.1321,7,step_limit,0,135000,3651.9
136,1000,290.0,26.402,24,,978,0,3,38,627,0.4465,734.7,0.1499,7,step_limit,0,136000,3679.7
137,1000,380.0,38.977,30,,942,0,4,67,605,0.5102,801.1,0.1366,6,step_limit,0,137000,3707.9
138,1000,400.0,37.754,29,,748,0,5,24,589,0.4985,743.0,0.1339,9,step_limit,0,138000,3736.1
139,1000,320.0,27.711,24,,932,0,4,30,650,0.46,694.8,0.1567,16,step_limit,0,139000,3762.1
140,1000,340.0,27.281,29,,984,0,3,39,781,0.5597,816.8,0.1872,15,step_limit,0,140000,3786.2
141,1000,390.0,32.853,28,,994,0,5,27,445,0.46,776.3,0.1051,7,step_limit,0,141000,3810.7
142,1000,290.0,34.57,24,,955,0,3,38,571,0.4595,761.4,0.1327,15,step_limit,0,142000,3834.2
143,1000,380.0,34.793,30,,992,0,4,34,548,0.4425,869.5,0.1232,12,step_limit,0,143000,3858.5
144,1000,280.0,40.59,23,,968,0,3,55,440,0.381,739.7,0.1019,6,step_limit,0,144000,3883.1
145,1000,270.0,43.002,22,,921,0,3,69,614,0.4492,709.4,0.1424,7,step_limit,0,145000,3907.3
146,1000,420.0,51.714,31,,962,0,5,74,420,0.5088,886.9,0.0896,11,step_limit,0,146000,3931.0
147,1000,350.0,36.51,27,,994,0,4,73,817,0.5142,802.3,0.1841,10,step_limit,0,147000,3955.8
148,1000,390.0,57.948,31,,949,0,4,83,402,0.5493,839.1,0.0953,10,step_limit,0,148000,3980.3
149,1000,350.0,46.082,27,,994,0,4,63,485,0.4895,755.9,0.1094,6,step_limit,0,149000,4002.9
150,1000,420.0,30.479,31,,885,0,5,36,670,0.498,754.6,0.1618,10,step_limit,0,150000,4025.5
151,1000,360.0,56.413,28,,826,0,4,72,217,0.4803,782.4,0.0389,3,step_limit,0,151000,4091.7
152,1000,350.0,22.298,30,,815,0,3,30,890,0.6,943.7,0.2109,10,step_limit,0,152000,4115.2
153,1000,370.0,35.431,29,,781,0,4,26,596,0.5265,738.0,0.1463,12,step_limit,0,153000,4139.5
154,1000,300.0,5.991,22,,828,0,4,37,1182,0.4855,802.8,0.2832,24,step_limit,0,154000,4164.0
155,1000,400.0,8.805,29,,764,0,5,30,1145,0.4978,778.1,0.2888,12,step_limit,0,155000,4188.6
156,1000,360.0,28.2,28,,928,0,4,23,718,0.554,737.4,0.1663,7,step_limit,0,156000,4212.0
157,1000,330.0,27.854,25,,889,0,4,37,749,0.435,696.2,0.179,14,step_limit,0,157000,4237.6
158,1000,370.0,23.714,29,,948,0,4,31,880,0.5985,786.4,0.2153,12,step_limit,0,158000,4262.8
159,1000,330.0,40.796,28,,941,0,3,48,523,0.5272,902.4,0.1182,9,step_limit,0,159000,4287.2
160,1000,410.0,31.415,30,,996,0,5,22,644,0.548,735.2,0.1439,9,step_limit,0,160000,4311.8
161,1000,300.0,55.472,25,,998,0,3,75,540,0.4597,735.0,0.1261,30,step_limit,0,161000,4336.4
162,1000,330.0,24.788,25,,805,0,4,32,673,0.4743,809.5,0.1544,12,step_limit,0,162000,4360.7
163,1000,190.0,70.424,20,,965,0,1,118,367,0.3723,638.1,0.0834,13,step_limit,0,163000,4386.1
164,1000,330.0,36.114,25,,895,0,4,27,509,0.5172,706.1,0.1224,11,step_limit,0,164000,4410.0
165,1000,440.0,26.154,33,,867,0,5,28,754,0.5643,788.8,0.1671,8,step_limit,0,165000,4433.9
166,1000,370.0,46.8,29,,872,0,4,53,567,0.499,778.1,0.127,7,step_limit,0,166000,4456.6
167,1000,370.0,30.296,29,,961,0,4,28,528,0.4948,853.4,0.1196,10,step_limit,0,167000,4478.7
168,1000,340.0,31.771,26,,966,0,4,85,907,0.5455,758.4,0.2138,10,step_limit,0,168000,4502.8
169,1000,340.0,15.677,26,,995,0,4,20,870,0.5417,712.7,0.2094,11,step_limit,0,169000,4527.3
170,1000,350.0,31.247,27,,987,0,4,48,730,0.5333,778.2,0.1615,5,step_limit,0,170000,4551.7
171,1000,370.0,68.567,29,,979,0,4,105,408,0.4958,802.2,0.0954,7,step_limit,0,171000,4575.7
172,1000,350.0,33.514,27,,708,0,4,41,548,0.5315,703.0,0.1163,6,step_limit,0,172000,4599.8
173,1000,370.0,33.619,29,,971,0,4,45,671,0.5095,877.8,0.154,7,step_limit,0,173000,4623.9
174,1000,430.0,42.068,32,,937,0,5,63,511,0.5755,798.1,0.1149,6,step_limit,0,174000,4648.0
175,1000,350.0,40.838,27,,872,0,4,35,391,0.476,737.1,0.0862,6,step_limit,0,175000,4672.8
176,1000,370.0,44.321,29,,962,0,4,57,524,0.578,818.0,0.1188,8,step_limit,0,176000,4696.1
177,1000,240.0,52.427,22,,940,0,2,69,341,0.4475,700.0,0.0697,4,step_limit,0,177000,4720.9
178,1000,250.0,28.165,20,,939,0,3,75,876,0.502,693.8,0.2114,12,step_limit,0,178000,4745.9
179,1000,330.0,50.313,28,,917,0,3,45,399,0.5005,767.6,0.0916,11,step_limit,0,179000,4771.1
180,1000,340.0,44.703,26,,957,0,4,52,341,0.4333,696.8,0.0778,5,step_limit,0,180000,4795.0
181,1000,250.0,42.175,23,,960,0,2,21,343,0.4303,690.1,0.0776,4,step_limit,0,181000,4819.2
182,1000,370.0,33.728,29,,945,0,4,38,408,0.548,702.4,0.0902,13,step_limit,0,182000,4845.1
183,1000,420.0,28.737,31,,930,0,5,34,718,0.5992,750.0,0.1648,8,step_limit,0,183000,4869.0
184,1000,300.0,40.289,25,,980,0,3,56,596,0.525,758.8,0.1312,14,step_limit,0,184000,4892.4
185,1000,290.0,70.451,24,,906,0,3,149,552,0.4462,722.8,0.1193,9,step_limit,0,185000,4916.2
186,1000,220.0,71.516,20,,995,0,2,169,438,0.4642,757.6,0.0967,13,step_limit,0,186000,4940.8
187,1000,350.0,42.667,27,,885,0,4,60,609,0.514,799.3,0.1512,11,step_limit,0,187000,4965.7
188,1000,410.0,27.267,30,,922,0,5,23,638,0.5505,885.9,0.1597,10,step_limit,0,188000,4988.9
189,1000,320.0,40.506,27,,941,0,3,25,391,0.484,748.3,0.0908,8,step_limit,0,189000,5012.5
190,1000,320.0,45.695,27,,997,0,3,90,749,0.5897,698.9,0.1718,23,step_limit,0,190000,5036.9
191,1000,330.0,51.748,28,,997,0,3,96,517,0.4785,727.3,0.1244,7,step_limit,0,191000,5059.7
192,1000,240.0,27.513,19,,726,0,3,43,905,0.4592,656.5,0.2196,13,step_limit,0,192000,5084.5
193,1000,380.0,32.22,30,,995,0,4,20,433,0.539,778.9,0.1001,5,step_limit,0,193000,5108.6
194,1000,250.0,31.959,20,,872,0,3,47,774,0.4283,765.1,0.1838,13,step_limit,0,194000,5132.5
195,1000,370.0,38.793,29,,976,0,4,67,689,0.4698,755.8,0.1646,14,step_limit,0,195000,5155.3
196,1000,370.0,40.586,29,,993,0,4,46,357,0.4948,803.8,0.0841,5,step_limit,0,196000,5180.0
197,1000,390.0,47.342,31,,988,0,4,83,521,0.5045,790.6,0.131,8,step_limit,0,197000,5204.6
198,1000,370.0,50.732,26,,958,0,5,84,559,0.502,769.3,0.129,7,step_limit,0,198000,5226.9
199,1000,270.0,43.579,25,,990,0,2,101,664,0.448,857.1,0.1496,34,step_limit,0,199000,5250.8
200,1000,350.0,42.374,27,,789,0,4,57,413,0.501,795.7,0.094,11,step_limit,0,200000,5275.6
201,1000,350.0,33.136,30,,931,0,3,39,697,0.4865,792.8,0.1703,16,step_limit,0,201000,5350.1
202,1000,310.0,36.694,26,,978,0,3,56,595,0.5507,837.3,0.1388,6,step_limit,0,202000,5376.7
203,1000,320.0,41.144,27,,936,0,3,21,305,0.4445,817.6,0.0659,5,step_limit,0,203000,5402.9
204,1000,300.0,35.818,25,,976,0,3,40,509,0.4667,807.5,0.1145,6,step_limit,0,204000,5428.4
205,1000,330.0,41.866,25,,946,0,4,68,616,0.4713,722.5,0.1429,7,step_limit,0,205000,5454.9
206,1000,300.0,32.655,25,,990,0,3,62,634,0.4945,807.1,0.1495,13,step_limit,0,206000,5481.0
207,1000,380.0,37.008,30,,974,0,4,47,547,0.5198,780.4,0.121,15,step_limit,0,207000,5506.1
208,1000,250.0,67.58,20,,897,0,3,144,449,0.4158,668.3,0.1061,10,step_limit,0,208000,5532.4
209,1000,430.0,38.478,32,,963,0,5,74,759,0.5495,799.0,0.1862,19,step_limit,0,209000,5557.6
210,1000,330.0,44.483,28,,925,0,3,53,586,0.5315,809.9,0.1333,17,step_limit,0,210000,5583.9
211,1000,330.0,49.254,25,,917,0,4,86,499,0.401,645.5,0.1054,4,step_limit,0,211000,5609.2
212,1000,300.0,32.214,25,,993,0,3,38,601,0.5018,730.7,0.1311,12,step_limit,0,212000,5635.4
213,1000,300.0,45.171,22,,881,0,4,46,560,0.4968,684.4,0.1297,17,step_limit,0,213000,5661.6
214,1000,230.0,60.082,21,,972,0,2,88,313,0.389,588.0,0.0615,6,step_limit,0,214000,5687.9
215,1000,410.0,47.299,30,,935,0,5,53,430,0.5367,827.7,0.0975,6,step_limit,0,215000,5714.0
216,1000,340.0,42.363,26,,836,0,4,64,513,0.4938,874.5,0.1143,12,step_limit,0,216000,5739.4
217,1000,240.0,37.282,22,,860,0,2,40,618,0.503,625.6,0.1428,16,step_limit,0,217000,5765.9
218,1000,380.0,39.58,30,,860,0,4,67,557,0.4627,832.7,0.1265,4,step_limit,0,218000,5792.3
219,1000,350.0,38.521,27,,936,0,4,22,508,0.497,714.3,0.1222,17,step_limit,0,219000,5818.4
220,1000,320.0,57.107,24,,724,0,4,92,400,0.4743,756.1,0.0892,4,step_limit,0,220000,5843.5
221,1000,370.0,52.503,26,,861,0,5,65,451,0.4475,680.3,0.1024,4,step_limit,0,221000,5869.7
222,1000,200.0,66.623,18,,949,0,2,102,293,0.4465,609.1,0.0589,6,step_limit,0,222000,5896.1
223,1000,310.0,46.793,23,,963,0,4,108,725,0.4682,717.2,0.1609,15,step_limit,0,223000,5922.7
224,1000,350.0,41.756,30,,842,0,3,62,577,0.632,1035.4,0.1327,16,step_limit,0,224000,5949.0
225,1000,300.0,55.287,25,,914,0,3,114,651,0.5255,720.7,0.1556,11,step_limit,0,225000,5974.4
226,1000,380.0,30.538,27,,999,0,5,48,613,0.5012,763.6,0.1404,14,step_limit,0,226000,6000.9
227,1000,300.0,30.386,22,,784,0,4,48,608,0.4487,673.5,0.143,24,step_limit,0,227000,6027.4
228,1000,390.0,33.917,31,,979,0,4,37,556,0.4925,821.5,0.1362,18,step_limit,0,228000,6054.3
229,1000,330.0,37.877,28,,989,0,3,39,525,0.5355,774.9,0.116,7,step_limit,0,229000,6080.5
230,1000,280.0,67.523,23,,978,0,3,107,415,0.4685,750.5,0.0861,6,step_limit,0,230000,6106.0
231,1000,330.0,47.333,28,,941,0,3,88,389,0.473,918.7,0.0878,12,step_limit,0,231000,6132.6
232,1000,350.0,44.729,27,,930,0,4,29,447,0.5357,716.7,0.0992,5,step_limit,0,232000,6159.1
233,1000,330.0,48.16,25,,988,0,4,79,690,0.4915,764.9,0.1555,15,step_limit,0,233000,6185.8
234,1000,200.0,57.65,18,,668,0,2,118,483,0.4298,600.7,0.1108,8,step_limit,0,234000,6211.0
235,1000,390.0,47.141,31,,934,0,4,55,483,0.5385,767.8,0.1164,11,step_limit,0,235000,6237.9
236,1000,290.0,72.668,24,,727,0,3,121,352,0.4432,740.9,0.0802,9,step_limit,0,236000,6263.9
237,1000,320.0,52.448,27,,964,0,3,83,494,0.446,763.5,0.1086,10,step_limit,0,237000,6290.3
238,1000,380.0,52.353,27,,900,0,5,48,375,0.4978,786.1,0.0921,7,step_limit,0,238000,6316.9
239,1000,290.0,39.839,24,,927,0,3,55,567,0.44,698.6,0.1394,17,step_limit,0,239000,6341.7
240,1000,190.0,70.757,17,,963,0,2,143,425,0.4062,565.8,0.0979,9,step_limit,0,240000,6368.0
241,1000,390.0,43.536,31,,909,0,4,43,397,0.5715,784.0,0.0868,10,step_limit,0,241000,6394.3
242,1000,360.0,48.275,25,,568,0,5,63,292,0.4105,872.0,0.06,3,step_limit,0,242000,6420.9
243,1000,300.0,44.759,25,,823,0,3,71,570,0.4988,743.9,0.1339,28,step_limit,0,243000,6446.5
244,1000,380.0,68.071,27,,830,0,5,199,616,0.4607,740.7,0.1454,11,step_limit,0,244000,6473.0
245,1000,230.0,75.08,21,,776,0,2,141,284,0.4115,712.4,0.0597,3,step_limit,0,245000,6498.8
246,1000,320.0,34.166,27,,986,0,3,54,713,0.439,752.4,0.1657,8,step_limit,0,246000,6525.2
247,1000,420.0,42.002,34,,944,0,4,43,676,0.5423,814.2,0.1652,12,step_limit,0,247000,6551.6
248,1000,300.0,41.902,25,,951,0,3,41,571,0.4602,706.3,0.1298,13,step_limit,0,248000,6575.1
249,1000,310.0,52.541,26,,832,0,3,131,803,0.4855,842.3,0.1879,18,step_limit,0,249000,6600.2
250,1000,360.0,65.816,28,,960,0,4,134,514,0.4587,730.6,0.1166,6,step_limit,0,250000,6626.0
251,1000,320.0,58.728,27,,978,0,3,42,217,0.5118,719.3,0.0454,5,step_limit,0,251000,6690.3
252,1000,310.0,41.034,26,,937,0,3,54,672,0.5455,817.4,0.1596,10,step_limit,0,252000,6713.7
253,1000,370.0,38.247,29,,960,0,4,54,716,0.5055,848.6,0.1684,11,step_limit,0,253000,6738.9
254,1000,330.0,47.764,25,,837,0,4,46,403,0.4387,730.3,0.0927,9,step_limit,0,254000,6763.9
255,1000,270.0,38.772,22,,819,0,3,47,661,0.439,717.6,0.1528,27,step_limit,0,255000,6789.0
256,1000,320.0,62.058,24,,966,0,4,110,461,0.4525,763.3,0.1019,7,step_limit,0,256000,6813.2
257,1000,290.0,49.194,24,,915,0,3,63,405,0.4955,806.7,0.0855,5,step_limit,0,257000,6838.0
258,1000,470.0,34.511,36,,979,0,5,32,603,0.5477,928.4,0.1462,8,step_limit,0,258000,6863.2
259,1000,350.0,38.894,27,,799,0,4,49,544,0.5483,897.4,0.1247,22,step_limit,0,259000,6888.5
260,1000,370.0,36.006,29,,998,0,4,25,450,0.4915,761.2,0.1079,11,step_limit,0,260000,6912.0
261,1000,280.0,59.973,26,,964,0,2,71,248,0.5142,686.8,0.0562,5,step_limit,0,261000,6937.5
262,1000,250.0,19.302,20,,766,0,3,33,963,0.4778,733.0,0.2215,11,step_limit,0,262000,6964.1
263,1000,360.0,53.21,28,,976,0,4,62,328,0.468,716.2,0.0709,10,step_limit,0,263000,6990.9
264,1000,230.0,56.706,21,,915,0,2,111,490,0.4103,626.9,0.1077,11,step_limit,0,264000,7015.8
265,1000,360.0,33.116,25,,701,0,5,35,545,0.4853,714.3,0.1241,7,step_limit,0,265000,7042.5
266,1000,290.0,8.908,21,,340,0,4,51,1219,0.3907,603.3,0.2933,6,step_limit,0,266000,7069.0
267,1000,260.0,48.837,21,,978,0,3,86,508,0.4145,747.9,0.1168,3,step_limit,0,267000,7095.6
268,1000,370.0,39.049,29,,934,0,4,31,427,0.5175,828.3,0.0921,8,step_limit,0,268000,7122.3
269,1000,310.0,64.882,26,,956,0,3,90,211,0.43,735.1,0.0447,7,step_limit,0,269000,7147.3
270,1000,350.0,40.121,27,,970,0,4,39,460,0.4785,823.0,0.1046,8,step_limit,0,270000,7173.6
271,1000,380.0,34.923,30,,914,0,4,39,714,0.5505,904.6,0.1678,27,step_limit,0,271000,7200.3
272,1000,290.0,43.756,21,,964,0,4,106,701,0.3743,739.2,0.1624,7,step_limit,0,272000,7226.8
273,1000,220.0,67.191,20,,974,0,2,110,311,0.4335,739.7,0.0675,4,step_limit,0,273000,7252.9
274,1000,300.0,52.324,25,,936,0,3,36,155,0.3872,579.9,0.0323,3,step_limit,0,274000,7277.7
275,1000,250.0,30.715,20,,665,0,3,22,691,0.4323,699.5,0.1475,7,step_limit,0,275000,7304.4
276,1000,320.0,44.387,24,,987,0,4,47,524,0.4592,720.6,0.125,9,step_limit,0,276000,7330.4
277,1000,370.0,48.82,29,,956,0,4,47,343,0.4985,782.3,0.0733,3,step_limit,0,277000,7356.7
278,1000,250.0,51.14,23,,890,0,2,83,495,0.458,715.8,0.1141,14,step_limit,0,278000,7381.7
279,1000,390.0,43.924,28,,951,0,5,50,447,0.5215,740.1,0.1038,28,step_limit,0,279000,7408.2
280,1000,340.0,62.626,26,,925,0,4,92,286,0.4385,910.7,0.0597,11,step_limit,0,280000,7434.3
281,1000,360.0,24.993,28,,989,0,4,35,829,0.5457,857.7,0.2041,32,step_limit,0,281000,7460.2
282,1000,360.0,47.822,28,,946,0,4,40,367,0.5045,771.3,0.0821,7,step_limit,0,282000,7484.5
283,1000,320.0,56.106,24,,866,0,4,129,536,0.435,771.2,0.1215,11,step_limit,0,283000,7509.5
284,1000,350.0,40.0,27,,917,0,4,42,594,0.4805,784.2,0.1396,10,step_limit,0,284000,7534.9
285,1000,290.0,62.397,24,,919,0,3,79,295,0.416,705.8,0.0662,5,step_limit,0,285000,7559.5
286,1000,310.0,40.528,26,,975,0,3,90,649,0.4823,767.6,0.1566,12,step_limit,0,286000,7585.2
287,1000,330.0,53.134,28,,985,0,3,78,416,0.4642,736.2,0.0946,7,step_limit,0,287000,7611.3
288,1000,260.0,79.292,21,,798,0,3,142,110,0.4143,602.5,0.0237,2,step_limit,0,288000,7638.4
289,1000,370.0,46.58,29,,875,0,4,26,344,0.441,789.9,0.0728,5,step_limit,0,289000,7664.1
290,1000,310.0,36.858,26,,925,0,3,51,705,0.5118,864.8,0.1658,14,step_limit,0,290000,7690.3
291,1000,350.0,44.208,27,,701,0,4,40,464,0.5155,794.9,0.1087,10,step_limit,0,291000,7715.6
292,1000,280.0,60.074,23,,861,0,3,125,412,0.4273,741.9,0.0952,4,step_limit,0,292000,7742.1
293,1000,310.0,44.457,26,,990,0,3,69,421,0.4128,927.0,0.0981,10,step_limit,0,293000,7768.6
294,1000,330.0,28.204,25,,910,0,4,21,758,0.4935,710.2,0.1857,14,step_limit,0,294000,7794.3
295,1000,310.0,11.381,23,,997,0,4,16,1005,0.5355,809.6,0.2497,18,step_limit,0,295000,7818.4
296,1000,260.0,61.203,21,,577,0,3,62,225,0.3603,596.7,0.0484,12,step_limit,0,296000,7844.1
297,1000,240.0,62.469,19,,805,0,3,114,392,0.3872,605.6,0.0839,7,step_limit,0,297000,7869.5
298,1000,330.0,76.009,25,,802,0,4,129,229,0.4385,606.2,0.0499,11,step_limit,0,298000,7894.6
299,1000,320.0,40.046,27,,888,0,3,43,451,0.5483,727.7,0.0935,9,step_limit,0,299000,7919.8
300,1000,330.0,61.256,25,,736,0,4,94,406,0.4863,717.1,0.0846,5,step_limit,0,300000,7946.4
301,1000,220.0,54.618,20,,882,0,2,91,310,0.375,622.0,0.0714,18,step_limit,0,301000,8017.2
302,1000,260.0,54.628,21,,999,0,3,81,271,0.4047,719.2,0.0544,5,step_limit,0,302000,8043.6
303,1000,270.0,65.716,22,,906,0,3,90,253,0.3847,719.4,0.0539,7,step_limit,0,303000,8069.7
304,1000,330.0,32.434,25,,838,0,4,36,801,0.538,766.5,0.197,9,step_limit,0,304000,8095.4
305,1000,360.0,28.355,28,,885,0,4,49,809,0.501,818.6,0.1899,23,step_limit,0,305000,8119.5
306,1000,340.0,46.377,26,,937,0,4,47,440,0.4647,692.6,0.0984,3,step_limit,0,306000,8145.5
307,1000,320.0,32.236,24,,979,0,4,53,656,0.511,651.9,0.1511,10,step_limit,0,307000,8171.0
308,1000,320.0,47.414,27,,958,0,3,59,405,0.4795,730.5,0.0846,7,step_limit,0,308000,8196.5
309,1000,330.0,25.409,25,,814,0,4,16,800,0.5295,722.7,0.1889,35,step_limit,0,309000,8220.9
310,1000,370.0,47.973,29,,836,0,4,61,447,0.4475,765.6,0.1,15,step_limit,0,310000,8245.8
311,1000,320.0,57.267,24,,903,0,4,84,379,0.429,733.4,0.0778,5,step_limit,0,311000,8270.9
312,1000,280.0,59.854,23,,967,0,3,99,378,0.474,646.9,0.0826,8,step_limit,0,312000,8295.9
313,1000,300.0,43.034,25,,853,0,3,74,664,0.432,741.7,0.1497,14,step_limit,0,313000,8319.8
314,1000,280.0,49.806,26,,994,0,2,96,590,0.4457,688.7,0.1364,10,step_limit,0,314000,8344.9
315,1000,310.0,38.306,26,,832,0,3,49,714,0.528,801.8,0.1577,10,step_limit,0,315000,8369.7
316,1000,360.0,28.255,28,,955,0,4,43,752,0.5208,707.7,0.1734,11,step_limit,0,316000,8395.1
317,1000,300.0,57.609,25,,889,0,3,63,262,0.4143,818.3,0.0599,13,step_limit,0,317000,8421.8
318,1000,400.0,35.306,29,,721,0,5,30,572,0.4908,763.8,0.1355,10,step_limit,0,318000,8448.3
319,1000,400.0,37.142,32,,993,0,4,24,586,0.541,855.8,0.1405,9,step_limit,0,319000,8473.6
320,1000,280.0,35.465,23,,732,0,3,29,574,0.5032,810.7,0.1286,6,step_limit,0,320000,8499.6
321,1000,290.0,82.144,24,,951,0,3,158,260,0.4093,694.1,0.0523,5,step_limit,0,321000,8524.7
322,1000,340.0,37.086,26,,999,0,4,29,546,0.5075,679.6,0.1232,15,step_limit,0,322000,8550.4
323,1000,280.0,51.931,23,,873,0,3,78,637,0.4898,607.6,0.1484,14,step_limit,0,323000,8574.7
324,1000,340.0,48.686,29,,972,0,3,79,523,0.4885,898.5,0.1247,10,step_limit,0,324000,8599.7
325,1000,360.0,64.738,28,,935,0,4,98,257,0.4497,741.2,0.0554,8,step_limit,0,325000,8624.5
326,1000,350.0,48.176,27,,995,0,4,84,619,0.4955,710.6,0.1474,5,step_limit,0,326000,8649.6
327,1000,350.0,63.118,27,,969,0,4,115,369,0.4525,700.4,0.0864,10,step_limit,0,327000,8673.4
328,1000,280.0,51.175,23,,918,0,3,128,609,0.4565,727.5,0.1409,22,step_limit,0,328000,8698.9
329,1000,340.0,53.904,26,,825,0,4,68,352,0.43,703.6,0.0719,12,step_limit,0,329000,8724.1
330,1000,400.0,47.875,29,,952,0,5,61,314,0.479,743.5,0.0776,10,step_limit,0,330000,8750.3
331,1000,330.0,30.592,25,,878,0,4,50,698,0.4617,758.0,0.1601,13,step_limit,0,331000,8775.3
332,1000,320.0,55.624,24,,972,0,4,53,329,0.482,684.3,0.0734,7,step_limit,0,332000,8801.9
333,1000,290.0,41.075,24,,998,0,3,57,618,0.4562,809.3,0.1471,17,step_limit,0,333000,8829.4
334,1000,290.0,47.997,24,,994,0,3,48,345,0.4427,724.3,0.0774,6,step_limit,0,334000,8856.1
335,1000,280.0,47.01,23,,994,0,3,67,347,0.423,700.6,0.0764,11,step_limit,0,335000,8882.7
336,1000,400.0,25.754,29,,985,0,5,21,650,0.5463,953.5,0.1497,11,step_limit,0,336000,8907.2
337,1000,260.0,69.971,21,,611,0,3,87,151,0.4098,576.2,0.0364,4,step_limit,0,337000,8931.7
338,1000,330.0,40.439,28,,993,0,3,52,678,0.4635,793.4,0.1632,13,step_limit,0,338000,8958.0
339,1000,280.0,62.466,23,,905,0,3,95,224,0.406,709.8,0.0455,7,step_limit,0,339000,8984.5
340,1000,230.0,37.996,21,,899,0,2,42,643,0.4945,896.1,0.1424,15,step_limit,0,340000,9009.9
341,1000,320.0,39.162,27,,995,0,3,52,531,0.4753,679.8,0.1228,9,step_limit,0,341000,9036.4
342,1000,370.0,50.573,29,,980,0,4,29,289,0.4612,739.8,0.0578,3,step_limit,0,342000,9062.4
343,1000,230.0,28.266,21,,663,0,2,67,929,0.4808,733.4,0.218,17,step_limit,0,343000,9088.8
344,1000,300.0,50.17,25,,856,0,3,28,164,0.433,619.4,0.0352,3,step_limit,0,344000,9115.3
345,1000,390.0,33.3,28,,850,0,5,61,733,0.4873,820.9,0.1741,11,step_limit,0,345000,9140.9
346,1000,270.0,37.604,22,,853,0,3,44,656,0.434,634.0,0.1592,11,step_limit,0,346000,9166.6
347,1000,370.0,45.544,29,,913,0,4,39,467,0.4185,763.8,0.1065,10,step_limit,0,347000,9192.3
348,1000,310.0,47.098,26,,998,0,3,103,625,0.4395,719.1,0.1487,13,step_limit,0,348000,9218.3
349,1000,320.0,45.408,27,,988,0,3,35,448,0.5367,757.1,0.1016,10,step_limit,0,349000,9243.7
350,1000,370.0,47.851,29,,973,0,4,80,567,0.5152,778.7,0.1264,10,step_limit,0,350000,9270.0
351,1000,290.0,55.027,24,,797,0,3,106,461,0.4542,741.2,0.1158,8,step_limit,0,351000,9340.8
352,1000,340.0,46.723,26,,992,0,4,60,487,0.462,722.7,0.1124,8,step_limit,0,352000,9367.1
353,1000,290.0,83.709,24,,815,0,3,178,159,0.3857,841.8,0.0282,6,step_limit,0,353000,9393.3
354,1000,330.0,36.376,28,,994,0,3,24,593,0.5118,758.1,0.1348,15,step_limit,0,354000,9420.0
355,1000,280.0,63.91,23,,829,0,3,132,462,0.3857,769.2,0.1064,7,step_limit,0,355000,9445.1
356,1000,270.0,53.915,22,,973,0,3,92,422,0.4253,681.6,0.0925,10,step_limit,0,356000,9472.3
357,1000,300.0,42.956,25,,816,0,3,29,477,0.4773,654.5,0.1046,5,step_limit,0,357000,9498.3
358,1000,370.0,67.411,29,,910,0,4,109,363,0.4515,731.1,0.0738,3,step_limit,0,358000,9523.5
359,1000,220.0,20.138,20,,981,0,2,46,974,0.456,775.9,0.2304,23,step_limit,0,359000,9550.3
360,1000,350.0,56.082,27,,915,0,4,107,416,0.4298,746.5,0.0973,11,step_limit,0,360000,9576.6
361,1000,310.0,48.613,26,,939,0,3,109,645,0.498,762.9,0.1561,16,step_limit,0,361000,9603.5
362,1000,260.0,56.639,21,,814,0,3,76,207,0.424,647.3,0.0463,5,step_limit,0,362000,9628.8
363,1000,360.0,45.364,28,,958,0,4,76,455,0.4505,698.1,0.1019,5,step_limit,0,363000,9655.3
364,1000,290.0,42.397,24,,958,0,3,47,425,0.465,757.2,0.096,6,step_limit,0,364000,9681.8
365,1000,310.0,41.121,26,,932,0,3,54,610,0.5158,770.7,0.1332,12,step_limit,0,365000,9708.1
366,1000,220.0,30.601,20,,917,0,2,58,739,0.4027,737.0,0.1683,30,step_limit,0,366000,9734.7
367,1000,160.0,-11.688,17,,972,0,1,18,1668,0.4407,873.1,0.4236,104,step_limit,0,367000,9760.6
368,1000,360.0,39.574,28,,1000,0,4,25,357,0.513,715.0,0.0853,11,step_limit,0,368000,9787.0
369,1000,200.0,68.11,21,,939,0,1,142,360,0.379,679.7,0.0825,16,step_limit,0,369000,9813.5
370,1000,220.0,65.394,20,,750,0,2,72,143,0.2988,697.6,0.0294,5,step_limit,0,370000,9839.8
371,1000,340.0,45.183,26,,968,0,4,61,404,0.4853,704.6,0.0881,15,step_limit,0,371000,9866.1
372,1000,360.0,37.237,28,,983,0,4,35,662,0.5062,711.8,0.1554,17,step_limit,0,372000,9891.4
373,1000,410.0,39.351,30,,969,0,5,48,394,0.532,816.5,0.086,7,step_limit,0,373000,9917.8
374,1000,310.0,65.521,26,,957,0,3,90,214,0.435,680.9,0.0453,9,step_limit,0,374000,9944.4
375,1000,320.0,46.738,27,,962,0,3,62,306,0.491,825.8,0.0681,3,step_limit,0,375000,9970.8
376,1000,290.0,47.06,24,,968,0,3,48,503,0.4665,726.2,0.1172,5,step_limit,0,376000,9995.7
377,1000,350.0,33.037,27,,956,0,4,55,802,0.4808,730.2,0.1933,12,step_limit,0,377000,10021.9
378,1000,270.0,50.023,22,,966,0,3,66,505,0.4955,633.6,0.108,9,step_limit,0,378000,10047.6
379,1000,400.0,46.75,32,,1000,0,4,58,424,0.4988,765.8,0.0997,15,step_limit,0,379000,10072.7
380,1000,330.0,57.141,28,,921,0,3,80,331,0.4793,885.4,0.077,9,step_limit,0,380000,10095.7
381,1000,310.0,52.894,26,,909,0,3,51,340,0.4848,782.9,0.0768,4,step_limit,0,381000,10121.7
382,1000,300.0,72.271,22,,898,0,4,121,394,0.4005,636.8,0.0862,6,step_limit,0,382000,10146.7
383,1000,320.0,49.423,27,,932,0,3,63,565,0.523,753.4,0.1311,8,step_limit,0,383000,10172.1
384,1000,320.0,49.045,27,,976,0,3,75,659,0.5397,724.1,0.1505,13,step_limit,0,384000,10196.0
385,1000,330.0,46.566,28,,998,0,3,64,400,0.4657,786.8,0.093,5,step_limit,0,385000,10221.4
386,1000,290.0,41.356,24,,908,0,3,30,440,0.486,728.0,0.0979,8,step_limit,0,386000,10247.1
387,1000,230.0,50.848,21,,968,0,2,68,243,0.3857,647.4,0.0538,7,step_limit,0,387000,10273.0
388,1000,390.0,47.135,31,,985,0,4,69,543,0.5285,905.6,0.131,11,step_limit,0,388000,10297.0
389,1000,470.0,34.918,33,,821,0,6,33,545,0.5255,844.6,0.128,11,step_limit,0,389000,10322.6
390,1000,320.0,47.143,24,,946,0,4,53,386,0.4522,767.7,0.0874,6,step_limit,0,390000,10348.1
391,1000,300.0,53.548,25,,974,0,3,101,678,0.4515,722.4,0.1597,30,step_limit,0,391000,10373.1
392,1000,410.0,40.481,30,,850,0,5,25,397,0.474,734.5,0.0956,11,step_limit,0,392000,10396.9
393,1000,380.0,40.977,27,,828,0,5,76,558,0.494,736.3,0.1307,9,step_limit,0,393000,10422.8
394,1000,380.0,51.83,27,,935,0,5,48,393,0.4645,699.7,0.0935,9,step_limit,0,394000,10449.5
395,1000,390.0,34.23,31,,987,0,4,25,553,0.5405,797.5,0.1323,11,step_limit,0,395000,10476.3
396,1000,380.0,39.137,30,,997,0,4,50,486,0.5245,783.8,0.1116,20,step_limit,0,396000,10501.9
397,1000,330.0,38.727,25,,863,0,4,38,545,0.4052,608.0,0.1283,19,step_limit,0,397000,10526.2
398,1000,360.0,61.594,28,,836,0,4,104,395,0.5208,756.6,0.0927,9,step_limit,0,398000,10552.5
399,1000,300.0,42.285,25,,987,0,3,48,637,0.4255,728.4,0.1454,5,step_limit,0,399000,10578.1
400,1000,300.0,29.537,25,,988,0,3,47,724,0.5092,722.3,0.1739,16,step_limit,0,400000,10605.8
401,1000,290.0,41.224,24,,804,0,3,40,408,0.455,681.4,0.0866,4,step_limit,0,401000,10675.3
402,1000,300.0,64.698,25,,970,0,3,101,328,0.4188,686.5,0.0704,7,step_limit,0,402000,10701.6
403,1000,400.0,49.445,29,,850,0,5,109,601,0.481,790.8,0.1342,10,step_limit,0,403000,10727.9
404,1000,400.0,45.663,32,,995,0,4,72,533,0.4688,877.8,0.1289,5,step_limit,0,404000,10754.2
405,1000,340.0,33.708,26,,883,0,4,22,499,0.4878,785.0,0.1127,11,step_limit,0,405000,10779.8
406,1000,290.0,53.284,24,,704,0,3,64,353,0.432,659.2,0.0767,8,step_limit,0,406000,10806.1
407,1000,330.0,44.802,25,,933,0,4,47,456,0.5262,714.4,0.1084,9,step_limit,0,407000,10832.7
408,1000,420.0,52.553,34,,995,0,4,64,433,0.5535,849.5,0.0979,10,step_limit,0,408000,10858.7
409,1000,340.0,46.126,26,,862,0,4,43,447,0.5235,761.4,0.0973,11,step_limit,0,409000,10885.0
410,1000,250.0,50.007,23,,970,0,2,53,414,0.5272,697.4,0.0957,11,step_limit,0,410000,10909.7
411,1000,310.0,52.321,23,,873,0,4,81,509,0.4353,648.1,0.118,9,step_limit,0,411000,10935.0
412,1000,310.0,31.306,26,,935,0,3,46,703,0.5657,758.4,0.1701,11,step_limit,0,412000,10959.8
413,1000,210.0,14.902,19,,573,0,2,56,1331,0.5655,642.4,0.319,39,step_limit,0,413000,10985.4
414,1000,280.0,66.619,23,,854,0,3,149,645,0.4183,732.2,0.1503,10,step_limit,0,414000,11009.6
415,1000,310.0,28.025,26,,982,0,3,42,817,0.511,702.5,0.1997,23,step_limit,0,415000,11034.4
416,1000,400.0,44.255,32,,995,0,4,76,594,0.5215,895.6,0.1385,7,step_limit,0,416000,11060.8
417,1000,260.0,43.092,21,,887,0,3,67,439,0.4348,681.7,0.0984,11,step_limit,0,417000,11086.8
418,1000,370.0,31.454,26,,976,0,5,54,692,0.4905,787.4,0.1606,12,step_limit,0,418000,11113.8
419,1000,240.0,65.484,22,,984,0,2,137,435,0.4335,668.5,0.0973,8,step_limit,0,419000,11139.3
420,1000,300.0,51.923,25,,935,0,3,71,513,0.4748,748.7,0.1156,6,step_limit,0,420000,11166.0
421,1000,340.0,39.687,26,,936,0,4,41,419,0.4078,746.9,0.0941,5,step_limit,0,421000,11191.6
422,1000,320.0,63.226,24,,976,0,4,119,407,0.3895,692.6,0.0922,4,step_limit,0,422000,11216.2
423,1000,290.0,80.316,24,,783,0,3,181,361,0.3855,688.2,0.0903,21,step_limit,0,423000,11241.1
424,1000,300.0,51.47,25,,991,0,3,75,486,0.4715,789.8,0.1115,4,step_limit,0,424000,11267.4
425,1000,270.0,61.497,22,,921,0,3,60,267,0.4093,693.9,0.0568,6,step_limit,0,425000,11293.8
426,1000,270.0,44.481,22,,917,0,3,69,549,0.4622,671.3,0.1235,6,step_limit,0,426000,11320.1
427,1000,340.0,41.46,26,,1000,0,4,43,497,0.5363,722.4,0.1178,24,step_limit,0,427000,11346.8
428,1000,400.0,46.278,29,,969,0,5,60,475,0.454,765.9,0.1104,14,step_limit,0,428000,11372.5
429,1000,300.0,50.082,25,,974,0,3,128,687,0.4878,845.2,0.1648,12,step_limit,0,429000,11399.2
430,1000,290.0,44.088,24,,987,0,3,57,437,0.4753,767.8,0.0909,6,step_limit,0,430000,11425.7
431,1000,370.0,36.193,29,,936,0,4,20,383,0.5417,860.4,0.0894,9,step_limit,0,431000,11452.3
432,1000,320.0,58.455,24,,972,0,4,126,385,0.4168,695.7,0.0868,9,step_limit,0,432000,11478.4
433,1000,280.0,58.256,23,,944,0,3,67,337,0.402,746.4,0.0802,12,step_limit,0,433000,11504.0
434,1000,340.0,31.048,26,,965,0,4,40,646,0.4818,727.4,0.1443,10,step_limit,0,434000,11530.2
435,1000,430.0,39.434,32,,896,0,5,41,440,0.509,805.1,0.1022,10,step_limit,0,435000,11556.6
436,1000,340.0,32.273,26,,861,0,4,44,748,0.496,656.4,0.1803,39,step_limit,0,436000,11583.1
437,1000,230.0,65.222,21,,983,0,2,165,668,0.4868,648.5,0.1488,6,step_limit,0,437000,11608.8
438,1000,330.0,41.88,28,,899,0,3,50,469,0.4868,830.3,0.1076,7,step_limit,0,438000,11635.5
439,1000,400.0,55.572,29,,980,0,5,82,348,0.5075,733.7,0.0822,9,step_limit,0,439000,11661.5
440,1000,300.0,83.521,25,,976,0,3,161,264,0.382,691.1,0.0573,12,step_limit,0,440000,11686.8
441,1000,280.0,51.922,23,,920,0,3,85,464,0.3835,661.8,0.1088,9,step_limit,0,441000,11712.6
442,1000,280.0,75.101,23,,1000,0,3,141,235,0.367,579.7,0.0533,5,step_limit,0,442000,11738.6
443,1000,330.0,29.738,28,,924,0,3,30,652,0.504,788.1,0.1556,11,step_limit,0,443000,11764.3
444,1000,290.0,63.942,24,,912,0,3,125,404,0.4592,597.1,0.0847,8,step_limit,0,444000,11789.6
445,1000,260.0,66.405,24,,933,0,2,99,268,0.3533,676.7,0.0658,7,step_limit,0,445000,11813.5
446,1000,420.0,38.505,31,,976,0,5,35,557,0.5205,768.4,0.1321,5,step_limit,0,446000,11838.8
447,1000,360.0,45.892,25,,773,0,5,115,847,0.4195,745.1,0.2092,4,step_limit,0,447000,11872.4
448,1000,380.0,38.816,27,,832,0,5,53,643,0.489,760.0,0.1514,16,step_limit,0,448000,11906.9
449,1000,350.0,28.363,27,,956,0,4,27,678,0.5145,741.8,0.1556,10,step_limit,0,449000,11941.3
450,1000,390.0,48.93,28,,811,0,5,55,327,0.4283,732.8,0.0728,4,step_limit,0,450000,11974.9
451,1000,390.0,57.846,28,,949,0,5,133,563,0.4447,813.0,0.1381,10,step_limit,0,451000,12071.2
452,1000,250.0,37.713,23,,909,0,2,59,777,0.519,727.6,0.1797,9,step_limit,0,452000,12106.0
453,1000,370.0,21.042,29,,914,0,4,23,971,0.547,761.7,0.2471,10,step_limit,0,453000,12140.6
454,1000,300.0,44.479,25,,923,0,3,107,734,0.543,912.9,0.1723,18,step_limit,0,454000,12175.1
455,1000,350.0,38.865,27,,863,0,4,39,585,0.4542,675.7,0.1412,32,step_limit,0,455000,12209.6
456,1000,360.0,41.671,28,,881,0,4,59,545,0.469,730.6,0.1196,8,step_limit,0,456000,12243.5
457,1000,380.0,37.502,30,,968,0,4,71,731,0.565,898.3,0.1817,11,step_limit,0,457000,12278.1
458,1000,320.0,47.356,27,,996,0,3,82,646,0.4935,711.9,0.1549,9,step_limit,0,458000,12312.4
459,1000,330.0,49.225,25,,703,0,4,79,566,0.4695,825.4,0.1313,16,step_limit,0,459000,12346.4
460,1000,410.0,39.942,30,,901,0,5,93,633,0.4928,780.1,0.1504,9,step_limit,0,460000,12380.8
461,1000,310.0,48.655,26,,899,0,3,73,655,0.5325,806.1,0.1563,19,step_limit,0,461000,12415.1
462,1000,280.0,62.762,23,,806,0,3,100,313,0.4037,743.0,0.0607,8,step_limit,0,462000,12449.1
463,1000,440.0,39.3,33,,988,0,5,23,422,0.5615,796.6,0.0923,7,step_limit,0,463000,12483.5
464,1000,380.0,44.431,30,,959,0,4,84,576,0.5002,764.9,0.138,9,step_limit,0,464000,12515.2
465,1000,280.0,13.048,23,,995,0,3,15,989,0.5125,632.4,0.2366,12,step_limit,0,465000,12549.7
466,1000,340.0,53.038,26,,962,0,4,66,326,0.4545,699.9,0.0735,12,step_limit,0,466000,12584.1
467,1000,330.0,30.428,28,,917,0,3,46,843,0.5345,848.4,0.2049,19,step_limit,0,467000,12618.9
468,1000,390.0,30.082,28,,926,0,5,21,605,0.5877,731.7,0.146,15,step_limit,0,468000,12653.6
469,1000,420.0,46.848,31,,932,0,5,48,440,0.4672,870.1,0.1008,6,step_limit,0,469000,12688.2
470,1000,370.0,43.258,29,,973,0,4,32,380,0.5493,857.1,0.0826,5,step_limit,0,470000,12722.9
471,1000,280.0,25.342,23,,988,0,3,74,861,0.503,702.1,0.1947,22,step_limit,0,471000,12758.9
472,1000,320.0,40.753,27,,979,0,3,28,459,0.4983,760.9,0.0978,3,step_limit,0,472000,12793.7
473,1000,360.0,31.959,28,,897,0,4,61,717,0.532,820.3,0.1704,13,step_limit,0,473000,12828.5
474,1000,400.0,49.33,29,,967,0,5,109,664,0.5008,796.1,0.1585,9,step_limit,0,474000,12862.3
475,1000,260.0,54.46,24,,985,0,2,92,452,0.3975,756.6,0.1027,10,step_limit,0,475000,12897.3
476,1000,360.0,31.537,28,,969,0,4,54,449,0.4535,735.5,0.1027,12,step_limit,0,476000,12932.0
477,1000,390.0,30.437,31,,990,0,4,33,546,0.5258,788.8,0.1247,13,step_limit,0,477000,12967.0
478,1000,350.0,38.333,27,,981,0,4,42,556,0.4955,758.0,0.1268,10,step_limit,0,478000,13001.5
479,1000,310.0,50.043,26,,934,0,3,84,578,0.514,775.3,0.1313,26,step_limit,0,479000,13036.3
480,1000,290.0,48.153,24,,933,0,3,45,366,0.4587,731.4,0.0786,4,step_limit,0,480000,13070.8
481,1000,270.0,23.172,22,,945,0,3,53,928,0.4052,787.0,0.2173,38,step_limit,0,481000,13105.7
482,1000,330.0,48.247,25,,962,0,4,83,555,0.442,715.1,0.1267,10,step_limit,0,482000,13138.5
483,1000,340.0,32.003,26,,916,0,4,57,872,0.484,754.0,0.2022,36,step_limit,0,483000,13172.1
484,1000,320.0,45.08,24,,983,0,4,63,279,0.4198,742.5,0.0608,16,step_limit,0,484000,13207.0
485,1000,250.0,44.734,20,,999,0,3,67,525,0.5085,742.8,0.118,24,step_limit,0,485000,13242.1
486,1000,370.0,52.113,29,,986,0,4,83,534,0.521,912.5,0.133,14,step_limit,0,486000,13276.6
487,1000,360.0,25.228,28,,998,0,4,19,749,0.5048,771.5,0.1784,21,step_limit,0,487000,13311.5
488,1000,180.0,2.701,16,,854,0,2,19,1112,0.4447,660.0,0.2644,17,step_limit,0,488000,13346.5
489,1000,320.0,24.798,27,,964,0,3,24,666,0.5292,779.9,0.1478,10,step_limit,0,489000,13381.3
490,1000,290.0,37.917,24,,995,0,3,36,601,0.5315,792.6,0.1414,13,step_limit,0,490000,13415.9
491,1000,410.0,33.134,30,,932,0,5,29,516,0.5195,851.9,0.1142,6,step_limit,0,491000,13450.5
492,1000,380.0,40.478,30,,995,0,4,63,741,0.4773,797.1,0.1681,9,step_limit,0,492000,13485.3
493,1000,260.0,49.971,24,,956,0,2,56,304,0.4228,608.2,0.0687,9,step_limit,0,493000,13520.6
494,1000,290.0,65.441,24,,877,0,3,110,391,0.4285,690.6,0.0893,7,step_limit,0,494000,13554.4
495,1000,380.0,37.752,30,,992,0,4,85,738,0.5487,751.5,0.18,20,step_limit,0,495000,13587.5
496,1000,300.0,31.33,25,,935,0,3,32,532,0.462,782.9,0.1134,5,step_limit,0,496000,13621.3
497,1000,310.0,39.803,26,,998,0,3,60,470,0.5335,757.2,0.1036,11,step_limit,0,497000,13655.8
498,1000,410.0,45.933,30,,942,0,5,58,421,0.4592,801.8,0.1044,5,step_limit,0,498000,13690.4
499,1000,310.0,38.323,26,,857,0,3,71,578,0.4773,781.6,0.135,11,step_limit,0,499000,13724.6
500,1000,280.0,49.664,23,,829,0,3,87,444,0.4878,755.3,0.0979,8,step_limit,0,500000,13759.3
501,1000,380.0,37.526,27,,841,0,5,45,596,0.5315,826.6,0.1443,15,step_limit,0,501000,13852.5
502,1000,420.0,29.847,31,,866,0,5,30,498,0.5175,871.4,0.1113,7,step_limit,0,502000,13887.0
503,1000,310.0,61.937,23,,980,0,4,138,502,0.4838,793.8,0.1094,29,step_limit,0,503000,13921.2
504,1000,350.0,68.011,27,,958,0,4,145,350,0.4083,702.1,0.0707,6,step_limit,0,504000,13954.3
505,1000,320.0,57.841,27,,979,0,3,72,433,0.4537,759.8,0.1016,11,step_limit,0,505000,13987.5
506,1000,310.0,46.703,26,,856,0,3,50,433,0.4343,695.1,0.0968,11,step_limit,0,506000,14020.5
507,1000,170.0,62.777,18,,897,0,1,96,283,0.3605,661.2,0.058,3,step_limit,0,507000,14054.3
508,1000,300.0,55.847,25,,990,0,3,95,526,0.4602,719.7,0.1288,15,step_limit,0,508000,14088.3
509,1000,340.0,38.818,26,,809,0,4,41,446,0.4863,693.5,0.1049,10,step_limit,0,509000,14122.8
510,1000,380.0,15.218,30,,928,0,4,27,985,0.5323,870.5,0.247,68,step_limit,0,510000,14156.7
511,1000,290.0,55.56,24,,978,0,3,123,550,0.4502,663.5,0.118,6,step_limit,0,511000,14191.1
512,1000,310.0,57.401,26,,849,0,3,118,614,0.5195,711.7,0.1488,10,step_limit,0,512000,14225.5
513,1000,420.0,32.865,31,,931,0,5,53,615,0.6115,1006.5,0.1503,7,step_limit,0,513000,14260.3
514,1000,380.0,49.019,30,,933,0,4,73,515,0.517,855.0,0.1093,8,step_limit,0,514000,14295.0
515,1000,330.0,68.739,25,,990,0,4,120,339,0.4675,803.4,0.0784,8,step_limit,0,515000,14329.2
516,1000,430.0,67.146,32,,991,0,5,126,393,0.42,869.9,0.0961,9,step_limit,0,516000,14363.6
517,1000,340.0,31.516,26,,969,0,4,34,762,0.5265,679.8,0.1781,7,step_limit,0,517000,14398.6
518,1000,360.0,22.945,28,,938,0,4,22,740,0.548,786.8,0.1712,12,step_limit,0,518000,14433.1
519,1000,430.0,40.997,32,,967,0,5,52,622,0.4918,794.6,0.1466,9,step_limit,0,519000,14467.9
520,1000,330.0,35.833,28,,887,0,3,50,629,0.4813,803.4,0.1461,18,step_limit,0,520000,14502.5
521,1000,330.0,42.917,25,,934,0,4,26,364,0.5168,703.6,0.0744,10,step_limit,0,521000,14537.0
522,1000,260.0,41.133,21,,957,0,3,70,645,0.486,746.1,0.1492,16,step_limit,0,522000,14570.3
523,1000,370.0,40.621,29,,977,0,4,46,330,0.5615,800.2,0.0752,8,step_limit,0,523000,14603.3
524,1000,240.0,62.818,22,,933,0,2,111,330,0.3977,700.0,0.0702,3,step_limit,0,524000,14637.6
525,1000,280.0,55.372,23,,974,0,3,79,433,0.4375,703.4,0.0995,14,step_limit,0,525000,14671.8
526,1000,370.0,27.743,29,,985,0,4,45,783,0.5115,808.1,0.1861,8,step_limit,0,526000,14706.2
527,1000,350.0,23.883,27,,975,0,4,39,833,0.4502,714.5,0.1935,21,step_limit,0,527000,14740.3
528,1000,430.0,41.884,32,,1000,0,5,49,534,0.4525,880.6,0.1209,10,step_limit,0,528000,14774.4
529,1000,200.0,2.273,18,,654,0,2,40,1431,0.465,846.2,0.3505,41,step_limit,0,529000,14808.5
530,1000,350.0,55.097,27,,922,0,4,103,567,0.5002,758.6,0.132,7,step_limit,0,530000,14842.5
531,1000,370.0,40.353,29,,989,0,4,96,840,0.527,820.1,0.1959,13,step_limit,0,531000,14877.3
532,1000,320.0,37.557,27,,996,0,3,25,467,0.5262,756.2,0.1071,5,step_limit,0,532000,14911.7
533,1000,390.0,25.865,28,,985,0,5,17,715,0.5463,753.1,0.1695,5,step_limit,0,533000,14947.1
534,1000,430.0,29.55,35,,992,0,4,27,538,0.5567,931.3,0.1193,6,step_limit,0,534000,14981.3
535,1000,300.0,27.136,25,,985,0,3,39,824,0.5547,719.8,0.197,19,step_limit,0,535000,15016.0
536,1000,270.0,54.733,22,,900,0,3,86,428,0.4185,635.7,0.0989,11,step_limit,0,536000,15050.6
537,1000,340.0,41.682,26,,970,0,4,52,557,0.473,786.5,0.1222,10,step_limit,0,537000,15085.1
538,1000,310.0,25.459,26,,998,0,3,29,719,0.4783,772.0,0.1705,10,step_limit,0,538000,15120.1
539,1000,290.0,43.729,24,,724,0,3,26,487,0.511,671.2,0.1155,9,step_limit,0,539000,15154.4
540,1000,360.0,50.432,28,,951,0,4,68,442,0.525,715.4,0.1014,25,step_limit,0,540000,15188.9
541,1000,310.0,23.317,23,,864,0,4,28,666,0.516,857.1,0.1517,27,step_limit,0,541000,15223.5
542,1000,310.0,50.02,26,,999,0,3,52,421,0.4878,683.9,0.0955,12,step_limit,0,542000,15258.1
543,1000,250.0,60.986,23,,983,0,2,97,257,0.4098,704.2,0.0589,4,step_limit,0,543000,15292.1
544,1000,350.0,46.111,27,,815,0,4,51,526,0.492,856.1,0.123,7,step_limit,0,544000,15326.4
545,1000,290.0,33.138,24,,916,0,3,50,652,0.4905,789.5,0.1542,8,step_limit,0,545000,15359.9
546,1000,290.0,24.699,24,,955,0,3,23,736,0.563,781.0,0.1826,17,step_limit,0,546000,15393.8
547,1000,290.0,36.907,24,,978,0,3,34,622,0.5405,787.6,0.137,11,step_limit,0,547000,15428.4
548,1000,310.0,50.541,23,,826,0,4,74,421,0.4153,736.3,0.0971,26,step_limit,0,548000,15462.7
549,1000,410.0,29.691,30,,977,0,5,32,674,0.4635,791.4,0.16,10,step_limit,0,549000,15493.8
550,1000,290.0,61.054,24,,985,0,3,119,459,0.422,679.2,0.1043,7,step_limit,0,550000,15527.4
551,1000,320.0,54.516,27,,977,0,3,52,279,0.4928,714.4,0.0632,5,step_limit,0,551000,15622.6
552,1000,360.0,46.22,28,,921,0,4,88,608,0.423,799.0,0.1462,10,step_limit,0,552000,15657.1
553,1000,430.0,28.37,32,,980,0,5,32,686,0.547,881.3,0.1667,18,step_limit,0,553000,15692.0
554,1000,190.0,62.607,17,,813,0,2,86,310,0.327,531.8,0.0719,26,step_limit,0,554000,15727.3
555,1000,240.0,38.273,19,,724,0,3,77,734,0.4432,691.0,0.173,9,step_limit,0,555000,15760.6
556,1000,370.0,61.26,29,,994,0,4,91,392,0.4407,756.2,0.0849,8,step_limit,0,556000,15794.6
557,1000,290.0,48.563,24,,944,0,3,98,755,0.4245,698.4,0.1812,7,step_limit,0,557000,15829.0
558,1000,330.0,36.912,25,,977,0,4,74,622,0.4743,797.0,0.1418,6,step_limit,0,558000,15863.3
559,1000,320.0,68.781,27,,986,0,3,135,395,0.4557,770.9,0.087,11,step_limit,0,559000,15896.9
560,1000,360.0,47.927,28,,989,0,4,79,571,0.576,760.1,0.1212,10,step_limit,0,560000,15930.9
561,1000,380.0,39.969,30,,979,0,4,57,546,0.4858,807.7,0.1344,10,step_limit,0,561000,15965.2
562,1000,290.0,23.383,24,,958,0,3,38,795,0.4945,747.8,0.1925,10,step_limit,0,562000,15999.5
563,1000,400.0,47.544,32,,942,0,4,52,505,0.5755,776.5,0.111,8,step_limit,0,563000,16032.8
564,1000,360.0,34.568,28,,968,0,4,34,525,0.5225,950.1,0.1139,11,step_limit,0,564000,16068.1
565,1000,310.0,46.87,26,,986,0,3,93,565,0.4775,788.1,0.1259,10,step_limit,0,565000,16101.5
566,1000,340.0,1.392,26,,980,0,4,19,1386,0.5108,834.9,0.3441,26,step_limit,0,566000,16136.0
567,1000,270.0,55.401,25,,935,0,2,89,501,0.419,713.6,0.1198,11,step_limit,0,567000,16170.5
568,1000,270.0,11.707,22,,881,0,3,46,1206,0.4813,594.4,0.2987,66,step_limit,0,568000,16205.3
569,1000,270.0,47.591,22,,926,0,3,59,478,0.4385,635.9,0.1064,11,step_limit,0,569000,16239.7
570,1000,340.0,41.728,29,,919,0,3,66,551,0.56,896.8,0.128,10,step_limit,0,570000,16274.0
571,1000,340.0,41.633,29,,959,0,3,36,563,0.5315,744.9,0.128,11,step_limit,0,571000,16308.6
572,1000,340.0,50.753,26,,935,0,4,119,683,0.4738,750.8,0.1514,10,step_limit,0,572000,16342.9
573,1000,240.0,53.114,22,,907,0,2,170,829,0.4482,776.3,0.2,24,step_limit,0,573000,16377.4
574,1000,350.0,37.275,27,,994,0,4,29,532,0.462,711.4,0.1256,8,step_limit,0,574000,16411.7
575,1000,360.0,31.193,28,,888,0,4,51,813,0.572,805.3,0.1918,16,step_limit,0,575000,16446.0
576,1000,360.0,27.275,28,,987,0,4,32,748,0.5697,800.2,0.1742,22,step_limit,0,576000,16480.3
577,1000,340.0,58.235,26,,976,0,4,99,390,0.5035,735.9,0.08,8,step_limit,0,577000,16514.4
578,1000,280.0,33.737,23,,780,0,3,43,775,0.423,637.1,0.1799,12,step_limit,0,578000,16548.0
579,1000,370.0,39.739,29,,944,0,4,54,523,0.524,698.3,0.1259,11,step_limit,0,579000,16581.6
580,1000,270.0,26.082,22,,748,0,3,91,1109,0.499,682.5,0.268,24,step_limit,0,580000,16615.4
581,1000,210.0,35.314,19,,734,0,2,70,682,0.457,700.9,0.1515,7,step_limit,0,581000,16649.1
582,1000,380.0,59.378,30,,916,0,4,95,315,0.5265,708.0,0.0678,9,step_limit,0,582000,16682.8
583,1000,310.0,49.996,23,,1000,0,4,57,525,0.5015,736.2,0.1187,6,step_limit,0,583000,16716.9
584,1000,350.0,29.938,27,,998,0,4,83,1035,0.4885,766.9,0.2577,21,step_limit,0,584000,16751.2
585,1000,350.0,57.418,27,,869,0,4,141,591,0.5032,738.4,0.1347,8,step_limit,0,585000,16785.0
586,1000,240.0,9.136,22,,995,0,2,38,1089,0.5315,735.9,0.2622,36,step_limit,0,586000,16818.7
587,1000,290.0,18.943,24,,966,0,3,21,900,0.5152,710.8,0.2048,6,step_limit,0,587000,16853.2
588,1000,280.0,43.827,23,,708,0,3,48,343,0.4305,710.1,0.069,5,step_limit,0,588000,16887.0
589,1000,410.0,17.365,30,,906,0,5,26,860,0.5597,852.0,0.2014,13,step_limit,0,589000,16921.1
590,1000,370.0,38.092,29,,960,0,4,64,621,0.5567,767.4,0.1411,21,step_limit,0,590000,16954.9
591,1000,260.0,31.481,24,,957,0,2,66,799,0.4965,761.1,0.193,37,step_limit,0,591000,16985.6
592,1000,310.0,41.089,26,,973,0,3,50,479,0.5325,778.4,0.107,7,step_limit,0,592000,17019.4
593,1000,280.0,64.127,26,,587,0,2,103,393,0.4318,794.5,0.0962,12,step_limit,0,593000,17052.1
594,1000,380.0,38.664,30,,959,0,4,31,486,0.5767,770.0,0.1161,7,step_limit,0,594000,17085.0
595,1000,400.0,41.713,32,,979,0,4,48,491,0.5028,815.2,0.1107,15,step_limit,0,595000,17117.8
596,1000,340.0,35.925,26,,918,0,4,30,508,0.5397,759.5,0.1168,6,step_limit,0,596000,17152.3
597,1000,420.0,51.771,31,,987,0,5,83,379,0.5295,797.6,0.081,5,step_limit,0,597000,17186.4
598,1000,300.0,50.681,25,,957,0,3,65,520,0.5175,701.0,0.1218,12,step_limit,0,598000,17219.8
599,1000,310.0,60.243,26,,967,0,3,81,220,0.4805,805.5,0.0488,3,step_limit,0,599000,17252.8
600,1000,350.0,44.549,27,,944,0,4,73,557,0.4845,788.7,0.1312,7,step_limit,0,600000,17286.7
601,1000,330.0,42.505,25,,905,0,4,67,654,0.5238,740.2,0.1566,10,step_limit,0,601000,17378.3
602,1000,380.0,46.014,30,,942,0,4,63,449,0.5343,782.7,0.1057,9,step_limit,0,602000,17411.9
603,1000,280.0,43.751,23,,927,0,3,67,601,0.507,699.4,0.1356,15,step_limit,0,603000,17445.6
604,1000,270.0,44.822,22,,956,0,3,54,414,0.3895,593.7,0.0909,11,step_limit,0,604000,17478.0
605,1000,400.0,32.805,29,,870,0,5,27,586,0.5022,773.1,0.1287,7,step_limit,0,605000,17511.9
606,1000,390.0,47.698,31,,796,0,4,79,594,0.511,803.5,0.146,11,step_limit,0,606000,17545.4
607,1000,350.0,58.761,27,,999,0,4,101,391,0.4263,774.3,0.0895,7,step_limit,0,607000,17577.5
608,1000,360.0,57.259,28,,962,0,4,100,375,0.463,809.6,0.0818,4,step_limit,0,608000,17610.5
609,1000,340.0,33.203,29,,889,0,3,50,673,0.5417,1014.7,0.1519,14,step_limit,0,609000,17644.5
610,1000,320.0,47.988,27,,908,0,3,59,424,0.4883,716.3,0.0957,7,step_limit,0,610000,17678.1
611,1000,360.0,44.417,28,,942,0,4,66,592,0.5317,762.0,0.1399,12,step_limit,0,611000,17711.8
612,1000,290.0,40.692,21,,834,0,4,51,561,0.419,813.5,0.1325,6,step_limit,0,612000,17745.5
613,1000,350.0,25.528,27,,892,0,4,39,973,0.571,764.0,0.2366,16,step_limit,0,613000,17779.6
614,1000,240.0,0.044,19,,927,0,3,46,1557,0.5038,745.0,0.3926,34,step_limit,0,614000,17814.0
615,1000,360.0,34.322,28,,921,0,4,58,773,0.4975,805.6,0.1802,11,step_limit,0,615000,17847.6
616,1000,320.0,81.176,27,,958,0,3,192,492,0.5072,761.4,0.1054,5,step_limit,0,616000,17881.3
617,1000,330.0,44.702,25,,910,0,4,65,475,0.4497,776.4,0.1041,5,step_limit,0,617000,17915.1
618,1000,380.0,41.98,30,,959,0,4,88,770,0.5088,801.7,0.182,14,step_limit,0,618000,17948.8
619,1000,340.0,46.758,26,,963,0,4,60,495,0.5407,774.5,0.1157,8,step_limit,0,619000,17982.6
620,1000,290.0,42.916,24,,963,0,3,83,564,0.4795,805.6,0.1236,9,step_limit,0,620000,18016.0
621,1000,370.0,32.347,29,,993,0,4,22,585,0.5447,828.5,0.1277,11,step_limit,0,621000,18049.5
622,1000,380.0,37.428,30,,988,0,4,30,641,0.522,863.8,0.1489,26,step_limit,0,622000,18083.3
623,1000,250.0,70.504,23,,672,0,2,136,326,0.4617,734.1,0.0659,4,step_limit,0,623000,18116.8
624,1000,410.0,44.64,30,,930,0,5,33,404,0.5292,794.8,0.0888,10,step_limit,0,624000,18150.4
625,1000,370.0,19.87,29,,996,0,4,47,793,0.5155,844.1,0.1923,38,step_limit,0,625000,18184.4
626,1000,350.0,58.277,27,,913,0,4,105,572,0.4512,793.9,0.1366,8,step_limit,0,626000,18218.2
627,1000,380.0,31.29,30,,966,0,4,35,685,0.5383,893.5,0.1582,14,step_limit,0,627000,18252.4
628,1000,340.0,18.094,26,,853,0,4,16,792,0.5647,866.5,0.1954,9,step_limit,0,628000,18287.6
629,1000,380.0,24.334,30,,925,0,4,31,786,0.5235,892.5,0.1844,13,step_limit,0,629000,18321.3
630,1000,370.0,40.932,29,,970,0,4,34,400,0.4632,812.9,0.088,7,step_limit,0,630000,18355.0
631,1000,300.0,41.519,22,,675,0,4,49,425,0.4017,728.9,0.096,6,step_limit,0,631000,18389.1
632,1000,370.0,40.063,29,,977,0,4,24,528,0.552,732.6,0.1297,10,step_limit,0,632000,18421.7
633,1000,330.0,77.85,25,,737,0,4,155,340,0.4183,688.3,0.0714,10,step_limit,0,633000,18453.0
634,1000,340.0,33.385,26,,994,0,4,56,761,0.494,680.6,0.1844,13,step_limit,0,634000,18485.1
635,1000,390.0,38.832,31,,1000,0,4,57,624,0.5637,837.2,0.1467,10,step_limit,0,635000,18519.1
636,1000,290.0,34.832,27,,979,0,2,27,509,0.5115,807.2,0.1216,7,step_limit,0,636000,18553.0
637,1000,390.0,33.702,31,,919,0,4,46,685,0.5565,830.1,0.1693,14,step_limit,0,637000,18586.5
638,1000,340.0,21.351,26,,972,0,4,18,596,0.545,794.5,0.1341,9,step_limit,0,638000,18620.6
639,1000,330.0,29.562,28,,970,0,3,15,755,0.5687,771.0,0.1851,36,step_limit,0,639000,18654.3
640,1000,310.0,26.658,26,,852,0,3,38,728,0.5817,772.5,0.1728,10,step_limit,0,640000,18689.0
641,1000,330.0,45.432,28,,959,0,3,52,492,0.5447,807.7,0.1111,6,step_limit,0,641000,18721.8
642,1000,230.0,38.317,21,,975,0,2,92,720,0.4323,775.8,0.1788,55,step_limit,0,642000,18755.7
643,1000,340.0,48.906,26,,995,0,4,70,526,0.5168,703.3,0.1144,11,step_limit,0,643000,18789.0
644,1000,300.0,33.38,25,,907,0,3,63,839,0.527,717.9,0.1944,10,step_limit,0,644000,18821.1
645,1000,310.0,40.837,26,,977,0,3,43,518,0.4905,744.3,0.1186,10,step_limit,0,645000,18855.5
646,1000,280.0,40.587,23,,929,0,3,76,776,0.4248,802.8,0.1735,7,step_limit,0,646000,18888.4
647,1000,320.0,44.367,24,,907,0,4,82,611,0.4475,794.7,0.1406,10,step_limit,0,647000,18920.9
648,1000,320.0,61.949,27,,971,0,3,124,508,0.4373,730.4,0.1203,9,step_limit,0,648000,18954.4
649,1000,350.0,30.022,30,,974,0,3,18,531,0.5417,822.6,0.1248,10,step_limit,0,649000,18988.2
650,1000,300.0,43.088,25,,985,0,3,89,888,0.5078,770.8,0.2151,20,step_limit,0,650000,19021.6
651,1000,360.0,39.868,28,,903,0,4,47,613,0.4632,734.2,0.1497,10,step_limit,0,651000,19110.4
652,1000,310.0,43.21,26,,989,0,3,79,557,0.4963,719.1,0.1191,9,step_limit,0,652000,19144.1
653,1000,320.0,43.776,27,,899,0,3,44,436,0.498,789.6,0.0889,8,step_limit,0,653000,19177.6
654,1000,370.0,49.111,29,,957,0,4,88,597,0.5232,842.8,0.1406,19,step_limit,0,654000,19211.5
655,1000,250.0,73.944,23,,992,0,2,188,596,0.4205,673.6,0.1303,10,step_limit,0,655000,19244.8
656,1000,350.0,57.362,27,,885,0,4,49,323,0.4373,683.1,0.0745,3,step_limit,0,656000,19278.2
657,1000,210.0,73.797,19,,970,0,2,142,289,0.3528,671.7,0.0704,10,step_limit,0,657000,19311.8
658,1000,410.0,27.714,30,,958,0,5,41,720,0.5583,816.9,0.1726,9,step_limit,0,658000,19345.8
659,1000,370.0,44.174,29,,995,0,4,63,603,0.5038,854.3,0.1426,5,step_limit,0,659000,19379.3
660,1000,340.0,35.995,29,,896,0,3,69,664,0.5493,881.3,0.1549,8,step_limit,0,660000,19413.3
661,1000,370.0,17.43,29,,969,0,4,24,787,0.5775,878.5,0.1886,12,step_limit,0,661000,19446.9
662,1000,220.0,40.23,20,,961,0,2,62,666,0.4025,648.3,0.1569,19,step_limit,0,662000,19480.6
663,1000,400.0,33.26,32,,944,0,4,31,669,0.557,859.2,0.1632,10,step_limit,0,663000,19514.6
664,1000,290.0,33.145,24,,955,0,3,52,714,0.5365,731.0,0.166,12,step_limit,0,664000,19548.5
665,1000,310.0,48.964,26,,961,0,3,95,527,0.4743,730.0,0.1181,17,step_limit,0,665000,19582.1
666,1000,360.0,39.496,28,,989,0,4,38,563,0.488,768.5,0.1402,7,step_limit,0,666000,19615.9
667,1000,350.0,38.69,27,,1000,0,4,25,452,0.4878,733.9,0.0992,5,step_limit,0,667000,19649.9
668,1000,410.0,47.902,30,,878,0,5,62,440,0.4335,842.8,0.1041,7,step_limit,0,668000,19683.5
669,1000,290.0,44.178,24,,991,0,3,174,1006,0.452,748.4,0.2399,15,step_limit,0,669000,19717.5
670,1000,330.0,35.031,25,,986,0,4,51,703,0.4667,664.4,0.158,9,step_limit,0,670000,19751.2
671,1000,250.0,58.914,23,,978,0,2,99,428,0.3885,688.3,0.1013,12,step_limit,0,671000,19785.0
672,1000,230.0,71.124,21,,916,0,2,102,112,0.3377,619.6,0.0204,2,step_limit,0,672000,19818.4
673,1000,380.0,41.1,27,,924,0,5,81,728,0.5155,678.6,0.1649,10,step_limit,0,673000,19852.2
674,1000,240.0,59.342,22,,993,0,2,102,447,0.4492,702.8,0.0938,4,step_limit,0,674000,19885.9
675,1000,270.0,54.698,22,,816,0,3,123,485,0.4135,698.6,0.1117,6,step_limit,0,675000,19917.8
676,1000,260.0,59.101,21,,920,0,3,85,340,0.403,724.4,0.075,7,step_limit,0,676000,19946.1
677,1000,310.0,40.208,26,,954,0,3,29,390,0.4175,724.5,0.0873,8,step_limit,0,677000,19971.5
678,1000,240.0,59.031,22,,990,0,2,151,541,0.4627,701.0,0.1189,11,step_limit,0,678000,19996.1
679,1000,290.0,62.763,24,,938,0,3,130,537,0.4878,695.4,0.1265,14,step_limit,0,679000,20020.3
680,1000,370.0,71.997,29,,988,0,4,124,315,0.4495,785.0,0.07,7,step_limit,0,680000,20044.9
681,1000,280.0,75.464,23,,953,0,3,154,340,0.3837,734.0,0.0762,4,step_limit,0,681000,20068.7
682,1000,280.0,23.706,23,,960,0,3,81,1061,0.4878,723.6,0.2516,15,step_limit,0,682000,20093.8
683,1000,310.0,40.012,23,,995,0,4,46,468,0.4715,749.9,0.1063,15,step_limit,0,683000,20118.4
684,1000,340.0,64.678,26,,849,0,4,122,464,0.49,709.5,0.1135,34,step_limit,0,684000,20142.8
685,1000,400.0,50.433,32,,988,0,4,113,613,0.504,737.7,0.144,14,step_limit,0,685000,20166.5
686,1000,250.0,59.405,20,,935,0,3,116,433,0.4062,550.0,0.0968,5,step_limit,0,686000,20191.4
687,1000,220.0,65.015,20,,991,0,2,131,339,0.357,669.9,0.0743,10,step_limit,0,687000,20215.7
688,1000,340.0,10.349,29,,994,0,3,17,962,0.5773,757.7,0.2318,40,step_limit,0,688000,20238.3
689,1000,280.0,64.979,23,,795,0,3,156,644,0.3895,668.0,0.1551,10,step_limit,0,689000,20261.3
690,1000,330.0,58.569,25,,823,0,4,121,438,0.3967,730.4,0.0978,6,step_limit,0,690000,20286.1
691,1000,450.0,43.442,34,,999,0,5,67,729,0.4963,808.7,0.1705,20,step_limit,0,691000,20310.2
692,1000,300.0,65.327,25,,1000,0,3,99,343,0.4415,741.9,0.0775,4,step_limit,0,692000,20333.2
693,1000,250.0,55.045,20,,867,0,3,77,263,0.3475,710.1,0.0586,4,step_limit,0,693000,20357.5
694,1000,360.0,49.487,28,,950,0,4,67,524,0.5102,757.4,0.1187,9,step_limit,0,694000,20380.4
695,1000,330.0,32.136,28,,910,0,3,18,600,0.498,829.6,0.1415,10,step_limit,0,695000,20402.0
696,1000,360.0,52.401,28,,948,0,4,85,507,0.5292,750.3,0.1174,18,step_limit,0,696000,20426.8
697,1000,280.0,63.974,23,,970,0,3,122,384,0.4412,691.5,0.0834,10,step_limit,0,697000,20451.1
698,1000,380.0,32.466,30,,899,0,4,20,580,0.5793,749.0,0.1298,11,step_limit,0,698000,20476.1
699,1000,360.0,80.064,28,,979,0,4,185,520,0.4983,740.9,0.1236,8,step_limit,0,699000,20499.2
700,1000,390.0,22.402,31,,945,0,4,26,715,0.609,859.6,0.1685,8,step_limit,0,700000,20523.8
701,1000,300.0,37.077,25,,947,0,3,56,671,0.5008,769.5,0.1575,12,step_limit,0,701000,20589.7
702,1000,220.0,35.313,20,,960,0,2,37,538,0.4083,600.3,0.1262,9,step_limit,0,702000,20614.3
703,1000,310.0,61.558,26,,998,0,3,67,281,0.4145,765.7,0.057,5,step_limit,0,703000,20639.1
704,1000,260.0,20.938,21,,754,0,3,51,988,0.487,717.8,0.2378,58,step_limit,0,704000,20662.7
705,1000,310.0,74.076,26,,965,0,3,198,634,0.4833,732.6,0.1501,11,step_limit,0,705000,20687.6
706,1000,380.0,16.677,27,,882,0,5,30,967,0.5205,779.6,0.2432,36,step_limit,0,706000,20713.3
707,1000,360.0,57.481,28,,994,0,4,86,412,0.4688,760.9,0.0912,8,step_limit,0,707000,20737.9
708,1000,310.0,58.979,26,,922,0,3,118,598,0.4485,658.0,0.1377,16,step_limit,0,708000,20761.5
709,1000,280.0,53.578,23,,906,0,3,114,682,0.4075,691.8,0.1668,9,step_limit,0,709000,20786.6
710,1000,300.0,37.514,25,,886,0,3,52,567,0.4682,701.1,0.1234,8,step_limit,0,710000,20810.6
711,1000,390.0,51.037,31,,955,0,4,64,475,0.484,799.4,0.1101,10,step_limit,0,711000,20834.5
712,1000,360.0,59.136,28,,973,0,4,134,602,0.4875,794.9,0.141,10,step_limit,0,712000,20858.4
713,1000,320.0,44.493,24,,856,0,4,96,821,0.4765,697.1,0.1946,30,step_limit,0,713000,20883.0
714,1000,300.0,62.648,25,,952,0,3,103,399,0.4502,671.2,0.0895,6,step_limit,0,714000,20907.1
715,1000,380.0,45.572,30,,961,0,4,107,723,0.5015,835.8,0.1724,18,step_limit,0,715000,20930.5
716,1000,330.0,33.159,28,,887,0,3,50,641,0.481,776.9,0.1474,17,step_limit,0,716000,20954.7
717,1000,380.0,53.513,30,,972,0,4,82,344,0.4582,769.8,0.0738,7,step_limit,0,717000,20979.4
718,1000,330.0,54.631,28,,966,0,3,95,450,0.468,747.6,0.1019,7,step_limit,0,718000,21003.2
719,1000,280.0,36.268,23,,998,0,3,62,692,0.464,739.4,0.1636,45,step_limit,0,719000,21027.6
720,1000,290.0,53.858,24,,974,0,3,93,579,0.4248,637.5,0.13,11,step_limit,0,720000,21051.6
721,1000,330.0,77.835,28,,993,0,3,194,504,0.438,670.8,0.1075,10,step_limit,0,721000,21075.5
722,1000,410.0,41.549,33,,960,0,4,36,555,0.564,928.7,0.1383,13,step_limit,0,722000,21098.5
723,1000,330.0,39.549,28,,991,0,3,86,836,0.5397,890.6,0.1948,19,step_limit,0,723000,21122.7
724,1000,360.0,67.71,28,,960,0,4,107,330,0.4632,746.3,0.078,10,step_limit,0,724000,21147.2
725,1000,300.0,48.393,22,,887,0,4,88,644,0.446,720.8,0.1422,12,step_limit,0,725000,21170.4
726,1000,260.0,60.444,24,,994,0,2,134,719,0.4318,772.0,0.1723,7,step_limit,0,726000,21195.3
727,1000,270.0,45.684,22,,973,0,3,73,326,0.3947,588.5,0.0699,8,step_limit,0,727000,21220.6
728,1000,320.0,49.367,24,,785,0,4,82,371,0.4125,672.8,0.0836,14,step_limit,0,728000,21245.0
729,1000,260.0,68.798,21,,995,0,3,128,336,0.386,629.4,0.0768,13,step_limit,0,729000,21267.7
730,1000,280.0,59.229,23,,805,0,3,107,495,0.4017,729.2,0.1064,5,step_limit,0,730000,21292.9
731,1000,290.0,49.588,27,,985,0,2,53,428,0.5258,766.3,0.0968,4,step_limit,0,731000,21317.9
732,1000,250.0,48.334,20,,952,0,3,161,1057,0.4047,614.9,0.256,16,step_limit,0,732000,21343.1
733,1000,270.0,61.469,22,,755,0,3,137,551,0.4467,724.1,0.1296,18,step_limit,0,733000,21366.2
734,1000,350.0,39.928,27,,965,0,4,59,590,0.4293,710.8,0.1363,21,step_limit,0,734000,21391.3
735,1000,390.0,31.09,28,,881,0,5,28,455,0.48,766.3,0.1076,12,step_limit,0,735000,21415.7
736,1000,380.0,34.876,30,,980,0,4,50,539,0.4928,799.7,0.1276,17,step_limit,0,736000,21438.9
737,1000,230.0,58.06,21,,960,0,2,139,578,0.4005,768.9,0.1363,11,step_limit,0,737000,21462.7
738,1000,210.0,75.565,19,,873,0,2,119,171,0.369,592.5,0.0338,3,step_limit,0,738000,21487.4
739,1000,370.0,42.219,29,,999,0,4,50,660,0.5075,757.1,0.1631,9,step_limit,0,739000,21512.1
740,1000,280.0,77.749,23,,943,0,3,179,528,0.4148,697.4,0.1257,12,step_limit,0,740000,21536.4
741,1000,290.0,34.097,24,,973,0,3,92,945,0.4995,797.6,0.2437,124,step_limit,0,741000,21560.4
742,1000,360.0,33.087,28,,999,0,4,29,529,0.521,678.9,0.1171,9,step_limit,0,742000,21585.3
743,1000,240.0,52.63,22,,899,0,2,143,647,0.4657,787.7,0.1396,10,step_limit,0,743000,21609.4
744,1000,350.0,28.406,27,,969,0,4,48,791,0.4652,780.8,0.1837,18,step_limit,0,744000,21632.6
745,1000,220.0,64.18,20,,974,0,2,157,620,0.3832,661.3,0.1463,10,step_limit,0,745000,21657.7
746,1000,360.0,69.768,28,,991,0,4,175,473,0.477,731.1,0.1084,6,step_limit,0,746000,21682.1
747,1000,210.0,50.024,19,,988,0,2,100,609,0.4733,615.8,0.1388,10,step_limit,0,747000,21705.4
748,1000,330.0,43.536,25,,947,0,4,84,624,0.4725,795.8,0.1391,13,step_limit,0,748000,21730.3
749,1000,270.0,91.136,22,,910,0,3,219,327,0.3915,594.8,0.0752,4,step_limit,0,749000,21755.0
750,1000,310.0,91.551,26,,896,0,3,218,296,0.418,735.0,0.0693,8,step_limit,0,750000,21780.2
751,1000,290.0,45.799,24,,956,0,3,77,487,0.5032,691.7,0.107,9,step_limit,0,751000,21846.0
752,1000,310.0,55.0,26,,908,0,3,71,382,0.4758,809.8,0.0811,8,step_limit,0,752000,21869.1
753,1000,210.0,69.294,19,,777,0,2,136,324,0.3865,705.4,0.0715,4,step_limit,0,753000,21893.2
754,1000,280.0,38.424,23,,781,0,3,50,606,0.4365,712.8,0.1388,15,step_limit,0,754000,21917.9
755,1000,310.0,38.652,23,,894,0,4,74,644,0.4622,704.2,0.1487,14,step_limit,0,755000,21941.1
756,1000,380.0,32.089,27,,981,0,5,45,627,0.4602,722.5,0.1519,6,step_limit,0,756000,21965.2
757,1000,250.0,12.407,20,,997,0,3,15,1206,0.492,721.1,0.2957,47,step_limit,0,757000,21990.0
758,1000,270.0,66.212,22,,807,0,3,129,495,0.4622,743.7,0.1173,14,step_limit,0,758000,22014.6
759,1000,310.0,49.028,26,,993,0,3,64,546,0.5025,679.6,0.1325,11,step_limit,0,759000,22037.7
760,1000,340.0,38.588,29,,969,0,3,46,545,0.4527,850.7,0.1245,8,step_limit,0,760000,22062.5
761,1000,400.0,24.16,29,,968,0,5,41,789,0.548,748.5,0.1861,10,step_limit,0,761000,22088.0
762,1000,380.0,40.367,30,,973,0,4,33,331,0.4672,781.1,0.0708,12,step_limit,0,762000,22110.9
763,1000,410.0,62.505,30,,895,0,5,116,391,0.4838,753.4,0.0912,10,step_limit,0,763000,22135.4
764,1000,320.0,67.879,27,,990,0,3,105,347,0.5012,696.5,0.0768,13,step_limit,0,764000,22159.9
765,1000,250.0,48.814,20,,900,0,3,76,336,0.4188,600.8,0.0721,5,step_limit,0,765000,22184.4
766,1000,340.0,26.131,26,,920,0,4,34,641,0.492,727.0,0.1454,13,step_limit,0,766000,22207.3
767,1000,360.0,40.264,28,,977,0,4,41,632,0.493,759.5,0.1448,10,step_limit,0,767000,22232.3
768,1000,310.0,57.024,26,,959,0,3,99,387,0.4607,733.0,0.0838,7,step_limit,0,768000,22257.2
769,1000,330.0,53.91,28,,838,0,3,57,411,0.4885,791.1,0.0897,8,step_limit,0,769000,22281.8
770,1000,340.0,72.952,29,,976,0,3,136,310,0.441,737.8,0.0688,7,step_limit,0,770000,22303.5
771,1000,340.0,49.072,26,,943,0,4,58,428,0.482,765.8,0.0968,8,step_limit,0,771000,22328.4
772,1000,320.0,64.678,27,,945,0,3,140,517,0.5078,739.3,0.1203,16,step_limit,0,772000,22351.8
773,1000,290.0,67.284,24,,952,0,3,132,389,0.422,716.1,0.0949,9,step_limit,0,773000,22379.4
774,1000,380.0,43.842,30,,989,0,4,74,428,0.4577,883.4,0.0945,11,step_limit,0,774000,22404.2
775,1000,310.0,29.341,26,,992,0,3,36,710,0.4828,767.5,0.1708,10,step_limit,0,775000,22428.0
776,1000,330.0,33.126,28,,960,0,3,75,835,0.4848,788.7,0.1951,19,step_limit,0,776000,22452.5
777,1000,360.0,49.234,28,,965,0,4,62,439,0.4662,724.6,0.0995,7,step_limit,0,777000,22477.1
778,1000,300.0,21.434,25,,1000,0,3,17,821,0.5218,732.5,0.196,24,step_limit,0,778000,22501.8
779,1000,380.0,37.587,30,,978,0,4,57,597,0.49,737.0,0.1421,13,step_limit,0,779000,22524.1
780,1000,320.0,22.443,24,,997,0,4,44,736,0.4557,793.2,0.1653,18,step_limit,0,780000,22549.0
781,1000,210.0,45.766,19,,660,0,2,85,535,0.343,739.3,0.1219,7,step_limit,0,781000,22573.1
782,1000,420.0,47.085,31,,977,0,5,61,532,0.5435,725.6,0.1283,10,step_limit,0,782000,22598.2
783,1000,250.0,89.948,20,,857,0,3,227,299,0.337,555.9,0.0692,11,step_limit,0,783000,22622.1
784,1000,320.0,60.506,24,,899,0,4,112,397,0.4123,697.3,0.0828,5,step_limit,0,784000,22646.2
785,1000,380.0,36.985,30,,999,0,4,77,756,0.5767,895.5,0.1894,41,step_limit,0,785000,22670.5
786,1000,400.0,38.442,32,,985,0,4,63,616,0.4955,905.6,0.1541,13,step_limit,0,786000,22695.2
787,1000,290.0,70.12,27,,889,0,2,146,435,0.4283,725.0,0.0925,9,step_limit,0,787000,22719.0
788,1000,330.0,59.621,25,,928,0,4,86,378,0.4348,740.3,0.0814,13,step_limit,0,788000,22743.9
789,1000,350.0,45.661,27,,883,0,4,81,674,0.528,763.1,0.1492,7,step_limit,0,789000,22768.2
790,1000,370.0,35.983,29,,994,0,4,38,452,0.4283,782.9,0.0985,7,step_limit,0,790000,22791.1
791,1000,260.0,65.28,24,,965,0,2,190,729,0.4422,762.6,0.169,15,step_limit,0,791000,22815.2
792,1000,410.0,44.442,33,,930,0,4,51,483,0.502,907.9,0.108,8,step_limit,0,792000,22839.0
793,1000,320.0,56.436,24,,886,0,4,86,542,0.4455,714.0,0.1234,14,step_limit,0,793000,22863.0
794,1000,360.0,83.595,28,,941,0,4,219,385,0.382,811.6,0.0818,5,step_limit,0,794000,22887.0
795,1000,310.0,42.487,26,,889,0,3,89,686,0.4703,751.8,0.1604,22,step_limit,0,795000,22911.3
796,1000,360.0,42.196,28,,971,0,4,58,509,0.4485,735.8,0.1158,18,step_limit,0,796000,22936.3
797,1000,310.0,48.141,23,,964,0,4,63,432,0.403,623.2,0.1029,7,step_limit,0,797000,22961.2
798,1000,280.0,45.296,23,,990,0,3,72,508,0.4348,683.2,0.1099,10,step_limit,0,798000,22985.5
799,1000,270.0,24.853,22,,971,0,3,44,793,0.4775,661.9,0.1901,14,step_limit,0,799000,23010.5
800,1000,280.0,39.796,23,,994,0,3,52,452,0.4913,626.0,0.1031,7,step_limit,0,800000,23035.9
