episode,steps,reward,delivered,completion_rate,makespan,idle_drones,deliv_min,deliv_max,deliv_std,reloads,blocked,hop2plus,max_reach,t_last_deliv,comm_loss,alpha,loss_critic,loss_actor,env_steps,wall_sec
1,1000,-114.5977,0,0.0,,4,0,0,0.0,0,0,0.0135,502.5,0,0,0.1,nan,nan,1000,2.0
2,1000,-83.1736,0,0.0,,4,0,0,0.0,0,0,0.0457,502.5,0,0,0.1,nan,nan,2000,3.8
3,1000,-79.4322,0,0.0,,4,0,0,0.0,0,0,0.0278,502.5,0,0,0.1,nan,nan,3000,5.9
4,1000,-58.3254,0,0.0,,4,0,0,0.0,0,0,0.061,502.5,0,0,0.1,nan,nan,4000,8.2
5,1000,-83.4564,0,0.0,,4,0,0,0.0,0,0,0.0295,502.5,0,0,0.1,nan,nan,5000,10.5
6,1000,-29.204,6,0.12,,1,0,2,0.866,0,348,0.5505,1073.5,724,0,0.086152,0.065224,0.155897,6000,25.8
7,1000,101.0669,15,0.3,,0,1,5,1.6394,0,351,0.4622,1072.1,570,0,0.07381,0.352975,-0.079515,7000,39.4
8,1000,95.8692,14,0.28,,0,3,5,0.866,0,577,0.5645,1073.5,953,0,0.063681,0.422006,-0.344953,8000,52.8
9,1000,89.2341,13,0.26,,0,2,5,1.0897,0,1198,0.6062,1052.6,583,0,0.055321,0.61198,-0.474368,9000,66.8
10,1000,77.1972,13,0.26,,0,1,5,1.7854,0,585,0.665,1048.2,180,0,0.05,0.932553,-0.95328,10000,80.3
11,1000,108.436,16,0.32,,0,2,5,1.2247,0,1309,0.6645,1073.5,845,0,0.05,0.835309,-1.412375,11000,93.7
12,1000,97.1715,14,0.28,,1,0,5,2.0616,0,1505,0.6575,1073.5,291,0,0.05,0.334318,-1.57093,12000,106.8
13,1000,126.658,15,0.3,,0,2,5,1.0897,0,530,0.6687,1045.5,239,0,0.05,0.805919,-1.905737,13000,120.3
14,1000,34.0387,10,0.2,,1,0,5,1.8028,0,1932,0.6813,1025.6,727,0,0.05,0.605627,-2.448636,14000,133.7
15,1000,54.7311,11,0.22,,1,0,5,2.2776,0,1144,0.6627,1073.5,248,0,0.05,1.316521,-3.97173,15000,147.4
16,1000,117.5981,17,0.34,,0,2,5,1.299,0,1438,0.657,1073.5,233,0,0.05,2.477957,-4.096511,16000,160.3
17,1000,96.0825,14,0.28,,0,1,5,1.5,0,739,0.6597,1073.5,894,0,0.05,0.893532,-4.963345,17000,173.7
18,1000,120.1316,16,0.32,,0,2,5,1.2247,0,1236,0.6633,1064.6,560,0,0.05,2.199167,-5.841411,18000,186.7
19,1000,101.5944,15,0.3,,0,1,5,1.6394,0,977,0.6787,1063.7,510,0,0.05,1.68439,-6.055029,19000,200.4
20,1000,116.7174,17,0.34,,0,3,5,0.8292,0,1727,0.655,1073.5,275,0,0.05,1.208223,-6.036212,20000,213.2
21,1000,148.6241,20,0.4,,0,5,5,0.0,0,1480,0.4397,1073.5,961,0,0.05,1.927655,-6.854603,21000,226.9
22,1000,96.0188,15,0.3,,0,2,5,1.0897,0,2325,0.647,996.5,689,0,0.05,0.686064,-6.517498,22000,239.9
23,1000,112.0124,15,0.3,,0,2,5,1.299,0,1142,0.6837,997.1,360,0,0.05,3.959529,-6.753541,23000,253.7
24,1000,95.0735,13,0.26,,0,1,4,1.299,0,1500,0.6755,1069.2,868,0,0.05,2.799386,-8.192959,24000,267.7
25,1000,155.3363,18,0.36,,0,4,5,0.5,0,1007,0.5627,1003.1,335,0,0.05,1.745042,-9.074412,25000,280.9
26,1000,127.4906,16,0.32,,0,3,5,0.7071,0,781,0.5697,1073.5,829,0,0.05,3.725471,-7.929195,26000,294.4
27,1000,96.2424,15,0.3,,0,2,5,1.0897,0,2155,0.658,1073.5,306,0,0.05,1.89221,-7.783226,27000,308.3
28,1000,98.4117,14,0.28,,0,1,5,1.6583,0,1001,0.6375,1073.5,595,0,0.05,3.54049,-9.683498,28000,321.3
29,1000,105.0629,14,0.28,,0,3,4,0.5,0,953,0.6472,1073.5,431,0,0.05,1.063085,-9.852509,29000,335.1
30,1000,141.0049,17,0.34,,0,3,5,0.8292,0,995,0.6158,1073.5,787,0,0.05,0.624834,-9.3629,30000,348.3
31,1000,103.9785,15,0.3,,0,2,5,1.299,0,1380,0.5645,1073.5,961,0,0.05,2.231626,-10.344492,31000,361.5
32,1000,137.4381,17,0.34,,0,3,5,0.8292,0,1398,0.6548,986.6,737,0,0.05,2.924804,-11.234344,32000,374.5
33,1000,123.7266,15,0.3,,1,0,5,2.1651,0,516,0.4587,1007.4,418,0,0.05,1.23922,-10.615889,33000,387.5
34,1000,159.5242,19,0.38,,0,4,5,0.433,0,719,0.6185,1073.5,694,0,0.05,1.312945,-10.365709,34000,401.0
35,1000,123.9282,16,0.32,,0,3,5,0.7071,0,787,0.603,995.6,880,0,0.05,0.8358,-11.622045,35000,414.4
36,1000,136.6106,17,0.34,,0,2,5,1.299,0,265,0.492,1070.4,904,0,0.05,0.977515,-12.074929,36000,428.0
37,1000,232.3292,21,0.42,,0,5,6,0.433,1,216,0.582,1004.2,933,0,0.05,1.021381,-11.186354,37000,441.3
38,1000,209.2528,19,0.38,,0,3,6,1.0897,1,325,0.5165,1062.7,979,0,0.05,1.012435,-11.672928,38000,454.9
39,1000,146.1885,18,0.36,,0,3,5,0.866,0,959,0.6643,1070.1,504,0,0.05,1.030374,-11.114714,39000,467.8
40,1000,168.4304,19,0.38,,0,4,5,0.433,0,288,0.5703,1013.2,701,0,0.05,0.775005,-10.724016,40000,480.7
41,1000,89.3276,14,0.28,,0,1,5,1.6583,0,2291,0.6352,946.6,914,0,0.05,1.688846,-11.385952,41000,493.9
42,1000,125.5908,16,0.32,,0,1,5,1.7321,0,645,0.666,984.4,453,0,0.05,1.034079,-11.656749,42000,507.3
43,1000,129.2636,17,0.34,,0,3,5,0.8292,0,1474,0.6382,999.0,601,0,0.05,0.924797,-11.247507,43000,520.5
44,1000,125.3651,17,0.34,,0,2,5,1.299,0,1409,0.6488,968.9,540,0,0.05,0.95983,-11.052124,44000,533.4
45,1000,154.0977,19,0.38,,0,4,5,0.433,0,529,0.6032,964.9,295,0,0.05,1.33561,-11.556082,45000,546.9
46,1000,122.8465,15,0.3,,0,2,5,1.299,0,609,0.5613,815.8,196,0,0.05,0.944583,-10.748173,46000,560.0
47,1000,155.0645,18,0.36,,0,3,5,0.866,0,517,0.677,1017.9,753,0,0.05,0.578166,-12.730381,47000,574.0
48,1000,163.7466,20,0.4,,0,5,5,0.0,0,600,0.6745,1049.9,656,0,0.05,1.987996,-13.440487,48000,587.0
49,1000,119.6746,15,0.3,,0,1,5,1.6394,0,287,0.6767,1068.5,365,0,0.05,1.322722,-12.071831,49000,600.4
50,1000,143.0834,18,0.36,,0,4,5,0.5,0,1072,0.6603,1037.4,477,0,0.05,1.13649,-12.933353,50000,613.9
51,1000,121.0898,15,0.3,,0,2,5,1.299,0,307,0.668,1051.1,324,0,0.05,0.706293,-13.067802,51000,641.6
52,1000,153.738,18,0.36,,0,3,5,0.866,0,70,0.6825,1073.5,801,0,0.05,1.04784,-13.05407,52000,654.7
53,1000,128.8612,17,0.34,,0,2,5,1.299,0,267,0.6673,1070.0,972,0,0.05,1.125051,-12.594589,53000,668.8
54,1000,164.8186,19,0.38,,0,4,5,0.433,0,816,0.584,1073.5,638,0,0.05,1.198045,-13.761554,54000,681.8
55,1000,143.3393,18,0.36,,0,3,5,0.866,0,809,0.641,967.2,481,0,0.05,1.058544,-12.582554,55000,695.3
56,1000,169.6993,19,0.38,,0,4,5,0.433,0,323,0.6913,870.9,538,0,0.05,0.919976,-13.572233,56000,709.7
57,1000,125.3547,16,0.32,,0,1,5,1.7321,0,157,0.6625,1056.2,966,0,0.05,0.452965,-13.821852,57000,723.4
58,1000,125.1704,15,0.3,,0,1,5,1.6394,0,624,0.653,992.1,865,0,0.05,0.757276,-14.556592,58000,736.7
59,1000,160.9339,20,0.4,,0,5,5,0.0,0,617,0.6462,910.5,717,0,0.05,1.320705,-14.204838,59000,749.9
60,1000,180.1209,20,0.4,,0,5,5,0.0,0,172,0.5327,983.6,815,0,0.05,0.962763,-14.703783,60000,763.2
61,1000,156.962,19,0.38,,0,4,5,0.433,0,567,0.514,964.8,449,0,0.05,0.831078,-14.025408,61000,776.4
62,1000,158.8546,20,0.4,,0,5,5,0.0,0,976,0.6727,847.8,901,0,0.05,1.26133,-13.886823,62000,790.0
63,1000,181.2004,20,0.4,,0,5,5,0.0,0,491,0.618,1073.5,804,0,0.05,1.377035,-14.341649,63000,803.5
64,1000,177.1055,20,0.4,,0,5,5,0.0,0,585,0.4845,894.4,847,0,0.05,0.664365,-16.292864,64000,816.6
65,1000,133.3885,16,0.32,,0,1,5,1.7321,0,331,0.6212,1054.3,933,0,0.05,0.938559,-15.717148,65000,830.7
66,1000,141.2291,17,0.34,,0,3,5,0.8292,0,694,0.6805,953.9,815,0,0.05,0.807625,-16.303026,66000,844.1
67,1000,175.4054,20,0.4,,0,5,5,0.0,0,127,0.5777,999.5,602,0,0.05,1.353111,-15.153511,67000,857.4
68,1000,184.2556,20,0.4,,0,5,5,0.0,0,94,0.5605,1022.0,694,0,0.05,0.780345,-14.673828,68000,871.3
69,1000,171.3463,18,0.36,,0,3,5,0.866,0,66,0.5667,1001.5,985,0,0.05,0.637723,-14.469659,69000,884.5
70,1000,151.9758,18,0.36,,0,3,5,0.866,0,539,0.6295,983.9,828,0,0.05,0.669875,-14.618332,70000,897.8
71,1000,144.2584,17,0.34,,0,2,5,1.299,0,441,0.6378,963.6,587,0,0.05,0.685605,-16.773001,71000,911.1
72,1000,145.2772,16,0.32,,0,1,5,1.7321,0,297,0.6478,969.5,658,0,0.05,0.372134,-15.537841,72000,924.2
73,1000,137.6766,17,0.34,,0,2,5,1.299,0,346,0.6593,981.3,681,0,0.05,0.75723,-15.333181,73000,938.5
74,1000,154.738,18,0.36,,0,3,5,0.866,0,719,0.4963,929.4,816,0,0.05,0.73762,-15.90766,74000,951.8
75,1000,170.2343,18,0.36,,0,3,5,0.866,0,127,0.6627,1073.5,988,0,0.05,0.691852,-15.804474,75000,965.1
76,1000,162.7408,19,0.38,,0,4,5,0.433,0,523,0.6232,832.9,451,0,0.05,0.893639,-16.529684,76000,978.5
77,1000,146.1111,17,0.34,,0,3,5,0.8292,0,481,0.5623,1054.4,477,0,0.05,0.471096,-15.577059,77000,991.7
78,1000,136.6721,17,0.34,,0,3,5,0.8292,0,262,0.667,1010.0,717,0,0.05,0.994536,-15.00436,78000,1005.3
79,1000,183.2092,20,0.4,,0,5,5,0.0,0,207,0.6737,1022.0,600,0,0.05,0.445771,-15.147177,79000,1018.5
80,1000,172.7848,20,0.4,,0,5,5,0.0,0,64,0.659,1050.2,713,0,0.05,1.123539,-16.548149,80000,1031.9
81,1000,177.9345,20,0.4,,0,5,5,0.0,0,318,0.629,1045.6,663,0,0.05,0.750902,-15.936586,81000,1045.4
82,1000,173.3463,19,0.38,,0,4,5,0.433,0,198,0.6288,999.8,695,0,0.05,0.401816,-15.772245,82000,1058.2
83,1000,163.2909,18,0.36,,0,3,5,0.866,0,209,0.5383,1013.2,976,0,0.05,0.853082,-15.859463,83000,1072.1
84,1000,105.6899,14,0.28,,0,1,5,1.6583,0,270,0.5413,1073.5,521,0,0.05,0.410884,-17.351376,84000,1085.5
85,1000,101.936,13,0.26,,0,1,5,1.7854,0,107,0.6883,1038.3,432,0,0.05,0.66418,-17.045761,85000,1098.6
86,1000,156.9155,17,0.34,,0,2,5,1.299,0,93,0.639,1031.6,914,0,0.05,0.982376,-16.534819,86000,1111.9
87,1000,98.3556,14,0.28,,0,1,5,1.6583,0,257,0.666,966.0,941,0,0.05,0.878426,-16.24139,87000,1125.0
88,1000,183.7005,20,0.4,,0,5,5,0.0,0,129,0.678,856.5,645,0,0.05,0.588779,-17.699387,88000,1138.4
89,1000,106.0067,14,0.28,,0,1,5,1.6583,0,386,0.6753,841.9,799,0,0.05,0.531925,-17.547894,89000,1151.3
90,1000,118.4508,14,0.28,,0,2,5,1.5,0,565,0.6595,829.3,924,0,0.05,0.699237,-16.519421,90000,1164.8
91,1000,128.4243,16,0.32,,0,1,5,1.7321,0,152,0.6605,992.0,571,0,0.05,0.52628,-16.555784,91000,1178.5
92,1000,137.7905,16,0.32,,0,1,5,1.7321,0,205,0.666,904.8,952,0,0.05,0.449073,-17.625198,92000,1191.6
93,1000,145.5955,16,0.32,,0,3,5,1.0,0,244,0.668,940.9,768,0,0.05,0.716443,-17.319489,93000,1205.4
94,1000,133.2389,15,0.3,,1,0,5,2.1651,0,228,0.6713,842.7,418,0,0.05,0.55744,-18.078671,94000,1218.4
95,1000,164.7377,18,0.36,,0,4,5,0.5,0,178,0.6458,805.4,825,0,0.05,0.822295,-18.248011,95000,1231.7
96,1000,158.6638,18,0.36,,0,3,5,0.866,0,275,0.5457,1059.0,837,0,0.05,0.614896,-19.080307,96000,1245.2
97,1000,182.7048,20,0.4,,0,5,5,0.0,0,362,0.678,1073.5,936,0,0.05,0.878287,-17.36322,97000,1259.0
98,1000,171.8545,18,0.36,,0,4,5,0.5,0,34,0.5115,1042.3,713,0,0.05,0.444516,-17.054295,98000,1272.6
99,1000,140.727,16,0.32,,0,2,5,1.2247,0,278,0.6122,976.2,779,0,0.05,0.803443,-18.593386,99000,1286.9
100,1000,159.6414,17,0.34,,0,3,5,0.8292,0,166,0.6833,1013.3,834,0,0.05,0.561531,-18.167583,100000,1299.1
101,1000,169.0402,18,0.36,,0,3,5,0.866,0,288,0.6168,963.1,789,0,0.05,0.498189,-17.700954,101000,1326.8
102,1000,160.6747,18,0.36,,0,4,5,0.5,0,2,0.699,1073.5,771,0,0.05,0.810986,-17.426411,102000,1339.5
103,1000,165.1954,19,0.38,,0,4,5,0.433,0,295,0.6633,917.4,712,0,0.05,0.447546,-17.635811,103000,1353.6
104,1000,158.5532,18,0.36,,0,3,5,0.866,0,109,0.6475,954.6,917,0,0.05,0.740494,-17.389904,104000,1367.5
105,1000,161.5576,18,0.36,,0,3,5,0.866,0,178,0.4203,920.9,759,0,0.05,0.506407,-17.264738,105000,1381.1
106,1000,141.9586,16,0.32,,0,3,5,1.0,0,215,0.498,980.0,795,0,0.05,0.554216,-16.933353,106000,1394.3
107,1000,158.2231,18,0.36,,0,3,5,0.866,0,170,0.673,921.5,853,0,0.05,0.689964,-17.052382,107000,1407.7
108,1000,121.953,14,0.28,,0,1,5,1.6583,0,476,0.6823,961.0,874,0,0.05,0.643529,-16.918388,108000,1421.6
109,1000,137.8218,16,0.32,,0,3,5,1.0,0,526,0.4515,916.7,969,0,0.05,0.572254,-18.054264,109000,1434.4
110,1000,158.589,18,0.36,,0,3,5,0.866,0,535,0.6252,909.1,895,0,0.05,0.868484,-17.230793,110000,1447.8
111,1000,155.8822,18,0.36,,0,4,5,0.5,0,429,0.614,972.4,560,0,0.05,0.584503,-18.263094,111000,1460.6
112,1000,180.3511,19,0.38,,0,4,5,0.433,0,232,0.6428,1031.4,882,0,0.05,0.867472,-18.819334,112000,1473.7
113,1000,150.4625,17,0.34,,0,3,5,0.8292,0,170,0.5445,842.3,737,0,0.05,0.680623,-16.595528,113000,1487.0
114,1000,165.3586,19,0.38,,0,4,5,0.433,0,422,0.6637,970.4,722,0,0.05,1.122096,-18.357639,114000,1500.4
115,1000,171.7597,18,0.36,,0,3,5,0.866,0,86,0.6065,956.0,696,0,0.05,0.699641,-19.94454,115000,1513.7
116,1000,180.1735,20,0.4,,0,5,5,0.0,0,166,0.6665,915.0,986,0,0.05,0.745386,-17.122108,116000,1527.0
117,1000,153.2424,18,0.36,,0,3,5,0.866,0,331,0.5743,1043.0,891,0,0.05,0.861424,-18.467737,117000,1540.4
118,1000,190.2888,20,0.4,,0,5,5,0.0,0,45,0.6643,933.9,611,0,0.05,0.647308,-19.977839,118000,1553.7
119,1000,133.0653,15,0.3,,0,2,5,1.299,0,133,0.6657,970.1,505,0,0.05,0.368489,-19.083799,119000,1567.1
120,1000,166.32,18,0.36,,0,4,5,0.5,0,254,0.6837,972.5,858,0,0.05,0.548351,-18.215126,120000,1580.4
121,1000,162.096,18,0.36,,0,4,5,0.5,0,303,0.6028,1054.7,845,0,0.05,0.704322,-20.049265,121000,1593.9
122,1000,163.9746,18,0.36,,0,3,5,0.866,0,302,0.5188,1004.9,553,0,0.05,0.814028,-20.424137,122000,1607.4
123,1000,120.4865,14,0.28,,1,0,5,2.0616,0,457,0.6783,905.5,672,0,0.05,0.373209,-18.674139,123000,1621.0
124,1000,179.8573,20,0.4,,0,5,5,0.0,0,147,0.483,808.9,806,0,0.05,0.796808,-19.582787,124000,1634.1
125,1000,153.179,18,0.36,,0,3,5,0.866,0,719,0.5895,1073.5,929,0,0.05,0.93006,-19.596821,125000,1647.2
126,1000,151.993,17,0.34,,0,3,5,0.8292,0,335,0.6595,1058.8,995,0,0.05,0.57408,-19.033691,126000,1660.9
127,1000,120.0056,14,0.28,,0,1,5,1.6583,0,687,0.661,922.9,997,0,0.05,0.644634,-17.866747,127000,1674.1
128,1000,154.0423,18,0.36,,0,4,5,0.5,0,505,0.5272,998.3,997,0,0.05,0.57237,-19.481153,128000,1687.3
129,1000,153.7158,18,0.36,,0,4,5,0.5,0,609,0.4925,1042.4,726,0,0.05,0.656789,-18.236397,129000,1700.7
130,1000,169.9556,19,0.38,,0,4,5,0.433,0,197,0.671,953.1,345,0,0.05,0.781335,-19.359291,130000,1714.5
131,1000,162.7356,18,0.36,,0,3,5,0.866,0,433,0.659,959.8,839,0,0.05,0.776817,-19.806358,131000,1727.5
132,1000,142.9833,16,0.32,,0,2,5,1.2247,0,164,0.4785,854.7,693,0,0.05,0.789236,-18.937119,132000,1741.1
133,1000,172.4463,18,0.36,,0,3,5,0.866,0,75,0.5597,1062.9,985,0,0.05,0.820276,-20.213146,133000,1754.4
134,1000,171.782,19,0.38,,0,4,5,0.433,0,0,0.5325,932.4,882,0,0.05,0.999565,-19.321392,134000,1767.4
135,1000,143.3186,16,0.32,,0,3,5,0.7071,0,305,0.5857,960.6,993,0,0.05,0.498027,-19.358776,135000,1780.6
136,1000,169.4463,18,0.36,,0,3,5,0.866,0,161,0.576,1006.4,489,0,0.05,0.838616,-20.480007,136000,1794.1
137,1000,136.6977,15,0.3,,0,2,5,1.299,0,66,0.5935,1052.4,960,0,0.05,0.593796,-19.494514,137000,1807.4
138,1000,146.2778,16,0.32,,0,3,5,1.0,0,193,0.6703,1019.2,757,0,0.05,0.445044,-19.928551,138000,1821.2
139,1000,149.2322,17,0.34,,0,3,5,0.8292,0,117,0.68,1027.5,710,0,0.05,0.427103,-19.783211,139000,1835.0
140,1000,186.3506,20,0.4,,0,5,5,0.0,0,88,0.676,947.7,693,0,0.05,0.837576,-21.230076,140000,1847.8
141,1000,171.7502,19,0.38,,0,4,5,0.433,0,232,0.4708,978.5,964,0,0.05,0.682685,-19.486731,141000,1860.9
142,1000,136.9423,16,0.32,,0,2,5,1.2247,0,519,0.6478,1013.8,891,0,0.05,0.759246,-19.313314,142000,1873.9
143,1000,189.7828,20,0.4,,0,5,5,0.0,0,80,0.6395,999.4,325,0,0.05,0.74503,-21.306797,143000,1887.3
144,1000,154.6866,17,0.34,,0,3,5,0.8292,0,70,0.5268,1073.5,788,0,0.05,0.727576,-19.54097,144000,1900.5
145,1000,153.4356,17,0.34,,0,4,5,0.433,0,31,0.49,954.5,508,0,0.05,0.596342,-20.136608,145000,1913.7
146,1000,148.1891,17,0.34,,0,2,5,1.299,0,239,0.678,1026.1,976,0,0.05,0.61008,-19.948828,146000,1927.2
147,1000,157.2837,17,0.34,,0,3,5,0.8292,0,192,0.6733,941.0,666,0,0.05,0.596179,-20.317152,147000,1940.5
148,1000,173.3279,19,0.38,,0,4,5,0.433,0,193,0.6687,1026.3,875,0,0.05,0.612942,-20.223684,148000,1953.4
149,1000,174.6679,19,0.38,,0,4,5,0.433,0,347,0.6755,1073.5,903,0,0.05,1.281149,-20.259974,149000,1966.3
150,1000,175.2024,20,0.4,,0,5,5,0.0,0,153,0.6488,902.2,586,0,0.05,0.56956,-21.301586,150000,1979.5
151,1000,157.486,17,0.34,,0,3,5,0.8292,0,197,0.4843,996.8,825,0,0.05,0.405433,-20.322077,151000,2008.0
152,1000,150.462,17,0.34,,0,3,5,0.8292,0,269,0.6673,1073.5,856,0,0.05,0.904024,-20.436806,152000,2020.6
153,1000,172.0909,20,0.4,,0,5,5,0.0,0,95,0.642,833.9,961,0,0.05,0.439439,-20.014324,153000,2031.8
154,1000,182.6555,19,0.38,,0,4,5,0.433,0,207,0.6425,1073.5,955,0,0.05,0.428757,-20.853994,154000,2044.7
155,1000,180.9638,20,0.4,,0,5,5,0.0,0,241,0.6683,1013.4,513,0,0.05,0.58379,-19.774246,155000,2057.6
156,1000,127.95,16,0.32,,0,2,5,1.2247,0,108,0.3845,835.9,898,0,0.05,0.476269,-20.341597,156000,2071.1
157,1000,151.8104,17,0.34,,0,2,5,1.299,0,154,0.654,1070.7,661,0,0.05,0.311463,-20.733608,157000,2084.2
158,1000,173.5388,19,0.38,,0,4,5,0.433,0,81,0.692,846.2,938,0,0.05,0.616108,-19.969921,158000,2097.4
159,1000,144.6742,17,0.34,,0,2,5,1.299,0,259,0.5128,1061.2,756,0,0.05,0.924472,-19.790836,159000,2110.5
160,1000,175.2957,19,0.38,,0,4,5,0.433,0,63,0.5948,956.8,886,0,0.05,0.816035,-20.193913,160000,2123.7
161,1000,173.5415,20,0.4,,0,5,5,0.0,0,455,0.645,997.3,961,0,0.05,1.23647,-20.990578,161000,2136.9
162,1000,161.5399,19,0.38,,0,4,5,0.433,0,138,0.6088,1018.7,921,0,0.05,1.319027,-21.176725,162000,2150.4
163,1000,175.197,20,0.4,,0,5,5,0.0,0,66,0.6208,867.1,931,0,0.05,0.561383,-19.878876,163000,2163.8
164,1000,196.5953,20,0.4,,0,5,5,0.0,0,92,0.6282,1053.5,674,0,0.05,0.422023,-20.205511,164000,2177.2
165,1000,112.8852,15,0.3,,0,1,5,1.6394,0,414,0.6647,1006.8,820,0,0.05,0.617984,-20.659849,165000,2191.0
166,1000,169.1784,19,0.38,,0,4,5,0.433,0,219,0.6178,1032.1,932,0,0.05,0.897291,-20.843597,166000,2203.9
167,1000,183.7453,17,0.34,,0,4,5,0.433,1,103,0.5853,1038.8,611,0,0.05,0.415622,-20.589798,167000,2217.1
168,1000,153.8031,17,0.34,,0,3,5,0.8292,0,112,0.6395,1046.7,980,0,0.05,0.444544,-19.880795,168000,2231.1
169,1000,175.7182,20,0.4,,0,5,5,0.0,0,114,0.6338,1000.7,606,0,0.05,0.629907,-20.232254,169000,2245.0
170,1000,180.5903,20,0.4,,0,5,5,0.0,0,48,0.6505,902.3,627,0,0.05,0.599524,-21.238052,170000,2258.2
171,1000,184.8488,20,0.4,,0,5,5,0.0,0,15,0.6408,966.6,804,0,0.05,1.370286,-20.763206,171000,2271.5
172,1000,207.789,19,0.38,,0,1,8,2.4875,1,182,0.5583,1020.5,881,0,0.05,0.282317,-19.588465,172000,2284.3
173,1000,169.8365,19,0.38,,0,4,5,0.433,0,56,0.6178,975.9,519,0,0.05,0.370636,-20.368946,173000,2297.7
174,1000,165.5984,19,0.38,,0,4,5,0.433,0,24,0.5527,1003.6,622,0,0.05,1.012335,-20.292192,174000,2310.5
175,1000,161.4617,18,0.36,,0,4,5,0.5,0,72,0.6765,1073.5,658,0,0.05,0.941925,-21.371574,175000,2323.9
176,1000,161.6637,18,0.36,,0,3,5,0.866,0,279,0.4253,955.7,834,0,0.05,0.806026,-21.001795,176000,2337.0
177,1000,157.35,18,0.36,,0,3,5,0.866,0,342,0.6135,834.1,913,0,0.05,1.179966,-20.700027,177000,2350.4
178,1000,165.6365,20,0.4,,0,5,5,0.0,0,93,0.574,899.7,683,0,0.05,0.371868,-19.971821,178000,2364.0
179,1000,184.2205,20,0.4,,0,5,5,0.0,0,106,0.6162,965.5,914,0,0.05,0.901737,-20.172361,179000,2376.9
180,1000,185.0109,20,0.4,,0,5,5,0.0,0,191,0.45,901.3,490,0,0.05,0.787496,-20.784771,180000,2390.2
181,1000,158.8941,18,0.36,,0,3,5,0.866,0,236,0.5015,990.0,598,0,0.05,0.498024,-20.033314,181000,2404.2
182,1000,152.976,18,0.36,,0,3,5,0.866,0,341,0.3723,1073.5,657,0,0.05,0.851643,-20.325512,182000,2417.6
183,1000,154.2146,19,0.38,,0,4,5,0.433,0,212,0.6158,963.5,781,0,0.05,0.567702,-20.54845,183000,2430.8
184,1000,165.3162,20,0.4,,0,5,5,0.0,0,88,0.458,815.3,588,0,0.05,0.835818,-20.233475,184000,2444.0
185,1000,172.8175,20,0.4,,0,5,5,0.0,0,114,0.584,820.8,816,0,0.05,0.85727,-20.475065,185000,2457.5
186,1000,172.484,19,0.38,,0,4,5,0.433,0,108,0.4667,893.2,363,0,0.05,0.407673,-19.98476,186000,2471.1
187,1000,162.6217,19,0.38,,0,4,5,0.433,0,489,0.6803,845.2,883,0,0.05,0.499567,-21.449009,187000,2484.7
188,1000,137.4682,16,0.32,,0,1,5,1.7321,0,179,0.4582,975.7,845,0,0.05,0.718117,-20.473232,188000,2498.5
189,1000,175.3254,20,0.4,,0,5,5,0.0,0,292,0.6613,949.0,875,0,0.05,0.725104,-20.403994,189000,2511.9
190,1000,181.529,20,0.4,,0,5,5,0.0,0,149,0.486,813.4,567,0,0.05,1.121565,-19.94482,190000,2525.6
191,1000,186.3404,20,0.4,,0,5,5,0.0,0,208,0.678,965.6,841,0,0.05,0.497674,-20.713333,191000,2538.9
192,1000,179.7225,20,0.4,,0,5,5,0.0,0,149,0.6385,974.3,942,0,0.05,0.634691,-21.01783,192000,2552.6
193,1000,179.2966,20,0.4,,0,5,5,0.0,0,271,0.654,1019.4,580,0,0.05,1.202328,-20.438641,193000,2565.7
194,1000,145.0123,18,0.36,,0,4,5,0.5,0,146,0.6095,1068.5,905,0,0.05,0.865662,-19.299435,194000,2579.0
195,1000,160.2168,19,0.38,,0,4,5,0.433,0,264,0.65,987.3,974,0,0.05,0.890504,-20.419773,195000,2592.2
196,1000,188.6366,20,0.4,,0,5,5,0.0,0,115,0.5477,948.2,372,0,0.05,0.916709,-19.922701,196000,2605.3
197,1000,172.418,19,0.38,,0,4,5,0.433,0,317,0.5857,811.3,935,0,0.05,0.814076,-19.481003,197000,2618.7
198,1000,174.1932,19,0.38,,0,4,5,0.433,0,19,0.5667,954.1,794,0,0.05,0.935824,-20.525026,198000,2632.4
199,1000,189.8786,20,0.4,,0,5,5,0.0,0,171,0.5667,964.7,618,0,0.05,0.648079,-20.703728,199000,2646.2
200,1000,174.2236,19,0.38,,0,4,5,0.433,0,147,0.621,967.2,604,0,0.05,0.655383,-21.087688,200000,2659.6
201,1000,171.7578,20,0.4,,0,5,5,0.0,0,124,0.649,1008.4,842,0,0.05,0.628391,-20.642975,201000,2687.9
202,1000,178.485,20,0.4,,0,5,5,0.0,0,216,0.5733,952.4,466,0,0.05,0.630385,-20.486435,202000,2700.8
203,1000,101.9599,13,0.26,,0,1,5,1.479,0,380,0.6845,978.0,943,0,0.05,0.685849,-21.071573,203000,2713.6
204,1000,176.9718,20,0.4,,0,5,5,0.0,0,76,0.6535,910.9,934,0,0.05,0.314622,-20.800518,204000,2726.1
205,1000,167.5969,18,0.36,,0,3,5,0.866,0,114,0.6122,942.6,630,0,0.05,0.424762,-21.690681,205000,2740.2
206,1000,172.9737,19,0.38,,0,4,5,0.433,0,181,0.538,1000.7,501,0,0.05,0.890085,-21.318474,206000,2753.8
207,1000,190.4594,20,0.4,,0,5,5,0.0,0,33,0.5375,836.8,937,0,0.05,0.838561,-20.768536,207000,2766.7
208,1000,192.5556,20,0.4,,0,5,5,0.0,0,7,0.54,886.6,377,0,0.05,0.872077,-20.60265,208000,2779.4
209,1000,180.9463,20,0.4,,0,5,5,0.0,0,186,0.5463,873.0,616,0,0.05,1.016559,-20.957447,209000,2792.3
210,1000,175.3123,19,0.38,,0,4,5,0.433,0,290,0.6923,952.7,976,0,0.05,0.838758,-20.960054,210000,2805.7
211,1000,184.6743,20,0.4,,0,5,5,0.0,0,248,0.647,955.3,799,0,0.05,0.476941,-21.315109,211000,2818.8
212,1000,156.3168,19,0.38,,0,4,5,0.433,0,128,0.6675,981.1,937,0,0.05,0.586385,-22.306297,212000,2832.2
213,1000,182.717,20,0.4,,0,5,5,0.0,0,28,0.5122,824.1,463,0,0.05,1.014907,-20.450968,213000,2845.3
214,1000,185.114,20,0.4,,0,5,5,0.0,0,279,0.6877,974.3,732,0,0.05,0.640274,-20.54933,214000,2858.9
215,1000,119.8375,15,0.3,,0,1,5,1.6394,0,451,0.672,1073.5,925,0,0.05,0.871728,-20.500374,215000,2872.5
216,1000,118.5853,16,0.32,,0,3,5,1.0,0,919,0.6587,1046.9,492,0,0.05,1.240756,-21.258102,216000,2886.4
217,1000,105.1266,14,0.28,,0,2,5,1.5,0,437,0.6495,1018.7,769,0,0.05,0.620181,-21.298992,217000,2899.6
218,1000,179.5246,20,0.4,,0,5,5,0.0,0,402,0.664,1060.2,785,0,0.05,0.606257,-20.769783,218000,2912.7
219,1000,116.6119,14,0.28,,0,2,5,1.118,0,687,0.6755,1061.8,469,0,0.05,0.403085,-20.262737,219000,2925.8
220,1000,143.8762,18,0.36,,0,3,5,0.866,0,249,0.5995,985.0,501,0,0.05,0.932485,-20.549473,220000,2939.3
221,1000,212.6352,19,0.38,,0,4,5,0.433,1,57,0.4795,1016.7,986,0,0.05,0.789642,-20.79464,221000,2952.6
222,1000,252.6977,23,0.46,,0,5,8,1.299,1,9,0.4338,865.2,973,0,0.05,0.652139,-22.290253,222000,2965.6
223,1000,172.0771,19,0.38,,0,4,5,0.433,0,142,0.6165,970.2,188,0,0.05,0.623102,-22.086452,223000,2978.9
224,1000,192.7212,20,0.4,,0,5,5,0.0,0,37,0.6092,892.4,636,0,0.05,0.739475,-21.553684,224000,2992.5
225,1000,229.6736,21,0.42,,0,5,6,0.433,1,186,0.5787,1049.2,771,0,0.05,0.576765,-21.002285,225000,3006.0
226,1000,141.0556,16,0.32,,0,2,5,1.2247,0,278,0.666,985.8,407,0,0.05,0.893283,-20.317825,226000,3019.1
227,1000,134.7746,15,0.3,,0,3,5,0.8292,0,138,0.6845,1028.1,985,0,0.05,0.655629,-22.238008,227000,3034.0
228,1000,190.6096,20,0.4,,0,5,5,0.0,0,277,0.585,923.9,983,0,0.05,0.484483,-19.966806,228000,3047.7
229,1000,140.9498,16,0.32,,0,1,5,1.7321,0,96,0.6853,989.0,826,0,0.05,0.636556,-21.589588,229000,3060.5
230,1000,155.3438,17,0.34,,0,2,5,1.299,0,357,0.6635,1073.5,900,0,0.05,0.782046,-21.86832,230000,3073.6
231,1000,191.4479,19,0.38,,0,4,5,0.433,1,198,0.5978,1031.4,608,0,0.05,0.674859,-21.261318,231000,3086.8
232,1000,151.4434,18,0.36,,0,3,5,0.866,0,380,0.6843,1073.5,625,0,0.05,0.804359,-21.815031,232000,3100.2
233,1000,199.3583,20,0.4,,0,5,5,0.0,0,49,0.336,888.5,355,0,0.05,0.654385,-21.970499,233000,3113.9
234,1000,156.2506,17,0.34,,0,3,5,0.8292,0,188,0.6967,1026.2,596,0,0.05,0.807314,-23.553761,234000,3127.3
235,1000,188.1304,20,0.4,,0,5,5,0.0,0,132,0.4108,977.1,619,0,0.05,0.404828,-21.666073,235000,3140.3
236,1000,195.1076,20,0.4,,0,5,5,0.0,0,165,0.4385,841.8,403,0,0.05,0.447917,-22.346462,236000,3153.3
237,1000,87.6695,13,0.26,,0,2,4,0.8292,0,429,0.6943,1073.5,447,0,0.05,0.707386,-21.042389,237000,3166.7
238,1000,175.3534,19,0.38,,0,4,5,0.433,0,221,0.62,990.2,705,0,0.05,0.822256,-22.199694,238000,3180.1
239,1000,186.3537,20,0.4,,0,5,5,0.0,0,101,0.4012,1013.0,657,0,0.05,0.304259,-21.665636,239000,3193.6
240,1000,143.6887,17,0.34,,0,2,5,1.299,0,85,0.6198,971.2,557,0,0.05,0.362307,-21.973446,240000,3207.3
241,1000,124.5771,16,0.32,,0,2,5,1.2247,0,391,0.6855,1060.3,949,0,0.05,0.751871,-21.18087,241000,3220.7
242,1000,185.5168,20,0.4,,0,5,5,0.0,0,129,0.5198,834.1,903,0,0.05,0.70356,-22.780876,242000,3233.8
243,1000,233.4984,21,0.42,,0,4,7,1.0897,1,114,0.5583,1017.6,922,0,0.05,1.087342,-21.240643,243000,3247.7
244,1000,130.6371,17,0.34,,0,3,5,0.8292,0,167,0.6847,1073.5,443,0,0.05,0.600357,-22.094461,244000,3260.7
245,1000,137.7108,15,0.3,,1,0,5,2.1651,0,376,0.537,1012.7,471,0,0.05,0.266065,-21.154629,245000,3273.9
246,1000,184.0403,20,0.4,,0,5,5,0.0,0,97,0.4698,951.4,548,0,0.05,0.824202,-21.180878,246000,3287.0
247,1000,168.5198,19,0.38,,0,4,5,0.433,0,312,0.6845,1073.5,995,0,0.05,0.500062,-22.225218,247000,3300.2
248,1000,186.1396,20,0.4,,0,5,5,0.0,0,376,0.6773,958.9,877,0,0.05,0.515499,-22.32485,248000,3313.9
249,1000,265.8601,20,0.4,,0,5,5,0.0,2,123,0.601,1036.8,783,0,0.05,0.634191,-21.9692,249000,3326.8
250,1000,164.5416,18,0.36,,0,3,5,0.866,0,219,0.6693,1061.1,730,0,0.05,1.096904,-21.685141,250000,3340.4
251,1000,281.1328,24,0.48,,0,5,9,1.7321,1,75,0.4442,998.3,901,0,0.05,0.384379,-21.172035,251000,3369.1
252,1000,188.6687,20,0.4,,0,5,5,0.0,0,144,0.5212,879.4,392,0,0.05,0.696916,-21.991837,252000,3382.3
253,1000,142.8036,16,0.32,,0,1,5,1.7321,0,69,0.5218,1008.5,271,0,0.05,0.498737,-22.674732,253000,3395.6
254,1000,155.5845,18,0.36,,0,3,5,0.866,0,627,0.6843,1030.8,428,0,0.05,0.418006,-22.661592,254000,3409.1
255,1000,246.7306,22,0.44,,0,5,7,0.866,1,88,0.3748,1027.8,953,0,0.05,0.477357,-21.982288,255000,3420.9
256,1000,173.232,20,0.4,,0,5,5,0.0,0,215,0.5955,991.0,948,0,0.05,0.336775,-21.93885,256000,3433.4
257,1000,151.4095,18,0.36,,0,3,5,0.866,0,375,0.6843,1003.1,994,0,0.05,0.329041,-21.953796,257000,3446.2
258,1000,283.0026,22,0.44,,0,5,7,0.866,2,93,0.511,968.5,968,0,0.05,0.972907,-23.734205,258000,3459.6
259,1000,159.0516,17,0.34,,0,2,5,1.299,0,133,0.5495,991.0,704,0,0.05,0.294481,-23.019361,259000,3472.5
260,1000,103.293,14,0.28,,0,2,5,1.118,0,641,0.6877,1041.6,193,0,0.05,0.790703,-23.722969,260000,3485.8
261,1000,194.768,20,0.4,,0,5,5,0.0,0,70,0.547,896.7,746,0,0.05,0.830895,-23.477789,261000,3499.6
262,1000,181.6567,17,0.34,,0,3,6,1.0897,1,149,0.4032,722.1,868,0,0.05,0.472169,-21.594212,262000,3513.6
263,1000,101.4594,14,0.28,,0,2,5,1.5,0,366,0.6815,1018.7,673,0,0.05,0.425254,-22.810806,263000,3527.3
264,1000,190.6554,20,0.4,,0,5,5,0.0,0,98,0.5002,902.4,796,0,0.05,0.742496,-23.550877,264000,3540.6
265,1000,122.7625,14,0.28,,0,1,5,1.6583,0,339,0.669,1041.7,868,0,0.05,0.627218,-24.433252,265000,3554.7
266,1000,137.9973,15,0.3,,1,0,5,2.1651,0,340,0.6268,1071.1,534,0,0.05,0.409942,-21.500498,266000,3567.8
267,1000,164.1506,18,0.36,,0,3,5,0.866,0,64,0.5517,959.2,277,0,0.05,1.252324,-23.408192,267000,3580.8
268,1000,132.0296,15,0.3,,0,2,5,1.0897,0,157,0.6777,1073.5,508,0,0.05,0.449318,-22.314592,268000,3593.7
269,1000,252.9015,22,0.44,,0,5,7,0.866,1,138,0.4565,961.3,917,0,0.05,0.517036,-22.951395,269000,3606.8
270,1000,178.2471,20,0.4,,0,5,5,0.0,0,242,0.663,901.0,847,0,0.05,0.363526,-23.664684,270000,3619.7
271,1000,92.9605,12,0.24,,0,1,5,1.5811,0,747,0.6937,1073.5,407,0,0.05,0.337297,-22.610394,271000,3632.9
272,1000,150.1311,18,0.36,,0,4,5,0.5,0,360,0.666,1035.9,766,0,0.05,0.454154,-24.573238,272000,3646.4
273,1000,142.4576,17,0.34,,0,2,5,1.299,0,471,0.6717,1073.5,226,0,0.05,0.522632,-22.456814,273000,3659.7
274,1000,145.2923,17,0.34,,0,2,5,1.299,0,367,0.6667,994.7,827,0,0.05,0.434683,-24.164062,274000,3672.9
275,1000,320.9972,23,0.46,,0,4,7,1.299,3,269,0.4993,979.2,993,0,0.05,0.694051,-24.907492,275000,3685.9
276,1000,220.4209,20,0.4,,0,5,5,0.0,1,44,0.3202,875.4,790,0,0.05,0.736532,-24.487583,276000,3699.2
277,1000,178.7531,19,0.38,,0,4,5,0.433,0,135,0.5557,913.6,668,0,0.05,0.753356,-24.060623,277000,3712.7
278,1000,101.4134,13,0.26,,0,1,5,1.479,0,380,0.692,1036.5,700,0,0.05,0.901835,-22.880974,278000,3726.4
279,1000,140.513,18,0.36,,0,4,5,0.5,0,423,0.6737,962.6,874,0,0.05,0.562188,-24.379271,279000,3740.6
280,1000,245.3676,20,0.4,,0,4,6,0.7071,2,213,0.463,970.2,995,0,0.05,0.260882,-22.755194,280000,3753.6
281,1000,136.3756,16,0.32,,0,2,5,1.2247,0,313,0.6805,1009.6,938,0,0.05,0.611593,-23.918386,281000,3766.6
282,1000,187.2316,20,0.4,,0,5,5,0.0,0,216,0.5008,880.0,866,0,0.05,0.629359,-24.278952,282000,3780.1
283,1000,202.4753,20,0.4,,0,5,5,0.0,1,215,0.3738,759.4,458,0,0.05,0.387414,-24.503023,283000,3793.8
284,1000,99.7384,14,0.28,,0,2,5,1.118,0,1204,0.6935,1021.2,377,0,0.05,0.659744,-25.380901,284000,3806.8
285,1000,179.4636,20,0.4,,0,5,5,0.0,0,162,0.4617,976.2,761,0,0.05,0.459465,-24.767849,285000,3820.2
286,1000,221.9575,20,0.4,,0,5,5,0.0,1,64,0.4037,982.2,467,0,0.05,0.335884,-24.172821,286000,3833.4
287,1000,256.4306,23,0.46,,0,5,8,1.299,1,14,0.431,930.1,954,0,0.05,0.638168,-24.5336,287000,3846.8
288,1000,169.4997,19,0.38,,0,4,5,0.433,0,176,0.6695,848.4,548,0,0.05,0.477912,-24.284286,288000,3860.0
289,1000,157.5231,17,0.34,,0,2,5,1.299,0,268,0.6262,1073.5,323,0,0.05,0.756698,-25.131256,289000,3873.4
290,1000,196.9061,18,0.36,,0,3,5,0.866,1,131,0.3267,1045.1,457,0,0.05,0.383806,-24.360283,290000,3886.8
291,1000,161.3599,18,0.36,,0,4,5,0.5,0,391,0.6282,1073.5,929,0,0.05,0.486805,-24.255161,291000,3900.0
292,1000,162.0686,18,0.36,,0,4,5,0.5,0,358,0.624,957.6,998,0,0.05,0.506132,-24.415386,292000,3913.1
293,1000,220.9642,20,0.4,,0,5,5,0.0,1,70,0.3262,963.7,436,0,0.05,0.208926,-23.730829,293000,3926.7
294,1000,161.105,17,0.34,,0,3,5,0.8292,0,173,0.5813,1010.9,750,0,0.05,0.788484,-24.446815,294000,3940.5
295,1000,230.6286,20,0.4,,0,5,5,0.0,1,166,0.4123,817.0,707,0,0.05,0.265458,-23.526167,295000,3955.2
296,1000,226.4401,20,0.4,,0,5,5,0.0,1,298,0.5593,1073.5,887,0,0.05,0.478214,-25.534719,296000,3969.2
297,1000,228.487,20,0.4,,0,5,5,0.0,1,237,0.4823,847.6,722,0,0.05,1.407088,-24.982031,297000,3982.1
298,1000,291.6199,20,0.4,,0,5,5,0.0,3,157,0.3598,959.2,750,0,0.05,0.692522,-24.962894,298000,3995.3
299,1000,250.684,19,0.38,,0,4,5,0.433,2,110,0.5383,1011.0,788,0,0.05,0.571148,-24.416565,299000,4008.4
300,1000,249.7871,19,0.38,,0,4,5,0.433,2,246,0.4785,1056.8,755,0,0.05,0.98642,-25.380297,300000,4021.6
301,1000,225.4609,20,0.4,,0,5,5,0.0,1,117,0.426,807.3,688,0,0.05,0.33062,-24.579327,301000,4050.4
302,1000,266.2083,20,0.4,,0,5,5,0.0,2,29,0.4427,1073.5,971,0,0.05,0.971273,-23.757305,302000,4063.6
303,1000,212.1083,19,0.38,,0,4,5,0.433,1,103,0.3802,1005.4,751,0,0.05,0.359847,-24.981304,303000,4076.5
304,1000,156.8714,17,0.34,,0,2,5,1.299,0,113,0.6308,1048.5,713,0,0.05,0.453593,-25.035305,304000,4089.4
305,1000,201.3004,19,0.38,,0,4,5,0.433,1,98,0.563,865.6,880,0,0.05,0.326405,-25.070061,305000,4101.2
306,1000,319.3211,22,0.44,,0,5,6,0.5,3,103,0.385,994.2,977,0,0.05,0.449187,-24.63633,306000,4113.8
307,1000,172.7899,19,0.38,,0,4,5,0.433,0,204,0.4672,955.7,773,0,0.05,0.326991,-25.117868,307000,4127.0
308,1000,140.2704,18,0.36,,0,4,5,0.5,0,129,0.41,759.5,613,0,0.05,1.226459,-23.919981,308000,4140.3
309,1000,255.7109,20,0.4,,0,5,5,0.0,2,39,0.235,786.7,740,0,0.05,0.668503,-25.455883,309000,4153.2
310,1000,174.0847,18,0.36,,0,4,5,0.5,0,26,0.432,918.0,364,0,0.05,0.95008,-24.58914,310000,4166.3
311,1000,280.2229,21,0.42,,0,5,6,0.433,2,125,0.4758,893.7,937,0,0.05,0.383672,-24.316151,311000,4180.0
312,1000,134.2517,16,0.32,,0,3,5,1.0,0,496,0.5222,1073.5,834,0,0.05,0.716272,-24.967897,312000,4193.3
313,1000,281.7314,24,0.48,,0,5,9,1.7321,1,146,0.48,970.9,958,0,0.05,0.654852,-24.488953,313000,4206.6
314,1000,259.0331,21,0.42,,0,4,6,0.8292,2,149,0.3563,841.3,907,0,0.05,0.533275,-24.471891,314000,4220.0
315,1000,228.8265,20,0.4,,0,4,6,0.7071,1,195,0.4487,953.2,867,0,0.05,0.59731,-24.403582,315000,4233.2
316,1000,287.0637,20,0.4,,0,4,6,0.7071,3,124,0.3872,882.2,992,0,0.05,0.970934,-24.74205,316000,4246.5
317,1000,290.4806,20,0.4,,0,5,5,0.0,3,151,0.3665,858.3,569,0,0.05,0.79628,-24.162907,317000,4260.2
318,1000,209.8526,18,0.36,,0,3,5,0.866,1,17,0.4273,900.5,204,0,0.05,0.492271,-25.079943,318000,4273.3
319,1000,167.5581,18,0.36,,0,4,5,0.5,0,66,0.292,857.1,412,0,0.05,0.922521,-24.886177,319000,4286.4
320,1000,388.8206,29,0.58,,0,5,10,1.9203,3,123,0.331,920.4,905,0,0.05,0.520401,-24.736172,320000,4299.2
321,1000,153.4891,17,0.34,,0,3,5,0.8292,0,319,0.685,1001.8,417,0,0.05,0.524324,-24.094408,321000,4312.3
322,1000,232.0255,21,0.42,,0,5,6,0.433,1,44,0.2665,910.3,927,0,0.05,0.30424,-24.359928,322000,4325.8
323,1000,221.6028,19,0.38,,0,3,6,1.0897,1,169,0.4052,1064.5,945,0,0.05,0.480652,-24.737259,323000,4339.2
324,1000,196.8844,17,0.34,,0,2,5,1.299,1,122,0.5135,972.0,522,0,0.05,0.863235,-24.03334,324000,4352.6
325,1000,228.9571,20,0.4,,0,5,5,0.0,1,131,0.584,1004.7,495,0,0.05,0.743222,-24.83099,325000,4365.9
326,1000,293.2613,21,0.42,,0,5,6,0.433,3,97,0.3453,833.1,865,0,0.05,0.590422,-25.02927,326000,4379.3
327,1000,223.224,20,0.4,,0,4,6,0.7071,1,57,0.3575,875.4,850,0,0.05,0.417747,-24.984741,327000,4392.7
328,1000,201.378,20,0.4,,0,5,5,0.0,0,67,0.595,1039.7,959,0,0.05,1.078355,-25.833374,328000,4405.5
329,1000,268.2648,19,0.38,,0,3,6,1.0897,3,144,0.3967,876.9,662,0,0.05,0.703576,-24.379337,329000,4419.2
330,1000,245.0109,19,0.38,,0,4,5,0.433,2,114,0.444,1016.9,865,0,0.05,0.562809,-25.859982,330000,4432.7
331,1000,291.6542,23,0.46,,0,5,8,1.299,2,51,0.3593,851.0,934,0,0.05,0.557976,-25.572445,331000,4446.0
332,1000,170.1511,20,0.4,,0,5,5,0.0,0,78,0.227,865.8,521,0,0.05,0.702453,-24.335072,332000,4458.9
333,1000,171.0183,19,0.38,,0,4,5,0.433,0,346,0.6358,1073.5,904,0,0.05,0.517329,-24.759909,333000,4471.8
334,1000,311.9212,25,0.5,,0,5,8,1.299,2,188,0.5195,1000.4,950,0,0.05,0.660345,-23.905834,334000,4485.1
335,1000,73.3231,13,0.26,,0,2,5,1.0897,0,265,0.6815,1067.7,606,0,0.05,0.390317,-24.881298,335000,4498.9
336,1000,257.5378,19,0.38,,0,4,5,0.433,2,121,0.4582,954.8,774,0,0.05,1.053181,-25.441792,336000,4512.9
337,1000,232.7222,18,0.36,,0,2,6,1.5,2,227,0.3425,1017.6,990,0,0.05,0.627447,-25.722012,337000,4526.3
338,1000,126.3109,15,0.3,,0,3,5,0.8292,0,601,0.6587,1073.5,984,0,0.05,0.568339,-25.275982,338000,4540.2
339,1000,109.2161,13,0.26,,0,2,5,1.0897,0,129,0.6863,1073.5,509,0,0.05,0.764044,-25.608044,339000,4553.5
340,1000,279.3718,22,0.44,,0,5,6,0.5,2,71,0.3882,952.4,949,0,0.05,0.56504,-25.979351,340000,4567.3
341,1000,236.0305,21,0.42,,0,5,6,0.433,1,41,0.286,939.6,705,0,0.05,0.43489,-25.649532,341000,4580.0
342,1000,169.701,18,0.36,,0,3,5,0.866,0,109,0.479,993.1,982,0,0.05,0.397807,-25.620161,342000,4593.1
343,1000,188.2966,20,0.4,,0,5,5,0.0,1,107,0.332,917.9,528,0,0.05,0.36575,-25.822071,343000,4606.4
344,1000,275.9107,22,0.44,,0,4,8,1.5,2,44,0.316,930.4,909,0,0.05,0.447247,-25.225039,344000,4619.6
345,1000,338.5393,24,0.48,,0,5,8,1.2247,3,15,0.3455,825.7,921,0,0.05,1.317418,-25.763336,345000,4632.7
346,1000,232.5019,21,0.42,,0,4,7,1.0897,1,136,0.3997,1040.7,979,0,0.05,1.184744,-25.646536,346000,4646.5
347,1000,284.4313,22,0.44,,0,3,8,1.8028,2,122,0.4238,795.3,993,0,0.05,0.558553,-25.016068,347000,4659.4
348,1000,322.1708,25,0.5,,0,5,10,2.1651,2,45,0.502,988.5,930,0,0.05,0.444729,-26.349913,348000,4672.4
349,1000,87.6091,11,0.22,,0,1,5,1.479,0,251,0.6635,1073.5,839,0,0.05,0.47631,-24.918411,349000,4685.6
350,1000,101.6489,12,0.24,,0,1,5,1.5811,0,245,0.6488,1073.5,896,0,0.05,0.638841,-26.975702,350000,4698.7
351,1000,266.3241,20,0.4,,0,5,5,0.0,2,82,0.348,965.9,536,0,0.05,0.34724,-26.412437,351000,4726.3
352,1000,245.3585,19,0.38,,0,4,5,0.433,2,181,0.5345,858.2,934,0,0.05,0.470063,-26.08931,352000,4739.8
353,1000,280.2483,23,0.46,,0,5,8,1.299,2,20,0.2452,765.5,839,0,0.05,0.485201,-25.556416,353000,4752.5
354,1000,285.8668,22,0.44,,0,5,7,0.866,2,25,0.3048,997.8,852,0,0.05,0.468938,-26.679747,354000,4766.4
355,1000,214.1514,19,0.38,,0,4,5,0.433,1,128,0.465,960.1,878,0,0.05,0.329207,-25.367111,355000,4779.5
356,1000,300.815,21,0.42,,0,4,7,1.0897,3,71,0.453,941.5,960,0,0.05,0.556626,-25.807156,356000,4792.7
357,1000,403.5735,29,0.58,,0,5,8,1.299,4,9,0.391,982.4,966,0,0.05,0.52526,-25.693174,357000,4805.3
358,1000,272.946,21,0.42,,0,5,6,0.433,2,15,0.3772,972.9,808,0,0.05,0.2495,-26.314518,358000,4817.6
359,1000,361.7544,27,0.54,,0,5,9,1.7854,3,118,0.3013,858.5,751,0,0.05,0.344497,-26.009235,359000,4830.6
360,1000,328.2512,22,0.44,,0,5,7,0.866,4,148,0.2933,951.1,981,0,0.05,0.450544,-26.894419,360000,4843.6
361,1000,113.6313,15,0.3,,0,3,5,0.8292,0,388,0.6975,1050.6,959,0,0.05,1.718908,-26.173563,361000,4856.7
362,1000,216.0514,19,0.38,,0,4,5,0.433,1,40,0.3332,975.8,617,0,0.05,0.743825,-25.639057,362000,4869.6
363,1000,396.9978,27,0.54,,0,5,9,1.7854,4,87,0.3658,790.1,941,0,0.05,0.496578,-26.264999,363000,4882.5
364,1000,273.3587,21,0.42,,0,5,6,0.433,2,75,0.337,893.5,887,0,0.05,0.409139,-25.815495,364000,4896.3
365,1000,256.568,20,0.4,,0,5,5,0.0,2,68,0.2308,954.4,840,0,0.05,0.804634,-26.228148,365000,4909.6
366,1000,276.4645,21,0.42,,0,5,6,0.433,2,12,0.4415,991.0,991,0,0.05,0.734585,-26.563255,366000,4923.1
367,1000,147.9921,17,0.34,,0,2,5,1.299,0,184,0.4183,907.9,628,0,0.05,1.293156,-26.668797,367000,4936.8
368,1000,191.7807,18,0.36,,0,3,5,0.866,1,140,0.527,1027.2,647,0,0.05,0.814277,-26.331335,368000,4950.2
369,1000,258.9461,20,0.4,,0,4,6,0.7071,2,10,0.3598,973.1,755,0,0.05,0.677906,-26.270769,369000,4963.4
370,1000,212.7196,20,0.4,,0,5,5,0.0,1,20,0.1872,812.4,285,0,0.05,0.446053,-26.252497,370000,4976.4
371,1000,200.5137,20,0.4,,0,5,5,0.0,0,263,0.4323,1061.9,955,0,0.05,0.583436,-26.7775,371000,4990.0
372,1000,222.779,20,0.4,,0,4,6,0.7071,1,99,0.3468,988.3,994,0,0.05,0.543142,-26.03944,372000,5003.3
373,1000,200.5179,20,0.4,,0,5,5,0.0,0,116,0.514,996.6,744,0,0.05,0.380935,-26.146664,373000,5016.5
374,1000,310.8802,23,0.46,,0,4,8,1.479,3,70,0.28,899.7,922,0,0.05,0.641662,-26.535912,374000,5029.4
375,1000,273.071,20,0.4,,0,4,6,0.7071,3,139,0.348,882.2,676,0,0.05,0.246694,-26.069695,375000,5042.7
376,1000,214.3223,19,0.38,,0,4,5,0.433,1,7,0.4183,851.4,922,0,0.05,0.528543,-26.578999,376000,5056.0
377,1000,271.3197,21,0.42,,0,4,7,1.0897,2,131,0.448,833.0,850,0,0.05,0.75808,-26.376732,377000,5068.9
378,1000,317.1091,23,0.46,,0,5,7,0.8292,3,25,0.304,1024.1,959,0,0.05,0.637006,-26.057781,378000,5082.0
379,1000,214.2395,19,0.38,,0,4,5,0.433,1,165,0.428,1043.1,971,0,0.05,0.69193,-26.139399,379000,5095.0
380,1000,217.3497,20,0.4,,0,4,7,1.2247,1,73,0.282,750.4,668,0,0.05,0.92026,-26.471893,380000,5108.0
381,1000,252.8361,20,0.4,,0,5,5,0.0,2,100,0.368,951.8,496,0,0.05,0.391657,-26.681841,381000,5121.6
382,1000,148.2752,17,0.34,,0,3,5,0.8292,0,235,0.4363,996.9,928,0,0.05,0.308752,-27.241081,382000,5135.7
383,1000,297.5852,22,0.44,,0,5,7,0.866,3,81,0.3695,919.4,867,0,0.05,0.674663,-26.154827,383000,5149.2
384,1000,202.3673,18,0.36,,0,3,5,0.866,1,10,0.3475,886.8,414,0,0.05,0.953726,-26.006199,384000,5162.2
385,1000,322.9966,23,0.46,,0,5,8,1.299,4,63,0.249,887.9,993,0,0.05,0.746887,-26.12562,385000,5175.8
386,1000,260.9552,22,0.44,,0,4,8,1.5,2,96,0.3777,771.9,807,0,0.05,0.509842,-26.655266,386000,5188.9
387,1000,258.9783,22,0.44,,0,5,7,0.866,1,122,0.547,989.5,881,0,0.05,0.273576,-25.892042,387000,5202.2
388,1000,288.4223,21,0.42,,0,4,7,1.0897,3,53,0.3285,917.7,962,0,0.05,0.97956,-27.317554,388000,5215.1
389,1000,268.5048,21,0.42,,0,5,6,0.433,2,128,0.5485,950.8,985,0,0.05,0.879752,-26.244265,389000,5227.9
390,1000,299.7052,24,0.48,,0,5,7,1.0,2,90,0.2915,941.5,813,0,0.05,0.403217,-26.080177,390000,5241.0
391,1000,236.7317,18,0.36,,0,3,5,0.866,2,104,0.3698,929.3,530,0,0.05,0.457488,-26.373758,391000,5254.3
392,1000,254.9126,20,0.4,,0,3,7,1.4142,2,33,0.4105,1006.9,975,0,0.05,0.799451,-26.639149,392000,5267.2
393,1000,141.8115,17,0.34,,0,3,5,0.8292,0,395,0.4738,1055.8,773,0,0.05,0.622104,-26.41539,393000,5282.0
394,1000,218.5629,20,0.4,,0,4,6,0.7071,1,94,0.3693,886.1,885,0,0.05,0.508405,-26.644995,394000,5297.1
395,1000,279.3975,19,0.38,,0,4,5,0.433,3,24,0.2933,895.4,719,0,0.05,0.625507,-26.424316,395000,5311.8
396,1000,253.6598,20,0.4,,0,4,6,0.7071,2,119,0.2845,848.3,996,0,0.05,0.446634,-25.311569,396000,5325.1
397,1000,236.7408,20,0.4,,0,5,5,0.0,1,69,0.4773,961.2,844,0,0.05,0.395464,-26.003531,397000,5339.0
398,1000,209.8355,19,0.38,,0,4,5,0.433,1,61,0.431,886.4,780,0,0.05,0.757757,-26.635969,398000,5352.5
399,1000,298.8126,21,0.42,,0,4,7,1.0897,3,77,0.3638,915.1,837,0,0.05,0.962195,-27.317207,399000,5365.9
400,1000,342.9009,25,0.5,,0,4,10,2.2776,3,0,0.2512,826.4,928,0,0.05,0.459988,-26.424576,400000,5379.5
401,1000,332.4436,24,0.48,,0,5,8,1.2247,3,60,0.408,856.0,938,0,0.05,0.469157,-27.010845,401000,5407.1
402,1000,293.2163,24,0.48,,0,5,7,1.0,2,56,0.312,882.4,926,0,0.05,0.350618,-26.683205,402000,5420.7
403,1000,247.4713,23,0.46,,0,5,8,1.299,1,77,0.2278,774.7,812,0,0.05,1.329326,-27.065256,403000,5434.1
404,1000,178.3838,19,0.38,,0,4,5,0.433,0,43,0.276,868.7,620,0,0.05,1.4665,-26.9272,404000,5447.1
405,1000,281.2094,23,0.46,,0,5,7,0.8292,2,12,0.2345,815.0,857,0,0.05,0.545143,-26.557064,405000,5461.3
406,1000,305.2745,22,0.44,,0,5,7,0.866,3,187,0.518,924.3,947,0,0.05,0.960126,-27.151329,406000,5475.1
407,1000,295.0696,24,0.48,,0,4,8,1.5811,2,34,0.3458,940.8,949,0,0.05,0.698011,-26.821884,407000,5488.0
408,1000,251.5937,19,0.38,,0,3,6,1.0897,2,86,0.3685,788.0,843,0,0.05,0.347287,-27.165293,408000,5501.8
409,1000,176.4911,18,0.36,,0,3,5,0.866,0,244,0.5128,1011.9,640,0,0.05,0.529742,-26.754524,409000,5514.8
410,1000,247.2238,22,0.44,,0,5,7,0.866,1,141,0.4595,895.7,874,0,0.05,0.758242,-27.623531,410000,5527.7
411,1000,197.8273,19,0.38,,0,4,5,0.433,1,9,0.2885,883.3,907,0,0.05,0.507079,-26.41856,411000,5540.8
412,1000,356.5308,27,0.54,,0,4,10,2.1651,3,114,0.3478,954.2,957,0,0.05,0.670256,-27.10717,412000,5554.2
413,1000,251.3827,21,0.42,,0,5,6,0.433,2,68,0.357,894.5,897,0,0.05,0.650023,-26.907536,413000,5567.2
414,1000,277.5504,20,0.4,,0,5,5,0.0,3,19,0.2898,1002.4,726,0,0.05,0.752747,-26.479767,414000,5580.9
415,1000,199.0355,15,0.3,,0,1,5,1.6394,2,76,0.4335,964.7,289,0,0.05,0.691715,-27.088531,415000,5594.3
416,1000,290.9855,20,0.4,,0,3,7,1.4142,3,22,0.2025,849.9,883,0,0.05,0.414255,-27.991371,416000,5607.5
417,1000,276.0899,23,0.46,,0,4,9,1.9203,2,45,0.2958,768.0,922,0,0.05,0.537377,-27.201042,417000,5621.2
418,1000,268.7322,22,0.44,,0,4,8,1.5,2,15,0.234,767.9,944,0,0.05,0.77573,-26.422844,418000,5634.8
419,1000,332.4189,24,0.48,,0,5,7,0.7071,3,31,0.378,861.6,996,0,0.05,1.019125,-27.041153,419000,5648.0
420,1000,241.822,22,0.44,,0,4,8,1.5,1,160,0.3733,952.0,984,0,0.05,0.424875,-26.788027,420000,5661.1
421,1000,262.7237,18,0.36,,0,2,6,1.5,3,172,0.4145,895.1,873,0,0.05,0.293154,-27.219374,421000,5674.4
422,1000,260.3608,20,0.4,,0,4,6,0.7071,2,109,0.322,919.2,702,0,0.05,0.705919,-26.554758,422000,5687.5
423,1000,353.4033,26,0.52,,0,5,9,1.6583,3,28,0.3417,914.6,866,0,0.05,0.922602,-26.36764,423000,5701.1
424,1000,285.8492,23,0.46,,0,4,9,1.9203,2,61,0.323,821.2,926,0,0.05,0.42188,-26.819218,424000,5714.7
425,1000,303.258,22,0.44,,0,5,7,0.866,3,58,0.3003,870.7,958,0,0.05,0.449289,-26.328424,425000,5727.4
426,1000,363.9041,25,0.5,,0,5,8,1.299,4,80,0.3232,866.4,992,0,0.05,0.373876,-26.527929,426000,5740.4
427,1000,253.7618,20,0.4,,0,5,5,0.0,2,198,0.4515,844.3,718,0,0.05,0.692548,-26.258675,427000,5754.1
428,1000,303.5331,22,0.44,,0,4,7,1.118,3,142,0.4325,934.9,894,0,0.05,0.300009,-26.822857,428000,5767.6
429,1000,306.4344,22,0.44,,0,4,7,1.118,3,72,0.3365,1049.4,695,0,0.05,0.498022,-26.928591,429000,5781.2
430,1000,294.2361,22,0.44,,0,3,9,2.1794,3,134,0.4027,720.6,993,0,0.05,0.462795,-26.554836,430000,5794.1
431,1000,296.0064,21,0.42,,0,5,6,0.433,3,109,0.2985,894.4,704,0,0.05,0.306187,-26.566387,431000,5806.6
432,1000,251.7348,21,0.42,,0,5,6,0.433,2,131,0.2585,774.3,819,0,0.05,0.884265,-27.829258,432000,5820.1
433,1000,345.0224,26,0.52,,0,4,10,2.1794,3,0,0.3,792.7,904,0,0.05,0.614218,-26.877552,433000,5833.7
434,1000,293.5918,21,0.42,,0,4,7,1.0897,3,57,0.2243,870.9,972,0,0.05,0.921651,-27.407984,434000,5847.4
435,1000,335.9451,25,0.5,,0,4,10,2.2776,3,16,0.2397,885.0,993,0,0.05,0.513036,-26.398964,435000,5860.8
436,1000,243.387,20,0.4,,0,4,6,0.7071,2,111,0.2642,915.7,994,0,0.05,0.492499,-26.593155,436000,5873.6
437,1000,250.2469,20,0.4,,0,4,6,0.7071,2,162,0.1955,777.0,962,0,0.05,0.558997,-26.043983,437000,5887.0
438,1000,332.4368,24,0.48,,0,5,8,1.2247,3,148,0.3152,895.7,990,0,0.05,0.285643,-26.938478,438000,5900.0
439,1000,307.512,23,0.46,,0,4,9,1.9203,3,153,0.2985,729.1,923,0,0.05,0.445928,-27.173454,439000,5913.2
440,1000,244.8595,20,0.4,,0,4,6,0.7071,2,84,0.3675,764.6,966,0,0.05,0.848185,-26.385607,440000,5926.3
441,1000,239.108,19,0.38,,0,3,6,1.0897,2,34,0.292,886.2,971,0,0.05,0.567628,-27.30077,441000,5939.5
442,1000,303.0997,22,0.44,,0,5,7,0.866,3,28,0.2382,796.4,823,0,0.05,0.458439,-26.318958,442000,5953.5
443,1000,309.1694,23,0.46,,0,4,8,1.479,3,38,0.2587,852.2,926,0,0.05,0.727738,-26.251907,443000,5967.1
444,1000,221.8508,20,0.4,,0,3,7,1.4142,1,33,0.1718,940.4,970,0,0.05,0.642258,-27.389225,444000,5980.4
445,1000,289.9114,21,0.42,,0,3,8,1.7854,3,77,0.312,759.3,972,0,0.05,1.212074,-26.467438,445000,5993.6
446,1000,174.6891,17,0.34,,0,3,5,0.8292,1,211,0.3935,908.0,827,0,0.05,0.564521,-26.109554,446000,6006.6
447,1000,241.1077,22,0.44,,0,4,8,1.5,1,25,0.2687,809.3,956,0,0.05,0.342283,-27.002712,447000,6019.8
448,1000,305.5168,23,0.46,,0,5,8,1.299,3,69,0.3053,861.2,933,0,0.05,0.515769,-26.26088,448000,6033.2
449,1000,342.8471,26,0.52,,0,4,10,2.2913,3,143,0.2735,979.9,993,0,0.05,0.69149,-27.092068,449000,6046.7
450,1000,306.9725,23,0.46,,0,4,8,1.479,3,71,0.2955,822.6,994,0,0.05,0.491765,-26.21463,450000,6060.2
451,1000,260.7855,21,0.42,,0,4,7,1.0897,2,24,0.1995,820.1,974,0,0.05,0.430453,-26.49025,451000,6089.0
452,1000,385.7404,27,0.54,,0,5,9,1.479,4,90,0.3058,789.3,966,0,0.05,0.420183,-26.730663,452000,6102.1
453,1000,218.3257,18,0.36,,0,3,5,0.866,2,58,0.1603,727.4,618,0,0.05,0.432434,-26.520891,453000,6115.7
454,1000,262.6958,22,0.44,,0,5,7,0.866,2,101,0.2592,739.3,859,0,0.05,0.79159,-27.291626,454000,6129.3
455,1000,340.0761,25,0.5,,0,5,8,1.299,3,62,0.3412,876.9,977,0,0.05,0.507874,-27.561028,455000,6143.6
456,1000,256.6768,20,0.4,,0,5,5,0.0,2,65,0.3195,912.1,617,0,0.05,0.379527,-27.021843,456000,6156.8
457,1000,310.723,21,0.42,,0,5,6,0.433,4,68,0.3197,948.1,922,0,0.05,0.481634,-25.577728,457000,6169.5
458,1000,294.182,23,0.46,,0,5,7,0.8292,2,3,0.3045,789.1,990,0,0.05,0.480384,-25.526829,458000,6182.5
459,1000,198.8359,20,0.4,,0,4,7,1.2247,1,119,0.2343,827.7,667,0,0.05,0.351047,-27.066772,459000,6195.5
460,1000,271.6547,22,0.44,,0,4,7,1.118,2,53,0.3152,823.7,749,0,0.05,0.748875,-26.402233,460000,6208.6
461,1000,443.328,32,0.64,,0,5,10,1.8708,4,165,0.4338,967.8,991,0,0.05,0.28762,-26.382271,461000,6221.6
462,1000,200.0997,18,0.36,,0,4,5,0.5,1,95,0.3307,796.7,393,0,0.05,0.502575,-26.599812,462000,6235.2
463,1000,400.7711,29,0.58,,0,5,9,1.479,4,179,0.3533,724.1,975,0,0.05,1.036224,-26.636002,463000,6248.2
464,1000,300.7755,24,0.48,,0,4,8,1.5811,2,36,0.444,990.4,998,0,0.05,0.484741,-25.952869,464000,6261.6
465,1000,353.5553,26,0.52,,0,5,8,1.5,3,166,0.3357,884.3,981,0,0.05,0.883416,-26.214472,465000,6274.7
466,1000,277.7038,23,0.46,,0,3,10,2.681,2,0,0.3412,878.5,976,0,0.05,0.532397,-25.709562,466000,6288.1
467,1000,259.3543,21,0.42,,0,4,8,1.6394,2,2,0.26,781.5,621,0,0.05,0.707192,-26.089121,467000,6302.1
468,1000,218.6167,20,0.4,,0,4,6,0.7071,1,38,0.3638,915.1,973,0,0.05,0.472698,-26.428949,468000,6315.3
469,1000,174.6784,17,0.34,,0,2,6,1.479,1,144,0.1718,809.9,646,0,0.05,0.391523,-27.066746,469000,6328.9
470,1000,172.4756,18,0.36,,0,4,5,0.5,0,29,0.2682,757.7,733,0,0.05,0.757598,-26.532543,470000,6342.5
471,1000,347.5609,26,0.52,,0,4,9,2.0616,3,10,0.2417,849.9,992,0,0.05,0.258704,-25.575644,471000,6356.0
472,1000,271.509,22,0.44,,0,5,7,0.866,2,186,0.5,802.0,974,0,0.05,0.531085,-26.32234,472000,6369.2
473,1000,345.4751,23,0.46,,0,5,7,0.8292,4,139,0.3915,961.4,978,0,0.05,0.551686,-26.738979,473000,6382.4
474,1000,324.8745,24,0.48,,0,5,7,1.0,3,27,0.332,897.5,880,0,0.05,0.340492,-26.604816,474000,6395.9
475,1000,223.1436,20,0.4,,0,4,6,0.7071,1,125,0.2825,877.0,678,0,0.05,0.71628,-26.668026,475000,6409.1
476,1000,301.3058,22,0.44,,0,5,6,0.5,3,31,0.2462,700.2,916,0,0.05,0.524045,-26.963699,476000,6422.4
477,1000,238.7164,19,0.38,,0,2,7,1.9203,2,417,0.473,926.0,917,0,0.05,0.38373,-26.541664,477000,6436.6
478,1000,298.7544,25,0.5,,0,3,10,2.8614,2,12,0.4005,887.7,941,0,0.05,0.652752,-26.650623,478000,6449.8
479,1000,210.2299,19,0.38,,0,4,5,0.433,1,149,0.4295,904.6,634,0,0.05,0.552273,-26.548687,479000,6463.1
480,1000,325.5419,24,0.48,,0,5,8,1.2247,3,0,0.3663,988.4,915,0,0.05,0.378294,-26.31982,480000,6476.7
481,1000,297.3822,24,0.48,,0,5,8,1.2247,2,106,0.314,892.0,935,0,0.05,0.827855,-26.449913,481000,6489.9
482,1000,229.4831,22,0.44,,0,4,9,2.0616,1,113,0.194,742.7,906,0,0.05,0.448614,-26.579037,482000,6503.3
483,1000,276.7116,21,0.42,,0,4,7,1.0897,3,591,0.4455,778.9,983,0,0.05,0.580839,-27.006184,483000,6516.5
484,1000,126.5071,15,0.3,,0,3,5,0.8292,0,176,0.398,913.0,763,0,0.05,0.904768,-26.850458,484000,6529.9
485,1000,254.0284,20,0.4,,0,3,8,1.8708,2,79,0.273,874.2,906,0,0.05,0.232443,-26.763302,485000,6543.3
486,1000,327.124,24,0.48,,0,5,8,1.2247,3,41,0.3713,826.7,781,0,0.05,0.495428,-26.411026,486000,6556.3
487,1000,297.5399,25,0.5,,0,5,8,1.299,2,81,0.2732,840.9,1000,0,0.05,0.734204,-26.962225,487000,6569.7
488,1000,188.0538,17,0.34,,0,1,7,2.1651,1,208,0.4123,835.2,703,0,0.05,0.495615,-26.993336,488000,6583.0
489,1000,262.4854,22,0.44,,0,4,7,1.118,2,41,0.2715,751.6,945,0,0.05,0.649107,-27.76289,489000,6595.8
490,1000,220.7064,20,0.4,,0,3,8,1.8708,1,258,0.3478,779.8,985,0,0.05,0.459388,-26.60957,490000,6609.2
491,1000,178.752,18,0.36,,0,4,5,0.5,1,102,0.1908,736.6,261,0,0.05,0.334079,-26.29982,491000,6622.9
492,1000,303.3634,22,0.44,,0,3,9,2.1794,3,152,0.336,877.8,787,0,0.05,1.098305,-26.909203,492000,6636.9
493,1000,273.7365,22,0.44,,0,5,7,0.866,2,38,0.2607,763.5,981,0,0.05,0.286196,-26.448639,493000,6650.4
494,1000,327.3371,24,0.48,,0,4,9,1.8708,3,87,0.4135,1018.1,850,0,0.05,0.607454,-27.65365,494000,6663.6
495,1000,280.4849,23,0.46,,0,1,9,3.1125,2,123,0.409,990.7,952,0,0.05,0.755689,-27.348059,495000,6676.7
496,1000,265.2982,21,0.42,,0,4,6,0.8292,2,83,0.31,864.7,958,0,0.05,0.447114,-27.551647,496000,6689.9
497,1000,245.7426,21,0.42,,0,3,8,1.9203,2,417,0.4158,932.4,933,0,0.05,0.911831,-27.382248,497000,6703.1
498,1000,235.432,19,0.38,,0,4,5,0.433,2,206,0.3558,763.0,831,0,0.05,0.568026,-28.11591,498000,6716.3
499,1000,294.5388,21,0.42,,0,4,7,1.0897,3,180,0.3503,771.5,913,0,0.05,0.874002,-26.991936,499000,6729.7
500,1000,253.182,20,0.4,,0,2,8,2.1213,2,94,0.4622,985.9,890,0,0.05,0.380632,-27.778366,500000,6743.1
501,1000,278.4273,19,0.38,,0,4,5,0.433,3,228,0.3695,1006.3,803,0,0.05,0.594963,-27.090553,501000,6771.4
502,1000,368.5492,28,0.56,,0,2,10,3.3166,3,318,0.5142,947.9,878,0,0.05,0.473585,-26.686716,502000,6784.6
503,1000,358.8705,24,0.48,,0,5,9,1.7321,4,116,0.3685,954.7,779,0,0.05,0.55133,-27.4044,503000,6797.8
504,1000,245.7626,20,0.4,,0,4,6,0.7071,2,27,0.312,653.6,998,0,0.05,0.96007,-26.349197,504000,6811.3
505,1000,359.3137,25,0.5,,0,5,8,1.299,4,348,0.3508,848.8,893,0,0.05,0.70235,-26.917309,505000,6824.3
506,1000,346.9653,26,0.52,,0,4,9,1.8028,3,69,0.322,921.7,872,0,0.05,0.75851,-27.011154,506000,6837.6
507,1000,274.7168,21,0.42,,0,5,6,0.433,3,101,0.25,814.6,712,0,0.05,0.387447,-27.804567,507000,6851.0
508,1000,218.9321,20,0.4,,0,3,7,1.4142,1,263,0.2557,848.1,985,0,0.05,0.424653,-26.714428,508000,6864.3
509,1000,317.5626,23,0.46,,0,3,9,2.1651,3,90,0.3645,926.9,983,0,0.05,0.393021,-27.256584,509000,6877.5
510,1000,258.8264,21,0.42,,0,4,6,0.8292,2,78,0.309,830.3,841,0,0.05,0.446694,-27.244907,510000,6890.1
511,1000,267.096,22,0.44,,0,5,7,0.866,2,290,0.4052,784.5,833,0,0.05,0.548479,-27.2213,511000,6903.0
512,1000,261.9873,21,0.42,,0,2,10,2.9475,2,66,0.3887,851.8,829,0,0.05,0.509666,-26.547234,512000,6916.5
513,1000,269.0332,22,0.44,,0,4,7,1.118,2,44,0.2592,752.5,912,0,0.05,0.487292,-27.083511,513000,6929.5
514,1000,261.2921,21,0.42,,0,3,7,1.479,2,40,0.2392,899.2,999,0,0.05,0.75483,-27.02006,514000,6942.8
515,1000,266.9359,21,0.42,,0,4,7,1.0897,2,44,0.4218,832.8,998,0,0.05,0.349661,-26.760633,515000,6955.9
516,1000,190.945,17,0.34,,0,3,5,0.8292,1,169,0.5042,1073.5,819,0,0.05,0.557004,-26.522007,516000,6969.2
517,1000,289.2589,21,0.42,,0,5,6,0.433,3,58,0.2417,830.2,831,0,0.05,0.486481,-27.342678,517000,6983.0
518,1000,315.9576,24,0.48,,0,5,8,1.2247,3,102,0.2417,851.4,996,0,0.05,0.631734,-27.55352,518000,6997.1
519,1000,106.5021,13,0.26,,0,1,4,1.299,0,484,0.4118,959.6,520,0,0.05,0.819115,-27.262848,519000,7011.0
520,1000,279.8535,23,0.46,,0,3,9,2.1651,2,126,0.371,938.5,971,0,0.05,0.703335,-27.133173,520000,7024.7
521,1000,220.9756,18,0.36,,0,4,5,0.5,2,11,0.2005,740.1,852,0,0.05,0.482496,-27.476772,521000,7038.2
522,1000,316.8204,24,0.48,,0,5,7,0.7071,3,147,0.325,742.8,984,0,0.05,0.257382,-27.556919,522000,7051.7
523,1000,242.3696,19,0.38,,0,4,6,0.8292,2,116,0.247,868.7,871,0,0.05,0.365215,-27.434389,523000,7064.8
524,1000,190.4161,17,0.34,,0,3,5,0.8292,1,121,0.4422,1048.8,611,0,0.05,0.400367,-27.260929,524000,7078.1
525,1000,228.0835,19,0.38,,0,4,6,0.8292,2,13,0.2935,787.0,990,0,0.05,0.80642,-27.48251,525000,7091.5
526,1000,384.6364,28,0.56,,0,5,9,2.0,4,187,0.3782,988.3,970,0,0.05,0.369417,-26.612244,526000,7105.1
527,1000,243.6868,20,0.4,,0,4,6,0.7071,2,88,0.1595,729.5,961,0,0.05,0.442536,-27.471003,527000,7119.0
528,1000,314.0858,25,0.5,,0,5,10,2.1651,2,163,0.5825,982.3,909,0,0.05,0.307955,-28.073854,528000,7132.1
529,1000,213.8999,19,0.38,,0,4,5,0.433,1,34,0.3505,941.6,839,0,0.05,0.274742,-27.145725,529000,7145.7
530,1000,294.1816,21,0.42,,0,4,7,1.0897,3,4,0.35,801.5,874,0,0.05,0.276313,-27.224939,530000,7159.3
531,1000,282.7871,24,0.48,,0,4,9,2.1213,2,97,0.3718,818.5,982,0,0.05,0.347059,-27.482801,531000,7172.6
532,1000,191.4752,18,0.36,,0,4,5,0.5,1,33,0.177,813.6,258,0,0.05,0.738757,-27.71664,532000,7186.8
533,1000,293.1494,21,0.42,,0,3,7,1.479,3,98,0.3897,947.2,979,0,0.05,0.416489,-27.70303,533000,7200.0
534,1000,236.7492,22,0.44,,0,4,8,1.5,1,13,0.1425,736.8,987,0,0.05,0.490742,-28.195919,534000,7213.0
535,1000,228.4665,17,0.34,,0,2,5,1.299,2,189,0.3715,871.7,678,0,0.05,0.432303,-27.59049,535000,7226.2
536,1000,282.8888,23,0.46,,0,4,9,2.0463,2,29,0.2685,796.6,949,0,0.05,0.706951,-28.18993,536000,7239.7
537,1000,246.6822,21,0.42,,0,4,6,0.8292,2,88,0.2898,859.9,936,0,0.05,0.334406,-27.85005,537000,7252.9
538,1000,281.9468,21,0.42,,0,4,7,1.0897,3,127,0.333,953.4,703,0,0.05,0.774812,-28.366337,538000,7266.2
539,1000,224.007,19,0.38,,0,3,7,1.479,2,109,0.3215,831.5,710,0,0.05,0.408264,-27.114933,539000,7279.7
540,1000,218.903,21,0.42,,0,3,9,2.2776,1,122,0.2238,707.5,947,0,0.05,0.575083,-28.037817,540000,7293.1
541,1000,220.1966,20,0.4,,0,4,6,0.7071,1,58,0.2482,1001.8,871,0,0.05,0.480128,-27.363131,541000,7306.6
542,1000,266.0357,23,0.46,,0,3,10,2.586,2,174,0.2577,756.3,911,0,0.05,0.425148,-26.936777,542000,7320.5
543,1000,319.2921,24,0.48,,0,4,8,1.5811,3,189,0.548,966.0,828,0,0.05,0.721728,-27.682957,543000,7334.0
544,1000,260.2677,21,0.42,,0,4,7,1.299,2,98,0.2868,884.4,969,0,0.05,0.424054,-27.892429,544000,7347.4
545,1000,288.4451,24,0.48,,0,4,9,1.8708,2,71,0.365,820.2,794,0,0.05,0.341958,-27.649284,545000,7360.8
546,1000,288.5042,25,0.5,,0,4,10,2.2776,2,122,0.327,1042.7,962,0,0.05,0.320807,-27.403988,546000,7374.3
547,1000,223.615,20,0.4,,0,3,7,1.4142,1,149,0.529,906.6,973,0,0.05,0.274425,-27.845928,547000,7388.1
548,1000,171.4469,18,0.36,,0,4,5,0.5,1,111,0.23,706.2,390,0,0.05,0.621419,-27.521868,548000,7401.6
549,1000,280.3307,19,0.38,,0,3,6,1.0897,3,69,0.2858,820.9,882,0,0.05,0.609848,-27.302002,549000,7414.8
550,1000,272.8251,23,0.46,,0,4,7,1.299,2,83,0.2697,820.9,998,0,0.05,0.293746,-26.914604,550000,7428.0
551,1000,162.05,18,0.36,,0,4,5,0.5,0,105,0.2812,921.9,668,0,0.05,0.316587,-27.182495,551000,7455.2
552,1000,312.2497,25,0.5,,0,4,9,2.2776,2,4,0.2263,858.0,948,0,0.05,0.465972,-27.721169,552000,7468.3
553,1000,198.6959,19,0.38,,0,4,5,0.433,1,624,0.2878,781.0,501,0,0.05,0.857364,-27.653702,553000,7481.5
554,1000,371.3368,28,0.56,,0,5,8,1.2247,3,106,0.342,809.2,975,0,0.05,0.24112,-27.626781,554000,7495.0
555,1000,291.315,21,0.42,,0,5,6,0.433,3,229,0.3443,914.1,633,0,0.05,0.339877,-27.439413,555000,7508.5
556,1000,237.5181,19,0.38,,0,3,6,1.0897,2,18,0.2442,820.1,880,0,0.05,0.364636,-27.410316,556000,7521.9
557,1000,272.6908,19,0.38,,0,4,5,0.433,3,94,0.348,818.5,466,0,0.05,0.44701,-27.849903,557000,7535.7
558,1000,241.176,20,0.4,,0,4,6,0.7071,2,17,0.1588,950.9,917,0,0.05,0.486312,-27.627439,558000,7550.1
559,1000,339.4846,26,0.52,,0,4,10,2.2913,3,203,0.3535,926.0,916,0,0.05,0.341404,-27.499008,559000,7563.5
560,1000,195.7249,19,0.38,,0,4,5,0.433,1,14,0.1425,821.8,501,0,0.05,0.404752,-27.549179,560000,7576.8
561,1000,250.4326,21,0.42,,0,4,7,1.0897,2,203,0.3855,799.2,964,0,0.05,0.279864,-27.643555,561000,7589.7
562,1000,326.9766,24,0.48,,0,4,9,1.8708,3,87,0.2838,803.9,779,0,0.05,0.402535,-27.626938,562000,7601.8
563,1000,313.212,24,0.48,,0,5,8,1.2247,3,349,0.372,715.1,993,0,0.05,0.559576,-28.380608,563000,7615.2
564,1000,172.2638,18,0.36,,0,3,5,0.866,0,363,0.5805,1068.6,392,0,0.05,0.384819,-26.870594,564000,7628.5
565,1000,194.5656,18,0.36,,0,3,5,0.866,1,40,0.4417,884.5,474,0,0.05,0.306186,-27.665239,565000,7642.3
566,1000,252.2956,20,0.4,,0,3,7,1.4142,2,42,0.2293,918.6,903,0,0.05,0.273808,-27.692642,566000,7655.9
567,1000,322.2531,25,0.5,,0,3,10,2.586,3,114,0.2838,872.5,987,0,0.05,0.580533,-28.06741,567000,7669.4
568,1000,308.5867,23,0.46,,0,4,9,1.9203,3,116,0.2873,918.0,910,0,0.05,0.547626,-27.401176,568000,7683.4
569,1000,216.2697,21,0.42,,0,4,8,1.6394,1,68,0.2715,780.8,947,0,0.05,0.610914,-27.286585,569000,7696.5
570,1000,225.6493,18,0.36,,0,3,5,0.866,2,528,0.3202,998.8,696,0,0.05,0.42874,-27.630871,570000,7710.1
571,1000,238.8132,22,0.44,,0,3,10,2.6926,1,0,0.32,844.2,916,0,0.05,0.345031,-27.142508,571000,7723.9
572,1000,236.3033,19,0.38,,0,4,5,0.433,2,205,0.4452,803.5,741,0,0.05,0.426782,-26.997009,572000,7737.2
573,1000,182.5086,18,0.36,,0,3,5,0.866,1,507,0.3867,917.6,474,0,0.05,0.588623,-26.259205,573000,7750.6
574,1000,160.0891,16,0.32,,0,2,5,1.2247,1,39,0.2983,785.2,693,0,0.05,0.752097,-27.097731,574000,7763.8
575,1000,252.6377,20,0.4,,0,5,5,0.0,2,10,0.371,751.3,741,0,0.05,0.354119,-27.356277,575000,7777.4
576,1000,223.7372,20,0.4,,0,3,8,1.8708,1,244,0.5092,951.6,965,0,0.05,0.289549,-27.743008,576000,7790.9
577,1000,199.9024,19,0.38,,0,3,7,1.479,1,0,0.117,748.8,973,0,0.05,0.491444,-27.020782,577000,7803.9
578,1000,234.1562,19,0.38,,0,4,6,0.8292,2,120,0.3123,954.3,784,0,0.05,0.31574,-27.940491,578000,7817.2
579,1000,174.8703,17,0.34,,0,3,6,1.0897,1,6,0.212,894.3,955,0,0.05,0.318698,-27.773355,579000,7830.3
580,1000,226.9956,21,0.42,,0,4,7,1.0897,1,42,0.1978,846.4,933,0,0.05,0.457262,-26.567295,580000,7843.9
581,1000,226.3058,19,0.38,,0,4,6,0.8292,2,31,0.2037,750.8,645,0,0.05,0.514366,-27.591322,581000,7857.1
582,1000,175.7916,16,0.32,,0,2,5,1.2247,1,11,0.2725,750.5,505,0,0.05,0.499244,-26.631111,582000,7871.1
583,1000,182.2149,18,0.36,,0,4,5,0.5,1,54,0.3235,918.9,926,0,0.05,0.477215,-27.550516,583000,7885.0
584,1000,188.5757,19,0.38,,0,4,6,0.8292,1,76,0.3245,675.2,599,0,0.05,0.42408,-27.155018,584000,7898.1
585,1000,224.3205,20,0.4,,0,4,6,0.7071,1,141,0.3852,1041.0,805,0,0.05,0.22266,-27.2017,585000,7911.9
586,1000,328.9407,21,0.42,,0,5,6,0.433,4,210,0.3105,1030.5,643,0,0.05,0.345356,-27.30331,586000,7925.4
587,1000,217.0084,20,0.4,,0,4,6,0.7071,1,133,0.2687,775.2,610,0,0.05,0.33286,-27.485945,587000,7938.9
588,1000,259.0552,21,0.42,,0,1,10,3.2692,2,84,0.3453,875.3,991,0,0.05,0.312439,-28.211369,588000,7952.2
589,1000,207.8348,19,0.38,,0,4,6,0.8292,1,66,0.2137,754.1,671,0,0.05,0.531123,-27.620098,589000,7965.5
590,1000,352.0361,27,0.54,,0,5,10,1.9203,3,54,0.3227,845.2,988,0,0.05,0.498228,-27.218969,590000,7978.7
591,1000,155.9672,18,0.36,,0,4,5,0.5,0,0,0.1452,772.3,388,0,0.05,0.517318,-27.491365,591000,7992.2
592,1000,280.062,22,0.44,,0,4,8,1.5,2,51,0.2682,780.5,844,0,0.05,0.477235,-27.618179,592000,8005.9
593,1000,375.3053,26,0.52,,0,5,8,1.118,4,188,0.419,1063.8,955,0,0.05,0.301317,-27.128933,593000,8018.9
594,1000,251.2498,22,0.44,,0,4,7,1.118,2,37,0.283,823.7,968,0,0.05,0.345771,-27.907455,594000,8032.4
595,1000,187.9757,18,0.36,,0,4,5,0.5,1,408,0.367,918.4,561,0,0.05,0.30138,-27.403498,595000,8045.8
596,1000,346.5351,23,0.46,,0,5,7,0.8292,4,110,0.4308,976.9,819,0,0.05,0.821915,-27.508951,596000,8059.5
597,1000,216.3271,18,0.36,,0,4,5,0.5,2,86,0.1973,831.8,660,0,0.05,0.499795,-27.13098,597000,8073.1
598,1000,271.2124,22,0.44,,0,4,8,1.5,2,100,0.2965,780.7,675,0,0.05,0.330462,-27.411283,598000,8087.2
599,1000,234.6811,22,0.44,,0,4,8,1.5,1,102,0.2642,836.1,806,0,0.05,0.729299,-27.737877,599000,8101.2
600,1000,183.1747,18,0.36,,0,4,5,0.5,1,41,0.3048,755.3,984,0,0.05,0.262969,-27.826868,600000,8115.0
601,1000,206.8318,19,0.38,,0,4,6,0.8292,1,135,0.216,745.8,529,0,0.05,0.283156,-28.073685,601000,8142.9
602,1000,234.2091,22,0.44,,0,3,9,2.1794,1,28,0.1855,842.9,838,0,0.05,0.318339,-27.707857,602000,8156.3
603,1000,382.1372,26,0.52,,0,5,8,1.118,4,81,0.331,796.1,942,0,0.05,0.414975,-27.671394,603000,8169.8
604,1000,253.3145,20,0.4,,0,3,7,1.4142,2,229,0.3525,953.4,774,0,0.05,0.328902,-27.740208,604000,8183.4
605,1000,253.4306,21,0.42,,0,4,7,1.299,2,149,0.3018,1061.0,860,0,0.05,0.377393,-27.013838,605000,8196.7
606,1000,268.4354,22,0.44,,0,3,9,2.1794,2,8,0.258,725.9,787,0,0.05,0.317879,-27.314789,606000,8210.0
607,1000,168.5961,17,0.34,,0,3,5,0.8292,1,311,0.3585,1020.0,676,0,0.05,0.474887,-27.413378,607000,8223.2
608,1000,253.3153,20,0.4,,0,4,6,0.7071,2,313,0.4293,959.2,727,0,0.05,0.301095,-27.283325,608000,8236.4
609,1000,257.5426,20,0.4,,0,2,8,2.1213,2,36,0.4447,936.3,862,0,0.05,0.307794,-27.614822,609000,8250.6
610,1000,282.0811,20,0.4,,0,4,6,0.7071,3,144,0.2757,835.0,761,0,0.05,0.394103,-27.443745,610000,8263.8
611,1000,236.5325,19,0.38,,0,4,6,0.8292,2,85,0.2825,966.6,697,0,0.05,0.644108,-27.512152,611000,8277.3
612,1000,218.7947,21,0.42,,0,4,8,1.6394,1,183,0.3678,778.2,835,0,0.05,0.399044,-27.133003,612000,8289.8
613,1000,248.8346,20,0.4,,0,4,6,0.7071,2,106,0.3053,988.3,818,0,0.05,0.319287,-27.284149,613000,8302.4
614,1000,275.4424,22,0.44,,0,5,6,0.5,2,82,0.2737,846.9,753,0,0.05,0.297346,-27.366392,614000,8315.3
615,1000,247.2065,22,0.44,,0,3,10,2.6926,1,63,0.3435,975.6,883,0,0.05,0.436213,-27.495335,615000,8328.7
616,1000,322.5879,24,0.48,,0,3,11,3.0,3,75,0.2228,779.4,961,0,0.05,0.59821,-27.226843,616000,8341.7
617,1000,184.3404,18,0.36,,0,4,5,0.5,1,118,0.164,799.7,700,0,0.05,1.156993,-27.038502,617000,8354.8
618,1000,232.6418,21,0.42,,0,4,7,1.0897,1,149,0.3633,987.3,849,0,0.05,0.387586,-27.402969,618000,8367.9
619,1000,153.4403,14,0.28,,0,1,6,1.8028,1,188,0.4348,716.2,770,0,0.05,0.455579,-27.324986,619000,8381.5
620,1000,224.0605,20,0.4,,0,2,10,3.0822,1,57,0.3573,799.4,879,0,0.05,0.368131,-26.564432,620000,8394.4
621,1000,258.3794,21,0.42,,0,4,7,1.0897,2,28,0.2057,699.8,857,0,0.05,0.311416,-27.767719,621000,8407.5
622,1000,191.112,17,0.34,,0,3,5,0.8292,1,54,0.2762,1001.6,753,0,0.05,0.289588,-26.971312,622000,8420.8
623,1000,284.8163,24,0.48,,0,5,8,1.2247,2,76,0.348,860.7,925,0,0.05,0.258992,-26.875217,623000,8434.1
624,1000,241.2056,19,0.38,,0,4,5,0.433,2,59,0.1703,706.3,324,0,0.05,0.326039,-27.237917,624000,8447.5
625,1000,198.2667,19,0.38,,0,4,6,0.8292,1,2,0.213,776.1,944,0,0.05,0.326986,-27.137102,625000,8460.9
626,1000,299.8212,22,0.44,,0,3,9,2.1794,3,58,0.2515,771.1,841,0,0.05,0.359584,-26.817211,626000,8474.1
627,1000,235.4752,19,0.38,,0,2,8,2.1651,2,227,0.4355,774.6,998,0,0.05,0.385284,-26.552723,627000,8487.5
628,1000,227.6232,21,0.42,,0,4,8,1.6394,1,57,0.3967,802.3,774,0,0.05,0.398585,-26.907375,628000,8501.5
629,1000,266.7457,19,0.38,,0,3,6,1.0897,3,183,0.283,969.7,814,0,0.05,0.630415,-27.568375,629000,8514.7
630,1000,206.641,19,0.38,,0,4,6,0.8292,1,180,0.288,757.8,595,0,0.05,0.380452,-27.199373,630000,8528.3
631,1000,233.609,18,0.36,,0,3,5,0.866,2,130,0.2582,959.4,639,0,0.05,0.249947,-27.404083,631000,8541.6
632,1000,236.5484,19,0.38,,0,4,6,0.8292,2,188,0.317,917.9,963,0,0.05,0.232553,-27.102137,632000,8555.3
633,1000,246.1739,22,0.44,,0,2,10,2.8723,1,127,0.3922,991.3,921,0,0.05,0.401593,-27.896362,633000,8568.7
634,1000,197.6849,18,0.36,,0,4,6,0.866,1,256,0.3593,1008.3,745,0,0.05,0.405446,-27.517792,634000,8582.3
635,1000,336.715,25,0.5,,0,4,10,2.2776,3,60,0.266,927.0,992,0,0.05,0.335778,-26.799936,635000,8595.3
636,1000,191.7189,18,0.36,,0,4,5,0.5,1,6,0.195,719.4,480,0,0.05,0.171272,-27.313316,636000,8608.3
637,1000,150.2471,17,0.34,,0,3,5,0.8292,0,279,0.4017,989.6,905,0,0.05,0.326113,-26.876709,637000,8621.4
638,1000,257.1989,20,0.4,,0,3,6,1.2247,2,10,0.3013,860.0,983,0,0.05,0.363962,-27.07509,638000,8634.8
639,1000,390.3189,27,0.54,,0,5,8,1.299,4,108,0.3508,891.2,989,0,0.05,0.745833,-27.567852,639000,8647.9
640,1000,194.9285,18,0.36,,0,4,6,0.866,1,64,0.2525,962.2,810,0,0.05,0.268915,-26.811184,640000,8661.2
641,1000,148.3252,17,0.34,,0,3,5,0.8292,0,254,0.4537,959.3,759,0,0.05,0.37742,-27.20315,641000,8674.0
642,1000,255.3067,20,0.4,,0,4,6,0.7071,2,67,0.2635,907.5,773,0,0.05,0.32556,-26.818689,642000,8686.9
643,1000,198.8652,19,0.38,,0,4,6,0.8292,1,310,0.2795,884.7,439,0,0.05,0.253749,-27.184023,643000,8700.6
644,1000,231.7141,20,0.4,,0,5,5,0.0,1,33,0.4373,1068.5,673,0,0.05,0.188615,-27.205317,644000,8714.1
645,1000,313.5322,22,0.44,,0,4,7,1.118,3,213,0.3995,1008.5,992,0,0.05,0.347169,-26.632805,645000,8727.2
646,1000,247.3674,19,0.38,,0,4,5,0.433,2,158,0.4442,1034.7,611,0,0.05,0.36645,-27.231667,646000,8740.3
647,1000,251.0477,20,0.4,,0,3,7,1.5811,2,92,0.2878,775.4,953,0,0.05,0.309917,-26.515476,647000,8753.9
648,1000,206.7785,18,0.36,,0,2,7,1.8028,1,151,0.3382,999.5,856,0,0.05,0.415672,-27.435057,648000,8767.1
649,1000,206.3562,20,0.4,,0,4,7,1.2247,1,71,0.3078,853.7,779,0,0.05,0.42825,-27.65564,649000,8780.4
650,1000,221.3698,17,0.34,,0,3,5,0.8292,2,146,0.3292,765.6,800,0,0.05,0.320352,-27.204319,650000,8793.8
651,1000,332.4327,22,0.44,,0,5,7,0.866,4,43,0.3575,760.8,970,0,0.05,0.427889,-27.167507,651000,8821.6
652,1000,255.4234,20,0.4,,0,4,6,0.7071,2,4,0.2223,784.7,994,0,0.05,0.680781,-27.588253,652000,8834.3
653,1000,285.6166,20,0.4,,0,3,7,1.4142,3,93,0.442,834.7,956,0,0.05,0.422512,-27.220238,653000,8847.8
654,1000,183.2902,17,0.34,,0,2,5,1.299,1,91,0.3427,738.4,988,0,0.05,0.287908,-27.654648,654000,8861.3
655,1000,312.5184,23,0.46,,0,4,8,1.479,3,143,0.2888,814.5,956,0,0.05,0.645998,-28.201939,655000,8874.5
656,1000,150.8057,18,0.36,,0,4,5,0.5,0,3,0.233,709.9,513,0,0.05,0.288137,-27.421362,656000,8888.4
657,1000,258.7763,23,0.46,,0,4,10,2.4875,1,27,0.2715,779.8,866,0,0.05,0.442673,-27.616362,657000,8901.8
658,1000,190.5688,18,0.36,,0,4,6,0.866,1,108,0.2152,850.0,926,0,0.05,0.311357,-26.898794,658000,8915.4
659,1000,179.5054,20,0.4,,0,5,5,0.0,0,71,0.329,765.4,556,0,0.05,0.507375,-27.692177,659000,8929.4
660,1000,271.8748,23,0.46,,0,4,8,1.7854,2,108,0.3352,749.2,983,0,0.05,0.367999,-27.028496,660000,8943.4
661,1000,269.596,19,0.38,,0,3,6,1.0897,3,124,0.1755,737.5,987,0,0.05,0.306714,-27.566242,661000,8956.9
662,1000,291.096,24,0.48,,0,4,9,1.8708,2,6,0.2868,913.9,962,0,0.05,0.307421,-27.363201,662000,8970.1
663,1000,198.2647,19,0.38,,0,3,7,1.479,1,8,0.1615,992.8,993,0,0.05,0.261765,-27.351551,663000,8983.0
664,1000,316.1492,24,0.48,,0,4,8,1.5811,3,76,0.284,915.5,980,0,0.05,0.488325,-27.247593,664000,8995.2
665,1000,235.2808,19,0.38,,0,3,7,1.479,2,171,0.2697,730.7,858,0,0.05,0.398831,-27.919292,665000,9008.0
666,1000,277.1064,20,0.4,,0,3,6,1.2247,3,101,0.2988,822.7,919,0,0.05,0.245298,-28.018002,666000,9021.7
667,1000,264.7136,21,0.42,,0,4,7,1.0897,2,106,0.2642,803.9,940,0,0.05,0.304214,-27.90118,667000,9034.9
668,1000,262.6141,21,0.42,,0,3,9,2.2776,2,135,0.488,845.6,908,0,0.05,0.274486,-27.874599,668000,9048.5
669,1000,384.7257,29,0.58,,0,4,10,2.7726,3,94,0.3043,935.2,810,0,0.05,0.385039,-27.236752,669000,9061.8
670,1000,239.8852,19,0.38,,0,3,6,1.0897,2,169,0.318,887.0,913,0,0.05,0.2698,-27.28809,670000,9075.8
671,1000,215.7481,20,0.4,,0,4,7,1.2247,1,85,0.3635,818.8,896,0,0.05,0.485039,-27.756989,671000,9088.9
672,1000,241.3085,20,0.4,,0,5,5,0.0,2,56,0.2667,777.5,599,0,0.05,0.279181,-26.589264,672000,9101.9
673,1000,241.4548,23,0.46,,0,4,10,2.4875,1,49,0.302,776.5,872,0,0.05,0.285994,-27.279587,673000,9115.4
674,1000,278.3206,21,0.42,,0,5,6,0.433,3,374,0.2662,795.3,966,0,0.05,0.376409,-27.803661,674000,9129.1
675,1000,195.1024,18,0.36,,0,2,8,2.1794,1,42,0.3752,764.4,722,0,0.05,0.314309,-27.310192,675000,9142.3
676,1000,247.9248,22,0.44,,0,3,9,2.1794,2,102,0.299,895.9,904,0,0.05,0.179564,-27.439278,676000,9156.0
677,1000,259.1044,22,0.44,,0,4,9,2.0616,2,38,0.214,747.8,884,0,0.05,0.575014,-27.49826,677000,9168.9
678,1000,221.6166,20,0.4,,0,5,5,0.0,1,476,0.4965,975.9,864,0,0.05,0.321015,-27.239429,678000,9182.6
679,1000,200.9411,19,0.38,,0,3,7,1.479,1,103,0.2587,777.4,757,0,0.05,0.349504,-27.185829,679000,9195.9
680,1000,302.8335,22,0.44,,0,5,7,0.866,3,175,0.4178,1038.0,726,0,0.05,0.317555,-27.820827,680000,9209.3
681,1000,166.0428,17,0.34,,0,3,5,0.8292,1,74,0.3565,1035.3,808,0,0.05,0.221265,-27.490879,681000,9222.8
682,1000,247.5104,19,0.38,,0,4,5,0.433,2,156,0.3132,833.8,398,0,0.05,0.283425,-26.907694,682000,9236.0
683,1000,198.4433,20,0.4,,0,3,8,1.8708,1,44,0.4278,757.1,764,0,0.05,0.178913,-27.468367,683000,9249.0
684,1000,153.4528,14,0.28,,0,1,5,1.5,1,29,0.3867,969.6,415,0,0.05,0.271302,-27.100796,684000,9262.4
685,1000,229.5943,18,0.36,,0,3,6,1.118,2,200,0.275,972.9,955,0,0.05,0.340027,-26.910625,685000,9275.6
686,1000,374.3451,27,0.54,,0,5,8,1.0897,4,128,0.412,942.0,872,0,0.05,0.242789,-28.274605,686000,9289.0
687,1000,121.6949,18,0.36,,0,4,5,0.5,0,26,0.1698,727.4,331,0,0.05,0.259573,-27.003773,687000,9302.2
688,1000,263.0875,21,0.42,,0,3,7,1.479,2,84,0.306,941.6,958,0,0.05,0.295807,-27.173149,688000,9315.3
689,1000,174.4511,18,0.36,,0,4,5,0.5,1,72,0.3695,767.3,317,0,0.05,0.494619,-27.610188,689000,9328.7
690,1000,248.7431,20,0.4,,0,2,9,2.5495,2,69,0.3335,802.0,957,0,0.05,0.397887,-27.69796,690000,9342.2
691,1000,257.0109,20,0.4,,0,3,7,1.4142,2,122,0.4165,901.1,1000,0,0.05,0.216237,-27.319344,691000,9355.7
692,1000,194.311,19,0.38,,0,4,5,0.433,1,74,0.2008,686.7,471,0,0.05,0.304067,-27.350389,692000,9369.1
693,1000,254.6669,22,0.44,,0,3,9,2.2913,2,0,0.2928,768.4,988,0,0.05,0.212701,-27.805534,693000,9382.3
694,1000,169.4163,17,0.34,,0,3,5,0.8292,1,98,0.1212,829.2,356,0,0.05,0.264644,-27.327145,694000,9395.5
695,1000,286.2749,21,0.42,,0,3,7,1.479,3,4,0.1575,693.1,1000,0,0.05,0.299232,-27.918575,695000,9408.9
696,1000,290.5272,21,0.42,,0,4,6,0.8292,3,130,0.3245,935.9,919,0,0.05,0.321997,-27.45652,696000,9422.2
697,1000,296.5331,22,0.44,,0,5,7,0.866,3,321,0.3678,973.1,963,0,0.05,0.168364,-27.354429,697000,9435.7
698,1000,181.06,17,0.34,,0,4,5,0.433,1,29,0.2162,971.3,967,0,0.05,0.284674,-27.666279,698000,9449.3
699,1000,253.0571,21,0.42,,0,4,7,1.0897,2,104,0.254,988.2,947,0,0.05,0.276386,-27.47916,699000,9463.1
700,1000,136.3215,17,0.34,,0,4,5,0.433,0,241,0.3762,708.1,930,0,0.05,0.378343,-27.973305,700000,9476.1
701,1000,290.2436,21,0.42,,0,3,7,1.479,3,18,0.2625,886.3,957,0,0.05,0.169158,-27.363029,701000,9504.8
702,1000,217.9387,20,0.4,,0,4,6,0.7071,1,27,0.2442,883.9,914,0,0.05,0.223348,-27.450565,702000,9518.0
703,1000,120.8313,15,0.3,,0,2,5,1.0897,0,8,0.1537,755.3,424,0,0.05,0.239597,-27.924772,703000,9531.4
704,1000,241.6878,19,0.38,,0,3,6,1.299,2,20,0.2357,843.2,999,0,0.05,0.3046,-27.510849,704000,9544.7
705,1000,139.9599,17,0.34,,0,3,5,0.8292,0,131,0.4703,916.3,975,0,0.05,0.285149,-27.636459,705000,9558.4
706,1000,204.6122,19,0.38,,0,3,7,1.479,1,179,0.4485,991.0,903,0,0.05,0.511266,-27.480928,706000,9571.4
707,1000,141.3327,16,0.32,,0,3,5,0.7071,0,170,0.4688,932.4,797,0,0.05,0.26838,-28.059454,707000,9584.9
708,1000,314.683,23,0.46,,0,3,10,2.681,3,6,0.163,821.4,1000,0,0.05,0.308852,-27.37376,708000,9599.0
709,1000,167.4534,18,0.36,,0,3,5,0.866,0,41,0.447,866.5,818,0,0.05,0.348128,-28.565517,709000,9612.4
710,1000,162.0564,18,0.36,,0,4,5,0.5,0,517,0.5823,1073.5,991,0,0.05,0.394015,-27.924036,710000,9626.4
711,1000,165.7384,19,0.38,,0,4,5,0.433,0,85,0.3123,927.4,349,0,0.05,0.311129,-27.87586,711000,9639.7
712,1000,221.7801,21,0.42,,0,4,8,1.6394,1,152,0.353,886.9,756,0,0.05,0.300665,-27.889299,712000,9652.9
713,1000,216.2918,20,0.4,,0,3,8,1.8708,1,37,0.2985,910.0,951,0,0.05,0.42675,-28.697651,713000,9666.6
714,1000,101.7089,15,0.3,,0,3,4,0.433,0,8,0.1615,682.5,423,0,0.05,0.289099,-27.939222,714000,9679.1
715,1000,358.8322,25,0.5,,0,5,9,1.6394,4,87,0.3875,785.7,982,0,0.05,0.221478,-28.045185,715000,9692.2
716,1000,149.8279,13,0.26,,0,1,5,1.7854,1,183,0.4978,816.6,308,0,0.05,0.948634,-28.148647,716000,9705.4
717,1000,243.71,23,0.46,,0,4,10,2.4875,1,0,0.312,883.3,899,0,0.05,0.303167,-28.758011,717000,9718.9
718,1000,288.9779,20,0.4,,0,3,7,1.4142,3,35,0.2032,737.9,848,0,0.05,0.213341,-28.043226,718000,9732.1
719,1000,108.3938,15,0.3,,0,3,4,0.433,0,8,0.2903,858.5,462,0,0.05,0.577019,-28.595644,719000,9745.5
720,1000,187.7221,17,0.34,,0,2,6,1.479,1,113,0.3498,981.8,756,0,0.05,0.27044,-27.788805,720000,9759.2
721,1000,248.6873,20,0.4,,0,4,6,0.7071,2,88,0.3748,960.7,810,0,0.05,0.252246,-27.531986,721000,9772.5
722,1000,150.128,16,0.32,,0,3,5,0.7071,1,0,0.1343,624.8,927,0,0.05,0.179603,-28.051504,722000,9785.9
723,1000,152.468,15,0.3,,0,2,5,1.299,1,0,0.1258,752.5,282,0,0.05,0.480272,-27.9678,723000,9799.3
724,1000,208.412,21,0.42,,0,4,8,1.6394,1,24,0.273,736.5,785,0,0.05,0.586796,-28.802883,724000,9812.5
725,1000,193.0567,18,0.36,,0,2,6,1.5,1,40,0.095,744.5,845,0,0.05,0.374432,-28.552998,725000,9826.2
726,1000,261.6763,21,0.42,,0,5,6,0.433,2,96,0.3078,821.2,751,0,0.05,0.250049,-27.569878,726000,9839.5
727,1000,235.4576,19,0.38,,0,4,6,0.8292,2,12,0.2265,688.2,587,0,0.05,0.216098,-27.807545,727000,9853.3
728,1000,223.3795,22,0.44,,0,4,9,2.0616,1,150,0.2908,774.4,979,0,0.05,0.185397,-27.462173,728000,9867.2
729,1000,273.0937,23,0.46,,0,4,9,1.9203,2,19,0.33,696.7,861,0,0.05,0.29539,-28.29961,729000,9881.4
730,1000,160.1494,16,0.32,,0,3,5,0.7071,1,21,0.2288,746.6,731,0,0.05,0.289384,-28.030151,730000,9895.1
731,1000,216.7769,21,0.42,,0,4,7,1.0897,1,5,0.1845,778.5,832,0,0.05,0.196691,-27.11639,731000,9909.1
732,1000,229.3077,19,0.38,,0,3,6,1.0897,2,64,0.221,670.3,667,0,0.05,0.430785,-28.217367,732000,9922.3
733,1000,206.2135,20,0.4,,0,4,6,0.7071,1,0,0.1333,609.7,780,0,0.05,0.511591,-27.537445,733000,9935.8
734,1000,212.0604,18,0.36,,0,4,5,0.5,2,158,0.3108,1049.7,332,0,0.05,0.661775,-28.121159,734000,9949.0
735,1000,200.1866,19,0.38,,0,4,6,0.8292,1,6,0.2092,873.0,855,0,0.05,0.312841,-26.716648,735000,9962.3
736,1000,131.9761,17,0.34,,0,4,5,0.433,0,36,0.0963,844.1,334,0,0.05,0.295911,-27.898159,736000,9975.8
737,1000,273.1974,22,0.44,,0,3,8,2.0616,2,139,0.3812,807.6,805,0,0.05,0.257436,-28.247139,737000,9989.4
738,1000,292.368,23,0.46,,0,4,10,2.4875,3,0,0.2415,646.0,679,0,0.05,0.24432,-27.660969,738000,10002.8
739,1000,243.6467,19,0.38,,0,3,6,1.0897,2,16,0.235,859.9,930,0,0.05,0.302716,-27.985016,739000,10016.0
740,1000,281.4209,24,0.48,,0,3,8,2.1213,2,83,0.3645,1018.6,953,0,0.05,0.44186,-27.324371,740000,10029.9
741,1000,241.2607,20,0.4,,0,5,5,0.0,2,0,0.0825,761.9,298,0,0.05,0.206005,-27.823162,741000,10044.1
742,1000,236.7462,18,0.36,,0,3,5,0.866,2,6,0.2288,748.5,561,0,0.05,0.295433,-27.942846,742000,10057.8
743,1000,199.1991,19,0.38,,0,4,6,0.8292,1,9,0.1638,902.5,767,0,0.05,0.347861,-27.871321,743000,10071.8
744,1000,162.3679,15,0.3,,0,2,5,1.299,1,293,0.292,904.9,258,0,0.05,0.233832,-27.215714,744000,10085.9
745,1000,242.091,19,0.38,,0,3,6,1.0897,2,54,0.203,878.2,638,0,0.05,0.284144,-27.346949,745000,10099.7
746,1000,246.8796,21,0.42,,0,3,8,1.7854,2,127,0.33,809.9,921,0,0.05,1.495042,-28.346449,746000,10113.7
747,1000,227.6945,18,0.36,,0,4,5,0.5,2,0,0.0698,635.3,297,0,0.05,0.448107,-27.64402,747000,10126.7
748,1000,156.8747,17,0.34,,0,3,6,1.0897,1,39,0.156,767.1,986,0,0.05,0.270504,-27.538118,748000,10140.3
749,1000,257.4662,22,0.44,,0,3,8,2.0616,2,5,0.1862,757.1,766,0,0.05,0.267914,-27.101768,749000,10153.8
750,1000,170.2077,16,0.32,,0,2,5,1.2247,1,61,0.2818,974.8,675,0,0.05,0.315455,-27.956207,750000,10167.7
751,1000,185.7354,18,0.36,,0,3,6,1.118,1,382,0.5098,926.8,977,0,0.05,0.37621,-26.920246,751000,10196.3
752,1000,218.4963,17,0.34,,0,3,5,0.8292,2,18,0.306,910.9,821,0,0.05,0.356827,-27.306684,752000,10209.7
753,1000,185.3202,18,0.36,,0,4,5,0.5,1,13,0.1495,778.9,199,0,0.05,0.136514,-26.996666,753000,10223.5
754,1000,193.5335,18,0.36,,0,3,6,1.118,1,2,0.1943,882.4,968,0,0.05,0.229341,-27.253265,754000,10236.9
755,1000,213.4973,20,0.4,,0,4,7,1.2247,1,0,0.281,701.0,757,0,0.05,0.3354,-27.87215,755000,10250.2
756,1000,190.9832,19,0.38,,0,2,7,1.7854,1,12,0.1737,692.0,518,0,0.05,0.204792,-27.125084,756000,10263.7
757,1000,203.6262,20,0.4,,0,4,8,1.7321,1,22,0.1613,714.0,947,0,0.05,0.236836,-27.678864,757000,10277.4
758,1000,201.7371,17,0.34,,0,3,5,0.8292,2,6,0.1963,875.3,460,0,0.05,0.255736,-27.482452,758000,10290.6
759,1000,310.0461,23,0.46,,0,4,8,1.479,3,54,0.236,899.2,933,0,0.05,0.224396,-27.693542,759000,10304.1
760,1000,223.9658,18,0.36,,0,2,7,1.8028,2,0,0.0897,662.4,925,0,0.05,0.291263,-27.406643,760000,10317.4
761,1000,327.433,24,0.48,,0,4,8,1.5811,3,24,0.3095,801.7,888,0,0.05,0.263092,-26.996151,761000,10330.9
762,1000,315.4649,26,0.52,,0,3,9,2.5981,2,64,0.3648,884.9,999,0,0.05,0.158866,-27.185341,762000,10344.9
763,1000,195.7642,19,0.38,,0,4,6,0.8292,1,16,0.181,780.1,995,0,0.05,0.239824,-26.679953,763000,10358.4
764,1000,196.8584,19,0.38,,0,4,5,0.433,1,12,0.289,881.7,474,0,0.05,0.371153,-27.135477,764000,10373.4
765,1000,232.3366,19,0.38,,0,4,5,0.433,2,174,0.2685,863.4,349,0,0.05,0.244731,-27.821878,765000,10387.6
766,1000,232.9378,19,0.38,,0,4,5,0.433,2,1,0.2983,741.6,339,0,0.05,0.328678,-27.065357,766000,10400.7
767,1000,197.3879,18,0.36,,0,4,5,0.5,1,0,0.0803,739.8,358,0,0.05,0.2966,-26.927244,767000,10414.5
768,1000,258.5021,22,0.44,,0,2,9,2.5,2,57,0.2095,752.8,978,0,0.05,0.163438,-27.351707,768000,10428.4
769,1000,288.6207,20,0.4,,0,3,6,1.2247,3,91,0.202,822.3,718,0,0.05,0.329828,-26.673492,769000,10442.6
770,1000,270.7091,21,0.42,,0,3,8,1.7854,2,15,0.2757,787.6,705,0,0.05,0.472231,-27.334408,770000,10456.3
771,1000,282.6753,20,0.4,,0,3,6,1.2247,3,31,0.3095,877.6,896,0,0.05,0.43999,-27.386684,771000,10469.6
772,1000,227.1797,18,0.36,,0,4,5,0.5,2,19,0.251,800.1,426,0,0.05,0.318453,-27.019806,772000,10483.4
773,1000,206.7082,20,0.4,,0,3,9,2.3452,1,62,0.1568,807.9,907,0,0.05,0.42197,-26.838995,773000,10497.1
774,1000,167.92,16,0.32,,0,3,5,0.7071,1,144,0.2425,874.6,323,0,0.05,0.36436,-27.589306,774000,10510.8
775,1000,267.9454,19,0.38,,0,4,5,0.433,3,52,0.3212,921.8,431,0,0.05,0.267745,-26.618011,775000,10524.4
776,1000,266.4325,22,0.44,,0,4,8,1.5,2,37,0.2492,739.4,744,0,0.05,0.179508,-26.978409,776000,10537.9
777,1000,329.0634,24,0.48,,0,4,8,1.5811,3,42,0.336,811.0,968,0,0.05,0.21399,-27.16573,777000,10550.9
778,1000,330.3448,25,0.5,,0,4,8,1.479,3,148,0.3297,765.1,916,0,0.05,0.345399,-26.609282,778000,10564.2
779,1000,274.0498,23,0.46,,0,4,8,1.479,2,160,0.2948,866.3,819,0,0.05,0.190769,-26.874289,779000,10577.6
780,1000,176.5227,18,0.36,,0,3,7,1.5,1,84,0.262,783.5,596,0,0.05,0.36382,-26.852682,780000,10592.2
781,1000,248.8245,20,0.4,,0,3,8,2.1213,2,39,0.2597,778.8,965,0,0.05,0.384553,-26.352295,781000,10606.3
782,1000,216.9127,19,0.38,,0,3,6,1.0897,1,64,0.4258,939.5,867,0,0.05,0.59923,-27.510864,782000,10619.7
783,1000,300.2851,22,0.44,,0,4,7,1.118,3,112,0.418,1039.7,905,0,0.05,0.238779,-27.14699,783000,10633.4
784,1000,252.2876,22,0.44,,0,4,8,1.6583,2,33,0.2615,889.5,1000,0,0.05,0.206487,-27.334574,784000,10647.2
785,1000,268.8426,21,0.42,,0,3,7,1.479,2,12,0.285,860.1,863,0,0.05,0.277777,-26.895126,785000,10661.2
786,1000,229.9894,18,0.36,,0,3,6,1.118,2,2,0.33,828.5,929,0,0.05,0.216475,-27.429459,786000,10674.7
787,1000,280.654,23,0.46,,0,3,10,2.586,2,0,0.2107,817.9,807,0,0.05,0.445448,-26.134525,787000,10688.7
788,1000,176.2659,17,0.34,,0,3,5,0.8292,1,22,0.2655,716.3,240,0,0.05,0.234786,-27.056538,788000,10702.3
789,1000,216.3758,20,0.4,,0,5,5,0.0,1,122,0.266,713.8,533,0,0.05,0.206193,-26.608814,789000,10715.3
790,1000,195.9049,20,0.4,,0,4,6,0.7071,1,58,0.223,743.1,615,0,0.05,0.338191,-27.338528,790000,10728.8
791,1000,338.1112,25,0.5,,0,4,10,2.2776,3,378,0.254,919.8,907,0,0.05,0.244769,-26.373497,791000,10742.2
792,1000,232.5563,20,0.4,,0,3,8,1.8708,2,10,0.2298,763.9,785,0,0.05,0.253247,-26.760628,792000,10755.8
793,1000,93.1046,13,0.26,,0,2,4,0.8292,0,41,0.271,795.3,185,0,0.05,0.190023,-26.842899,793000,10769.0
794,1000,184.067,17,0.34,,0,3,5,0.8292,1,3,0.276,749.2,307,0,0.05,0.172602,-27.095259,794000,10782.3
795,1000,199.3055,18,0.36,,0,3,6,1.118,2,0,0.1925,649.3,824,0,0.05,0.158848,-27.098812,795000,10795.2
796,1000,226.2425,20,0.4,,0,4,7,1.2247,2,22,0.1547,779.0,842,0,0.05,0.179873,-27.379704,796000,10808.5
797,1000,236.4707,19,0.38,,0,3,6,1.0897,2,111,0.27,792.5,980,0,0.05,0.351446,-26.528696,797000,10821.7
798,1000,263.427,19,0.38,,0,3,6,1.0897,3,0,0.2062,717.7,644,0,0.05,0.206406,-26.472458,798000,10835.0
799,1000,341.1704,23,0.46,,0,5,7,0.8292,4,71,0.2052,794.8,862,0,0.05,0.379536,-26.659401,799000,10848.4
800,1000,192.429,17,0.34,,0,2,7,1.9203,1,77,0.3775,928.6,908,0,0.05,0.303271,-26.511082,800000,10861.7
